trade_date,0,1
2015/1/2,-15.776760341435338,4.915455343299771
2015/1/5,-16.496330377146677,5.167977430328908
2015/1/6,-16.548550841997567,5.513747025588073
2015/1/7,-13.489590189889253,4.621325994481739
2015/1/8,-10.824680736383756,4.108397127523036
2015/1/9,-12.405968421429314,4.2814007576318085
2015/1/12,-12.34954477251462,4.684851573211998
2015/1/13,-12.651008139441908,4.593530979545968
2015/1/14,-14.53931371520327,3.9272399618417486
2015/1/15,-14.10647882309261,4.122206062361096
2015/1/16,-13.454534098729393,3.7363058712242334
2015/1/20,-13.379901314026727,3.450064832294107
2015/1/21,-13.699537668440843,3.4183978803975426
2015/1/22,-11.371371657798488,2.993335320179468
2015/1/23,-12.30808343990699,3.26949196752988
2015/1/26,-12.473147101308752,3.2864424811545825
2015/1/27,-15.884494104045036,4.001086828035643
2015/1/28,-17.6080082629669,4.385809024077351
2015/1/29,-16.546687855327352,4.394768324935835
2015/1/30,-20.267580346165072,5.062456591594903
2015/2/2,-18.231867436509592,8.283727268813873
2015/2/3,-17.056062423260375,8.008921617594472
2015/2/4,-16.6544835711117,7.900893972171732
2015/2/5,-15.69418866420628,8.024428101440362
2015/2/6,-16.269343701884406,8.040583098488678
2015/2/9,-17.898000723245218,8.131140055999676
2015/2/10,-15.766147165133724,7.195718307730141
2015/2/11,-15.238074717175746,5.948244790893
2015/2/12,-15.402824362388412,5.986449002839888
2015/2/13,-16.04177002499455,6.5244576785600925
2015/2/17,-16.52230140303992,6.9316856413493415
2015/2/18,-15.452707669128083,6.612790234559984
2015/2/19,-18.15877420652531,6.199936655532411
2015/2/20,-17.686807915392027,6.226144657021727
2015/2/23,-17.033219283737544,6.162320473482627
2015/2/24,-16.905189473321308,6.026867896964909
2015/2/25,-17.653746823040777,5.886276771332489
2015/2/26,-17.801359592697413,6.002499056629683
2015/2/27,-17.682896079241846,5.840333796710115
2015/3/2,-17.268055843905483,7.834428277407815
2015/3/3,-18.097826143957857,8.045048656458427
2015/3/4,-19.591741974880872,8.446298323799132
2015/3/5,-18.82451896810939,8.736349879665276
2015/3/6,-21.158478212922557,9.18195003936408
2015/3/9,-20.787769256089007,9.348153230522994
2015/3/10,-22.98602977525494,10.040334100384143
2015/3/11,-24.421824663050366,10.280624592778736
2015/3/12,-22.252791044160432,9.487103708586714
2015/3/13,-23.07033140126554,10.277255354439125
2015/3/16,-20.615991555899186,10.006758158428239
2015/3/17,-22.019544048952792,10.379934083861897
2015/3/18,-21.34316630279713,10.143334831844067
2015/3/19,-22.537401398517545,10.329102038159087
2015/3/20,-19.992154462617908,9.993036975608595
2015/3/23,-19.660012437559182,9.791173623710385
2015/3/24,-20.380324847140088,9.741050200138812
2015/3/25,-22.336269733803135,9.641107005602011
2015/3/26,-22.28407455845133,9.582482504711106
2015/3/27,-22.453780383127445,9.411981679377245
2015/3/30,-21.124212039935582,9.288124185378793
2015/3/31,-22.139476350237565,9.595937100799592
2015/4/1,-23.6021788274031,5.61873570094986
2015/4/2,-23.267777537326054,5.358322100867743
2015/4/6,-22.352117646932225,4.946562857349556
2015/4/7,-23.187487489139492,4.990022821384439
2015/4/8,-22.701607354309154,5.22118855615896
2015/4/9,-22.608293175642114,5.002022881703665
2015/4/10,-22.56135026385525,5.0947741185031346
2015/4/13,-23.07030275500011,5.375317026439944
2015/4/14,-22.676693995312462,4.975868134363465
2015/4/15,-22.959051356122423,4.858988397397197
2015/4/16,-23.362006206421828,4.786992293838417
2015/4/17,-25.14679560646102,4.850895415596763
2015/4/20,-24.440807765297837,4.508870199698214
2015/4/21,-24.26362374968721,4.3374546292789855
2015/4/22,-23.71186230984612,4.0498131607052725
2015/4/23,-25.115388061495416,4.907985333750518
2015/4/24,-24.884388183223194,5.306234496380001
2015/4/27,-25.730809739715284,5.519407404279715
2015/4/28,-26.053495449845542,5.5071532097890525
2015/4/29,-27.256011688042125,5.339627499982421
2015/4/30,-27.005372017577383,5.010412707854719
2015/5/1,-25.28410836601099,10.862707170706551
2015/5/4,-24.680666391286408,10.790923421020738
2015/5/5,-25.806960751702675,10.86795060554194
2015/5/6,-25.932251595850442,10.78336179883155
2015/5/7,-25.923633108549332,10.987425485435864
2015/5/8,-24.519224780532888,10.412110755797208
2015/5/11,-25.29302972295513,10.402196101617513
2015/5/12,-24.978283563807818,10.693750402417788
2015/5/13,-25.53615598542358,10.33625077185426
2015/5/14,-23.928329374115343,9.645979425544255
2015/5/15,-23.205208274606353,9.662198285402
2015/5/18,-23.0109204331132,9.914228686102142
2015/5/19,-25.387295725497257,9.279361535780932
2015/5/20,-26.05456864938354,9.267738906961064
2015/5/21,-26.174931562499896,9.557969363277918
2015/5/22,-27.012751817986867,9.917668469672332
2015/5/26,-28.352111206072816,9.968488601993649
2015/5/27,-27.744506163233687,9.73575785604503
2015/5/28,-27.722093509515545,9.355136559098266
2015/5/29,-28.933198949854404,9.53853428997807
2015/6/1,-29.07126559688588,4.877075684656037
2015/6/2,-29.342982917112653,4.776963474252151
2015/6/3,-29.422171933978767,5.216339614064484
2015/6/4,-30.689355546886194,5.650163687548001
2015/6/5,-32.36318017431126,6.028981549224215
2015/6/8,-32.59633994380104,6.028779156641803
2015/6/9,-31.91645081643207,5.931911454479182
2015/6/10,-30.959599565279337,5.733683741870099
2015/6/11,-30.878704539049572,5.613859046855186
2015/6/12,-31.697927484862483,5.687886510703956
2015/6/15,-32.97713386675416,6.1536195769434325
2015/6/16,-31.691556041025738,5.733387792503444
2015/6/17,-30.64254782969264,5.569617784948287
2015/6/18,-29.504123418274155,5.015908304894231
2015/6/19,-30.01271084235454,5.191271284061687
2015/6/22,-29.701746644080654,4.845096487510893
2015/6/23,-30.235516738007384,4.804253701762226
2015/6/24,-30.677595164698683,4.946418569391012
2015/6/25,-31.31713574068158,5.091427785781276
2015/6/26,-31.13552538060627,5.110246208417903
2015/6/29,-32.78042983275661,5.642330809875634
2015/6/30,-33.32948272939034,5.7455097891040685
2015/7/1,-31.15972106441992,6.430675707483211
2015/7/2,-30.995526141618075,6.374628525365565
2015/7/6,-30.58993925693671,6.645925802359036
2015/7/7,-27.834445244370798,5.83708615154891
2015/7/8,-29.127948617016532,6.125076088487907
2015/7/9,-29.938650129310105,6.497945751364263
2015/7/10,-29.077963580904694,6.019318904286166
2015/7/13,-27.26778451113334,5.384432133692517
2015/7/14,-27.239320319246264,5.274351924545616
2015/7/15,-27.613347932068972,5.610701164269265
2015/7/16,-27.130710494400926,5.311214196926376
2015/7/17,-27.541694059427723,5.338236505375296
2015/7/20,-27.525395166282447,5.007227161659431
2015/7/21,-28.271843472463676,5.136882170318499
2015/7/22,-28.364824722232434,5.16041303182642
2015/7/23,-29.017883434108978,5.178267289991244
2015/7/24,-30.225221537197854,5.396839893291394
2015/7/27,-30.755791444133177,5.551314198058935
2015/7/28,-29.922288355852874,5.498425494882579
2015/7/29,-29.427909905708784,5.339799154960856
2015/7/30,-31.259869100032752,5.169087494614156
2015/7/31,-31.836734527003838,5.093092865940898
2015/8/3,-31.299444260946284,4.82559439603527
2015/8/4,-31.339566281518152,4.576449259968312
2015/8/5,-29.93416598065323,4.128568241938223
2015/8/6,-30.481658853242543,4.0578177115868455
2015/8/7,-31.717829096608543,3.808393725736854
2015/8/10,-31.06661243588735,3.915842398964672
2015/8/11,-31.073978065113653,4.262493396263666
2015/8/12,-30.661455371937706,4.563218901190753
2015/8/13,-31.16747004743667,4.3078659695600745
2015/8/14,-30.867540570585128,4.117652276080536
2015/8/17,-30.9568844540363,3.7131383477621336
2015/8/18,-32.88621480536552,3.2745816898883495
2015/8/19,-34.470528371732385,3.547355852693561
2015/8/20,-35.14500513557584,4.025916030200998
2015/8/21,-38.46077360076013,4.6265151908022
2015/8/24,-43.783883816818005,6.304681539394948
2015/8/25,-45.757140279546526,7.1958284678846995
2015/8/26,-41.86668026331803,6.153472315408449
2015/8/27,-40.14862294760429,5.778444891770321
2015/8/28,-41.09015514892628,5.527206705432933
2015/8/31,-41.81121172619646,5.769326849522712
2015/9/1,-43.534037389926915,12.3362116436691
2015/9/2,-42.446919952552655,12.312776291949325
2015/9/3,-41.8529705019683,12.110432900051036
2015/9/4,-43.766967180650724,12.590196295359945
2015/9/8,-40.71160306867805,12.37364431595427
2015/9/9,-43.147876967467504,12.920999127648889
2015/9/10,-43.80888978203162,12.583320161774498
2015/9/11,-43.18058824435278,12.518816247155367
2015/9/14,-43.82081573834213,12.628712687430871
2015/9/15,-42.59448577719371,12.195732155777462
2015/9/16,-41.468949713751925,11.665506357743876
2015/9/17,-41.38585651461543,11.431266273462485
2015/9/18,-42.508152078960954,11.44910544574262
2015/9/21,-41.54047985995899,11.198302316106352
2015/9/22,-42.50998385538201,11.86299293904594
2015/9/23,-42.37201023682755,11.885807036055866
2015/9/24,-41.603259240404775,11.811919522494597
2015/9/25,-40.415622757072974,11.276768095392896
2015/9/28,-41.446602820488195,11.691336159048221
2015/9/29,-40.81687188834351,11.443838942923138
2015/9/30,-39.6920996753361,10.951675969827978
2015/10/1,-40.96407104144834,5.377605353948531
2015/10/2,-40.01626426307137,5.236829775980968
2015/10/5,-38.17834407452308,4.536104344728328
2015/10/6,-37.66873520196856,3.955237834114846
2015/10/7,-36.337980969438604,3.3010338840357574
2015/10/8,-35.35506864490051,3.103166936348905
2015/10/9,-35.21976629664857,2.8343338808764527
2015/10/12,-35.2850115918737,3.0289323640430927
2015/10/13,-36.10963505402728,3.6216408159064692
2015/10/14,-40.81009424237849,2.4933573380040586
2015/10/15,-40.88763085013698,1.939913055396857
2015/10/16,-40.20937356150515,1.2146648292852233
2015/10/19,-39.88621266295272,1.0098271404964059
2015/10/20,-40.29540942750063,0.8418382456671599
2015/10/21,-40.86433904945448,0.824849918536523
2015/10/22,-38.64156554330166,-0.6263825751316846
2015/10/23,-38.149156184692984,-0.2509223798089245
2015/10/26,-38.0548474640714,-0.2840881920458918
2015/10/27,-38.36192090872801,-0.5819800126587624
2015/10/28,-38.76634260202081,-0.5224731204092236
2015/10/29,-38.2274724149815,-0.48363026238025697
2015/10/30,-39.3911571338185,-0.257374428132904
2015/11/2,-39.384385524641765,-0.1410837224641983
2015/11/3,-39.004436308285285,0.21023059519148948
2015/11/4,-38.97117336445447,0.4471314131360086
2015/11/5,-39.1509305098249,0.3767374835205111
2015/11/6,-39.9216637993649,0.877539404980177
2015/11/9,-40.623297720544635,1.3032899890511134
2015/11/10,-40.281234371882896,1.3147565354557134
2015/11/11,-40.637128710849886,0.7644865794314005
2015/11/12,-42.3082079821251,1.1905634840375798
2015/11/13,-43.229325638918205,1.2619314195963542
2015/11/16,-40.764460766780495,0.7602854588488073
2015/11/17,-39.840688798171435,1.5592597344258814
2015/11/18,-37.9954937040939,0.9798774842780861
2015/11/19,-37.59734708367734,0.4275406707045475
2015/11/20,-38.68490124573508,0.8435544823977302
2015/11/23,-38.089709459351766,0.4080203703848707
2015/11/24,-38.10226249100456,0.34968119486164617
2015/11/25,-38.25038943103556,0.4502254748858703
2015/11/27,-38.521634686081185,0.32325842665823545
2015/11/30,-40.0317105702658,0.487331032406403
2015/12/1,-38.771895221318644,1.1535502425466342
2015/12/2,-39.987663262041266,1.761473509811951
2015/12/3,-39.746479743373534,2.15323907648676
2015/12/4,-37.20373782941824,1.2477289062207269
2015/12/7,-36.50309919893794,1.6316230535849205
2015/12/8,-37.69704534386358,1.7086058986904216
2015/12/9,-38.53926706697313,2.172104716829437
2015/12/10,-38.28313181969698,2.3358759259418185
2015/12/11,-38.96124173187707,2.92941317433779
2015/12/14,-37.87714928212762,3.0261761919894736
2015/12/15,-36.9163795482463,2.1191813224898963
2015/12/16,-34.91399749862135,1.3339262615997325
2015/12/17,-36.62787493466939,1.5366016536826876
2015/12/18,-39.035162661496244,2.7265527264549383
2015/12/21,-37.753420054807314,2.4969974373416526
2015/12/22,-36.14644361870726,2.0502675692276497
2015/12/23,-35.18690946848984,1.6919692342910166
2015/12/24,-35.49505294871518,1.7158374852360838
2015/12/28,-35.421340673113825,1.655807602495854
2015/12/29,-34.22989169837625,1.4373397648130486
2015/12/30,-34.490354455,1.6122574758907986
2015/12/31,-35.71885844233979,2.2277893494440475
2016/1/4,-36.9001326040058,1.6590052604092649
2016/1/5,-35.452676051899424,1.6104777099490455
2016/1/6,-35.46369225841863,1.754532422091687
2016/1/7,-35.73633113480544,3.0632383061757555
2016/1/8,-37.604122297898925,2.9161619759878703
2016/1/11,-36.63778327691109,2.954054201972417
2016/1/12,-37.00168366586616,2.604089625557599
2016/1/13,-39.04721731856624,2.8194053278839726
2016/1/14,-38.393567807151726,3.355164573024564
2016/1/15,-40.67742274244347,4.033150498975238
2016/1/19,-38.42034600843904,3.2856475501177127
2016/1/20,-41.023661740667805,3.954604399592412
2016/1/21,-39.50813045777742,3.8761994417440717
2016/1/22,-37.926149451545434,3.2611144218213557
2016/1/25,-37.645578337079435,3.32420216600031
2016/1/26,-36.00807750432668,3.3568185873210745
2016/1/27,-36.210577930112,3.5139387814654235
2016/1/28,-34.74729069431421,2.7999836178849966
2016/1/29,-31.394683700855367,2.3680087863059804
2016/2/1,-30.80787948020027,4.812445536933946
2016/2/2,-32.16729491286947,5.1710426993032454
2016/2/3,-31.823015327942855,4.7842390733569555
2016/2/4,-32.54036904415578,5.445079744219798
2016/2/5,-31.90191531529276,5.633235634679841
2016/2/8,-31.059328777165796,5.520379711242478
2016/2/9,-31.394225461435617,4.7917024372377455
2016/2/10,-32.34969765823415,5.247280932962648
2016/2/11,-33.96745284914996,5.45075344785847
2016/2/12,-32.00343938268743,4.760210095426764
2016/2/16,-31.849043314919165,4.6064598145861
2016/2/17,-30.728648519351164,4.224138341770938
2016/2/18,-32.309671591391236,3.7519985151941873
2016/2/19,-32.0481417120028,3.8257682154937087
2016/2/22,-31.05037756490734,3.8534196671949803
2016/2/23,-30.82004759928781,4.223541348027796
2016/2/24,-30.440025396705206,4.218013255441206
2016/2/25,-28.917523527681332,3.9174805416372065
2016/2/26,-31.768776585605895,4.879213411286167
2016/2/29,-32.57611828495994,5.059936864403339
2016/3/1,-31.310112221213114,4.994264410775708
2016/3/2,-31.05431726594195,5.312769114480744
2016/3/3,-30.55997924787186,4.887248330723536
2016/3/4,-29.377576448523904,4.6209359847330465
2016/3/7,-29.174019816350945,5.186995618952125
2016/3/8,-28.849361515147166,4.912166669403517
2016/3/9,-29.002655185444947,4.470327608256986
2016/3/10,-29.173049149263388,4.04869127179724
2016/3/11,-29.411019288151003,3.7527658494932936
2016/3/14,-29.88354813917661,4.039508684503483
2016/3/15,-29.0959356751553,3.977922219985851
2016/3/16,-29.30581138904832,4.1537893275967965
2016/3/17,-28.35193218075027,3.440794541715899
2016/3/18,-28.735892606612726,3.662789473645816
2016/3/21,-27.828073364678183,3.7387901708005025
2016/3/22,-28.57422394238852,4.087874200519095
2016/3/23,-28.79609501073358,4.003192998641994
2016/3/24,-28.430871681864314,4.1376977653943605
2016/3/28,-28.348238224572448,3.9576800049251544
2016/3/29,-28.06620400051833,3.588874567646732
2016/3/30,-27.02838255015846,3.1181512160485316
2016/3/31,-27.560117728011125,3.1886482960514093
2016/4/1,-25.83696952185433,2.8839934524149387
2016/4/4,-25.96661680586487,2.8458596659544977
2016/4/5,-26.65833223029005,3.1728159351731438
2016/4/6,-25.64517209568554,2.8602118617539607
2016/4/7,-26.702846547883624,2.915416798606947
2016/4/8,-26.14143936032683,2.082834110700592
2016/4/11,-27.240348021902335,2.400571513467439
2016/4/12,-25.942234055970083,2.349809883614122
2016/4/13,-26.318860279194656,2.9227053034416683
2016/4/14,-27.248536980790366,3.323306561611707
2016/4/15,-26.615026872196573,3.039476880576528
2016/4/18,-25.778022382590255,3.2064036325177545
2016/4/19,-25.285525727903764,2.834587152813373
2016/4/20,-27.697010145209276,4.102497293847697
2016/4/21,-29.327822817552864,4.769340385923493
2016/4/22,-28.550261370592466,4.143850718745847
2016/4/25,-27.406496617442386,3.8956279429841096
2016/4/26,-28.678661753051166,3.9309615610584356
2016/4/27,-28.37552722587967,3.9133359609235607
2016/4/28,-28.65603936306651,3.6696627861410227
2016/4/29,-29.83155562834795,3.240925799611152
2016/5/2,-29.15826199518454,-1.9075147773392112
2016/5/3,-29.44685241303812,-2.0390008677852713
2016/5/4,-28.821302460180387,-2.2266003530450384
2016/5/5,-28.8864864395584,-2.3404208834031066
2016/5/6,-27.356178223555784,-2.5108358923188576
2016/5/9,-26.754597583742452,-2.495282661124199
2016/5/10,-26.049204837267407,-3.2279605308514743
2016/5/11,-28.258482061364713,-3.249353693975044
2016/5/12,-27.607304685790822,-3.422997538826992
2016/5/13,-30.457484029218453,-2.853767068998213
2016/5/16,-29.486440405243616,-2.67711594808117
2016/5/17,-31.537956313421358,-1.8734870460078983
2016/5/18,-33.962866112800974,-1.5592682289304958
2016/5/19,-29.476167827192086,-0.5027722421443205
2016/5/20,-29.691817341228855,0.2706230920542332
2016/5/23,-29.69587850960559,0.05804046943863708
2016/5/24,-28.423599714588633,-0.17550316036617047
2016/5/25,-27.9706385632259,-0.11205228753647309
2016/5/26,-27.482063719257322,-0.49502175540063853
2016/5/27,-27.39613434943032,-0.5579560580314255
2016/5/31,-27.955929742441292,-0.16461070438772787
2016/6/1,-27.38398209873756,0.8202735415430258
2016/6/2,-26.798845612512398,0.716866939364202
2016/6/3,-26.296670027607234,0.39711763848220566
2016/6/6,-25.895291704757785,0.27862216199943385
2016/6/7,-26.25900841875804,0.3653668003358024
2016/6/8,-25.57959158673925,0.05605520317330929
2016/6/9,-25.186004671120486,-0.2332767165336719
2016/6/10,-25.26084981412064,-0.12775895089498765
2016/6/13,-26.235226611044226,0.07535324728887834
2016/6/14,-25.443368710092216,0.13243201476078434
2016/6/15,-25.715914421624053,0.32455854929860906
2016/6/16,-24.87397851394613,-0.14675681868221488
2016/6/17,-25.517124178385874,0.11111088811882662
2016/6/20,-25.46216669445538,0.10389612382363939
2016/6/21,-24.685105680332484,-0.16969299943151206
2016/6/22,-24.572568004650254,0.11815443408846203
2016/6/23,-23.64658374361853,-0.16174208581390714
2016/6/24,-26.028426290742104,1.148789585812875
2016/6/27,-26.875778536089797,0.9933853388307978
2016/6/28,-26.126674713521847,0.9288414398366917
2016/6/29,-24.20855881806333,0.6609359092032983
2016/6/30,-22.084956244719237,-0.7023678725558072
2016/7/1,-21.86417610485628,3.3929216060654013
2016/7/5,-20.892001189262256,3.045308881722269
2016/7/6,-20.892092021982773,3.4304717609164874
2016/7/7,-20.545826012727613,2.7121617923799217
2016/7/8,-19.435667486569702,2.380915394188727
2016/7/11,-19.000272978500572,2.0858282909400745
2016/7/12,-19.590334774464356,1.981614379939186
2016/7/13,-18.77217251874147,1.5113635824724299
2016/7/14,-18.71271105728633,1.5174467186590321
2016/7/15,-18.78995518033601,1.6671646839074281
2016/7/18,-18.913024335196344,1.8989136420207269
2016/7/19,-18.762465491907484,1.729321584737496
2016/7/20,-19.429652653133907,2.0284703370785353
2016/7/21,-19.80095526096057,2.1414837989858975
2016/7/22,-19.216563733531252,1.789141339572129
2016/7/25,-19.136293940773655,1.9775731306389566
2016/7/26,-19.87751955850779,2.5068094203586
2016/7/27,-21.085714916448524,3.117256517683223
2016/7/28,-20.635404725851284,2.7563606806844314
2016/7/29,-20.040932827619127,2.384314745847517
2016/8/1,-19.122382274190194,1.8764252893459565
2016/8/2,-19.450405945867303,1.8341451857342226
2016/8/3,-20.307444443292614,2.041965818960112
2016/8/4,-19.8667543926349,1.980710931063065
2016/8/5,-19.60493518733774,1.9617397942623094
2016/8/8,-20.13149053704569,2.121913289838644
2016/8/9,-19.801445818916008,2.0990480545397796
2016/8/10,-19.092841692036295,1.9121739441377197
2016/8/11,-19.089460227647336,2.012717344950275
2016/8/12,-18.77517194830416,1.9172377242624812
2016/8/15,-19.096862458202786,1.6897265209623642
2016/8/16,-19.993752001693817,2.021531385070544
2016/8/17,-19.524319850389112,1.7712529367245722
2016/8/18,-18.395369219215116,2.1325068828441927
2016/8/19,-19.55310215294106,1.932680786161619
2016/8/22,-19.998014757005127,2.036422009504704
2016/8/23,-20.20843254970467,1.919623642423982
2016/8/24,-19.98258527847844,1.864449758332831
2016/8/25,-20.45770295109255,1.8394317253419028
2016/8/26,-20.916334637518542,2.0985449851036226
2016/8/29,-20.075593734495097,1.8755305721601312
2016/8/30,-20.934970289047566,2.2593994859838973
2016/8/31,-21.153767318636984,2.430948901890886
2016/9/1,-19.334996303867293,2.9994009077800983
2016/9/2,-19.345651072585138,2.585431830542021
2016/9/6,-18.720125024151578,2.6426312598768913
2016/9/7,-20.073923698067873,2.7903528418610777
2016/9/8,-20.47030008120775,2.889172602357571
2016/9/9,-23.75197548971758,4.16405050145334
2016/9/12,-20.54818453380656,3.4316868677482
2016/9/13,-22.268650888985896,4.17782534073677
2016/9/14,-22.07042294479989,4.028154766076928
2016/9/15,-20.664146902929787,3.980364259863167
2016/9/16,-20.45893623664285,4.221125973056518
2016/9/19,-20.64705120664715,3.9161027572475584
2016/9/20,-20.312818078717225,3.5537780305553643
2016/9/21,-20.22470481183502,3.1453771815527407
2016/9/22,-19.15402921409434,2.780775144022312
2016/9/23,-20.0247538952866,3.0247469665015005
2016/9/26,-20.68082208649245,3.2094137087142416
2016/9/27,-19.65119162308338,3.016499049328254
2016/9/28,-19.493852108295293,3.119228000387794
2016/9/29,-20.76143980126625,2.7275059571412785
2016/9/30,-18.48717312134711,2.5271407746824157
2016/10/3,-19.230758276793473,4.314016353399633
2016/10/4,-20.099652503738344,4.81712744904462
2016/10/5,-20.345014096123137,5.315788609110297
2016/10/6,-21.55610015462835,4.728216728816349
2016/10/7,-21.740841272068387,4.805645479849184
2016/10/10,-22.664152486350304,4.526277964688421
2016/10/11,-23.661441041153147,4.733034396090346
2016/10/12,-23.350847051115878,4.455021166883687
2016/10/13,-23.082572717049896,4.670982525984884
2016/10/14,-22.442567113474407,4.338413137786013
2016/10/17,-22.937408929475886,4.280803915787731
2016/10/18,-22.624948361941712,4.249851205395683
2016/10/19,-23.97863532815076,4.46977501637687
2016/10/20,-24.61347734813742,4.622460795195005
2016/10/21,-25.304675165551274,4.581417874196377
2016/10/24,-24.079078705616226,3.86780146505042
2016/10/25,-22.378934654540924,4.049283534403439
2016/10/26,-22.05887282946065,4.209032324538505
2016/10/27,-22.58241767937779,4.508775581942416
2016/10/28,-22.124756286039336,4.323379552280148
2016/10/31,-22.052391561841883,4.223785997886997
2016/11/1,-23.05761380414319,1.2933641612826665
2016/11/2,-23.024900321957688,1.337609890836668
2016/11/3,-23.017705948624833,1.4089430560712917
2016/11/4,-24.587309425765714,1.718529162102237
2016/11/7,-22.74900332798995,1.1733436056705453
2016/11/8,-21.429756707984286,0.3081656816359751
2016/11/9,-22.099058762601363,1.3306909967471656
2016/11/10,-25.446623422995962,3.4252376059445515
2016/11/11,-25.221856909105576,3.4194748128095225
2016/11/14,-26.81536973548115,4.020062143844056
2016/11/15,-25.60267860995179,3.947264144943029
2016/11/16,-25.94585188269129,4.036521809049977
2016/11/17,-27.569775465905725,3.677846670844532
2016/11/18,-28.774236622532097,3.705605866085788
2016/11/21,-27.387803131704906,3.34614872665707
2016/11/22,-26.53528706166034,3.2134073189347254
2016/11/23,-26.70899643788872,4.025785528714253
2016/11/25,-25.675073339672235,3.7365427682221757
2016/11/28,-25.63152050113031,3.3774532813271763
2016/11/29,-25.78308111059322,3.6797347016422
2016/11/30,-27.80624179939361,4.786396188800653
2016/12/1,-29.028469080680683,0.04627511982152461
2016/12/2,-27.882793190453242,-0.6460003286450872
2016/12/5,-28.11584997307518,-0.9280151745277005
2016/12/6,-27.51758990422312,-1.2108155068454118
2016/12/7,-26.01534765922741,-1.87421180811499
2016/12/8,-26.894984170567035,-1.5717536263591312
2016/12/9,-25.85853557575388,-2.5007504777577245
2016/12/12,-23.858827570348307,-2.647614664590203
2016/12/13,-23.36475585008675,-2.9895992532332074
2016/12/14,-24.695912356731604,-2.442866724698831
2016/12/15,-24.3037498454159,-2.945413659483909
2016/12/16,-24.105733800003353,-3.271305953632389
2016/12/19,-23.8849765882635,-2.927633302769473
2016/12/20,-24.021078572559002,-2.654826549233155
2016/12/21,-24.676842535581745,-2.6658307877916414
2016/12/22,-25.41817515513741,-3.268335289680671
2016/12/23,-25.282257909489804,-3.15706442753917
2016/12/27,-25.35797774154844,-3.1596314988000804
2016/12/28,-26.16725778541086,-2.9685023332103584
2016/12/29,-25.861022722892315,-3.1900547232889367
2016/12/30,-26.279444281829978,-3.0288052822469806
2017/1/3,-26.46045095573478,-3.3253823647685916
2017/1/4,-25.947968881869436,-3.2846599637442915
2017/1/5,-25.578812868698495,-3.1986582774195074
2017/1/6,-26.310165664706766,-3.316609246789998
2017/1/9,-26.878357818543883,-2.64628571704245
2017/1/10,-28.392610502315513,-2.0323627775033053
2017/1/11,-28.108825432650114,-1.894851876415881
2017/1/12,-28.438287251855805,-1.987978791274663
2017/1/13,-29.048440830337498,-1.9980561733289912
2017/1/17,-27.177227680313266,-2.0779297211187235
2017/1/18,-27.30235321414487,-2.414205884597468
2017/1/19,-27.946875408178187,-2.3085843751626602
2017/1/20,-26.295522348856,-2.734842561635927
2017/1/23,-26.590288405250195,-3.2313752899507633
2017/1/24,-25.217247778773977,-3.4904076429715025
2017/1/25,-25.980028620127456,-3.6312532425544024
2017/1/26,-26.64172027040359,-3.389685135874423
2017/1/27,-27.628086978519207,-3.2030832583478777
2017/1/30,-27.00927991668154,-3.127734574452001
2017/1/31,-26.251381107964324,-3.124700448973057
2017/2/1,-26.839769232395437,-0.8846764865540175
2017/2/2,-25.821176763920892,-1.2704176740077275
2017/2/3,-25.67467895692417,-1.8436856984398537
2017/2/6,-25.979202826482748,-1.627500851244702
2017/2/7,-24.814999557342063,-2.0654804992949423
2017/2/8,-23.95861105632628,-1.9409620778580094
2017/2/9,-22.862237508242938,-1.596454094751106
2017/2/10,-23.997926070207175,-1.7082937040813975
2017/2/13,-23.791251315856467,-1.9434383052695643
2017/2/14,-23.275009783839447,-1.940041603247028
2017/2/15,-21.50522726951289,-1.7034505354362008
2017/2/16,-20.887117044595787,-2.507176688706344
2017/2/17,-20.360114246885075,-2.4192817503952933
2017/2/21,-18.065832354622305,-2.592402472457218
2017/2/22,-17.98145251000083,-2.6100058574975336
2017/2/23,-18.36709549507641,-2.7744768638832924
2017/2/24,-17.536821892983102,-2.727377194194382
2017/2/27,-18.32431504804243,-2.5808352878543905
2017/2/28,-18.265839808844206,-3.308069911203773
2017/3/1,-18.683071081393294,-4.718463185602301
2017/3/2,-18.6975222204662,-4.939089446979623
2017/3/3,-19.232450951961233,-5.301804890598025
2017/3/6,-19.8416854594105,-4.83914812110794
2017/3/7,-20.047915858328338,-4.654170523379853
2017/3/8,-20.189040061568416,-4.6645619800216025
2017/3/9,-20.151484761142832,-4.5308376224871845
2017/3/10,-19.301484460599546,-4.781615661551793
2017/3/13,-19.37415533437898,-4.651512369170389
2017/3/14,-19.0601299222651,-4.464287237914987
2017/3/15,-18.150625504712572,-5.309234465811859
2017/3/16,-18.196603493200858,-5.383722113700646
2017/3/17,-18.736715248369514,-5.560698822725954
2017/3/20,-18.638212404084967,-5.467889939161244
2017/3/21,-18.407833403161614,-5.848391106240349
2017/3/22,-18.18704187256871,-5.866573991654971
2017/3/23,-18.703795328412138,-5.787392472504902
2017/3/24,-18.846306318607596,-5.982592579139976
2017/3/27,-18.960659768446195,-5.899927361630436
2017/3/28,-18.078357683663338,-6.067251469522611
2017/3/29,-17.891635885614548,-5.979052355693122
2017/3/30,-17.625374587187302,-5.763639431499803
2017/3/31,-17.6437288149671,-5.494101695398987
2017/4/3,-17.979577930332987,-5.843142599002123
2017/4/4,-17.60268283043124,-5.970438114990269
2017/4/5,-17.886885680585745,-5.946635638332615
2017/4/6,-18.503322179626046,-5.876986355478828
2017/4/7,-17.589165136689076,-5.591762601284056
2017/4/10,-17.147687966757857,-5.755648002136573
2017/4/11,-16.848243621111166,-5.53357550244655
2017/4/12,-15.712688690089461,-6.4292208436009854
2017/4/13,-16.485958892567552,-6.040099072634967
2017/4/17,-15.744278547764953,-6.321722639098789
2017/4/18,-14.781363863590594,-6.767914813818313
2017/4/19,-15.647707096362508,-6.414558652029203
2017/4/20,-15.329838255711383,-6.230028486136607
2017/4/21,-15.706324745724862,-6.151992635649703
2017/4/24,-14.883993893848281,-6.603593410147702
2017/4/25,-14.532915468138574,-6.416367699101108
2017/4/26,-15.893363877006358,-6.089598731956103
2017/4/27,-16.23713098205033,-5.718777609281668
2017/4/28,-16.326908697482054,-6.107349856613273
2017/5/1,-16.80483234259085,-5.449294760082234
2017/5/2,-17.0753716340222,-5.475034976153569
2017/5/3,-17.016020341599283,-5.177488511229975
2017/5/4,-16.067507278233055,-5.677924245428729
2017/5/5,-15.814697452755501,-5.769040467545519
2017/5/8,-16.02424428455149,-5.895758208496499
2017/5/9,-15.95598976403463,-5.457311537593318
2017/5/10,-15.860590922411923,-5.527753824834335
2017/5/11,-16.333448569948043,-5.768098838059816
2017/5/12,-16.673645164682835,-5.770136645322938
2017/5/15,-15.739399002137583,-6.149542548014619
2017/5/16,-16.647585147756374,-6.349965528782095
2017/5/17,-16.642340742005434,-6.346455629291478
2017/5/18,-15.099267856785755,-5.9802369939230795
2017/5/19,-14.18617987619227,-5.599652275973707
2017/5/22,-13.887624071045655,-6.171359435760284
2017/5/23,-13.828369210493882,-6.401199732654368
2017/5/24,-13.318596609829585,-7.076784810785952
2017/5/25,-12.331212053008292,-7.792075836681928
2017/5/26,-12.072252565084371,-7.97753242571298
2017/5/30,-11.926448151561985,-8.023540955620343
2017/5/31,-11.716587165427876,-7.410180974156862
2017/6/1,-10.39476003740984,-4.772125324183574
2017/6/2,-10.064224744446213,-5.016137763114001
2017/6/5,-9.441156811591544,-5.005730541807548
2017/6/6,-10.394085218635317,-5.181563187957237
2017/6/7,-10.591949019755381,-4.721926895231306
2017/6/8,-11.802916043806434,-4.177975992343832
2017/6/9,-11.251124682852431,-4.143760559497112
2017/6/12,-11.202766531305645,-4.308586347694946
2017/6/13,-11.106962009233097,-4.219660925371029
2017/6/14,-10.151030899239359,-4.6734188465264115
2017/6/15,-10.370574831346534,-4.747839885479877
2017/6/16,-12.862732344941254,-5.318016878474861
2017/6/19,-12.379320081472455,-5.470742600366385
2017/6/20,-12.172462637076068,-5.828747741310115
2017/6/21,-12.095119472984603,-5.357516329297685
2017/6/22,-13.359377599640405,-4.904109829050832
2017/6/23,-13.234788465942614,-5.434104082773061
2017/6/26,-12.729531369782602,-5.426789147599359
2017/6/27,-13.354666514751983,-4.724140317326967
2017/6/28,-12.929855818852083,-4.904501809591166
2017/6/29,-14.675570521105225,-4.400856886125729
2017/6/30,-14.62012713186676,-4.588099527270484
2017/7/3,-14.40860880190637,-3.428717545726678
2017/7/5,-14.529291493118155,-3.3927246014074153
2017/7/6,-14.715100810690304,-3.185130478986205
2017/7/7,-14.489862715387066,-3.3695219325565735
2017/7/10,-16.77558354528522,-3.2454801269322475
2017/7/11,-17.02629143710104,-2.959644999798002
2017/7/12,-16.134581806164775,-3.3695843091731996
2017/7/13,-15.855444260169191,-2.80407498039761
2017/7/14,-14.329375796360136,-3.0102782770886014
2017/7/17,-14.049350402893294,-3.0011042754186454
2017/7/18,-13.521916285471375,-3.0135184687323227
2017/7/19,-13.751416393029668,-3.2799342313547526
2017/7/20,-13.43562384189766,-3.314514837497346
2017/7/21,-12.835670878125013,-3.846310635902339
2017/7/24,-12.809340130898196,-3.442016294563639
2017/7/25,-10.972930309980525,-3.3370409721480705
2017/7/26,-10.249920654378624,-3.7223120310612083
2017/7/27,-8.763887014549137,-3.667589724107084
2017/7/28,-9.335406486970344,-3.322941598855629
2017/7/31,-8.886460230475254,-3.219022035608995
2017/8/1,-9.094878597551048,-6.479358603747075
2017/8/2,-9.253828014980707,-6.3073472214489605
2017/8/3,-8.817224789333604,-6.577530000055534
2017/8/4,-9.179075848659055,-6.646709922560283
2017/8/7,-7.928503579068968,-6.762572336632264
2017/8/8,-7.749871128704207,-6.573819398782114
2017/8/9,-7.57978131546137,-6.518737939995742
2017/8/10,-8.421596463617211,-6.640675302815214
2017/8/11,-8.785239960853216,-6.724373341190239
2017/8/14,-7.809276625921291,-7.305550347398125
2017/8/15,-6.921521093326257,-7.882026293861409
2017/8/16,-6.585480195989396,-7.892688011041003
2017/8/17,-8.011328889773196,-7.748616802974042
2017/8/18,-8.4128681191343,-7.405664520697258
2017/8/21,-7.6339327941751565,-7.610533256845759
2017/8/22,-7.617020701735872,-7.378551352432212
2017/8/23,-8.133701986697355,-7.105336298186644
2017/8/24,-9.811170412307309,-6.916169451641804
2017/8/25,-9.61976270711693,-6.7278572457427295
2017/8/28,-10.20192602544542,-6.6680877272846235
2017/8/29,-9.648786062693018,-6.670600861127225
2017/8/30,-10.36387893693158,-6.407665202577741
2017/8/31,-10.191561301454946,-6.787735342553391
2017/9/1,-9.518009295940296,-4.972277235926971
2017/9/5,-8.4061831700494,-4.735427252810651
2017/9/6,-8.003757362834861,-4.905954495778892
2017/9/7,-7.524701278388669,-5.261398947400034
2017/9/8,-9.283168248539074,-4.642817400924807
2017/9/11,-8.19315566807644,-4.910817375769498
2017/9/12,-8.378061886947904,-4.5697887437477895
2017/9/13,-8.405581043392145,-4.313556240583527
2017/9/14,-8.72296489785253,-4.027683662318333
2017/9/15,-8.111036370213236,-4.214746280616126
2017/9/18,-8.385513539305142,-4.337634376922863
2017/9/19,-8.004986806304844,-4.031068525526335
2017/9/20,-7.981775205860433,-3.473035167413266
2017/9/21,-9.687660729991968,-3.1834287705621165
2017/9/22,-10.641028140859548,-2.891865614347029
2017/9/25,-10.568955532683766,-3.042833140874566
2017/9/26,-10.51365794862962,-2.907772815406616
2017/9/27,-11.994004302448781,-2.4253173232236063
2017/9/28,-11.95282570600147,-2.8057634493133055
2017/9/29,-12.534755214819127,-2.8945542640333555
2017/10/2,-13.377409023112955,-6.54015834277946
2017/10/3,-12.607398124969064,-6.485471590771797
2017/10/4,-12.402618003482822,-6.677374156832168
2017/10/5,-11.92372703710244,-7.131038835333474
2017/10/6,-12.059071604821387,-7.169955897046552
2017/10/9,-11.309741755746996,-6.681133808637253
2017/10/10,-8.752195214958427,-6.461014459015414
2017/10/11,-7.410449733087503,-6.541248154360808
2017/10/12,-6.361893095718141,-6.866108686232263
2017/10/13,-5.423371587620489,-6.825729590625631
2017/10/16,-5.510572741905833,-7.538555508291935
2017/10/17,-6.144384470250213,-6.859694232456925
2017/10/18,-6.113913416918525,-6.673930020495334
2017/10/19,-6.326411621769047,-7.055874189127196
2017/10/20,-7.982098068609502,-6.445093355581275
2017/10/23,-7.6643936215168935,-6.262372639988223
2017/10/24,-8.722946574524359,-5.94761886865385
2017/10/25,-8.756512630282682,-5.514574297268242
2017/10/26,-7.995497646207358,-5.807047192297134
2017/10/27,-8.63591381743646,-5.811287784593152
2017/10/30,-10.336032923079902,-5.598002315476776
2017/10/31,-9.787673691706347,-5.81651491109642
2017/11/1,-8.797629109896052,-2.869079161709416
2017/11/2,-8.450810783021526,-2.7000525857196562
2017/11/3,-7.7273711140617705,-2.6248818137637877
2017/11/6,-9.163840040839938,-2.2728418943020543
2017/11/7,-7.895430710251164,-2.857162323704597
2017/11/8,-5.9766004296981805,-3.326678780522181
2017/11/9,-6.055067835329027,-3.0922038781779326
2017/11/10,-4.836095034621261,-3.6080235458069905
2017/11/13,-3.738376483700597,-4.188661473511237
2017/11/14,-2.9251257346941055,-5.134816227811229
2017/11/15,-4.498597902160062,-4.943748605058037
2017/11/16,2.7899705779786093,-2.9704452113219704
2017/11/17,0.5307092837538904,-2.9508314582795983
2017/11/20,0.5192167846790638,-2.9903231370119854
2017/11/21,0.6439263572621038,-3.758481131732466
2017/11/22,-0.06302765139671336,-3.376817596012824
2017/11/24,0.5059218811049856,-3.708743618439052
2017/11/27,0.7745404363742738,-3.672770053317723
2017/11/28,1.5144058594692884,-4.01964650946211
2017/11/29,2.036923859638166,-3.807528845451093
2017/11/30,2.0474109802792513,-3.7792705557219586
2017/12/1,2.6029739680464408,-3.125708820292331
2017/12/4,3.2850660949151633,-3.527730312813399
2017/12/5,3.8986127362459793,-3.4332538212459855
2017/12/6,4.023630524016684,-4.184217521300664
2017/12/7,2.0247932375992366,-3.173778935816324
2017/12/8,1.900289554710858,-3.0106028766825443
2017/12/11,2.436323715635543,-3.313422009725811
2017/12/12,2.064660577002606,-3.3664515138494777
2017/12/13,3.6086515631963674,-3.463265160271209
2017/12/14,3.355171529850001,-3.71604588783142
2017/12/15,4.378709975341612,-4.266844704625884
2017/12/18,4.379969436463425,-3.518451970317202
2017/12/19,5.144628290642477,-3.6535529556328035
2017/12/20,5.197088157721179,-3.838916130489165
2017/12/21,4.4253678430713155,-3.4998188881160472
2017/12/22,4.933027176527734,-3.6026356285748315
2017/12/26,5.92820366596485,-3.5920220105426486
2017/12/27,5.971634797180141,-3.802318116516387
2017/12/28,6.049069144123611,-3.741680329812253
2017/12/29,5.76099131362392,-4.174615537579522
2018/1/2,4.348110555876224,-1.359793455055905
2018/1/3,4.728743058616436,-1.029276407957372
2018/1/4,5.471011334122641,-1.4198060630705187
2018/1/5,6.053223421226177,-1.4510779264344826
2018/1/8,7.034144046188494,-0.8193287337762146
2018/1/9,5.886491518079616,-1.1862478159277312
2018/1/10,4.791360039635507,-1.0377250154358617
2018/1/11,4.58775679964892,-0.704353381505921
2018/1/12,5.090652302568975,-0.8108316151686216
2018/1/16,5.560324213843068,-1.1406822282860944
2018/1/17,8.086614118917902,-1.3780478066332305
2018/1/18,8.55357721853457,-1.0597143413655867
2018/1/19,9.767314989647916,-1.5461721574215224
2018/1/22,11.419049448698694,-2.0055041563961633
2018/1/23,10.039607968614469,-1.9477968342620204
2018/1/24,9.51884910116208,-2.0278424883879067
2018/1/25,9.986500841500206,-1.7629103080049144
2018/1/26,11.309774085372762,-2.0047648325053142
2018/1/29,10.619656861731658,-0.6504212899251374
2018/1/30,9.491150151448966,-1.0248695230843239
2018/1/31,8.571346138311355,-1.501559092022821
2018/2/1,7.088060644536813,-6.273597536309429
2018/2/2,4.693728599029921,-5.614125070265702
2018/2/5,-2.1194461709932133,-4.215758604512635
2018/2/6,-1.2327465923562833,-3.545480924017372
2018/2/7,-0.24399855044945912,-3.1259893151603393
2018/2/8,-4.693491364835641,-1.8498828582368738
2018/2/9,-4.8595024596065555,-2.4576685437916224
2018/2/12,-3.5259908416231625,-2.931818520280958
2018/2/13,-2.3391965004318878,-2.7978151595496312
2018/2/14,-3.6264596588453704,-1.3070163757480975
2018/2/15,-0.7293347274226553,-1.9574970729242716
2018/2/16,0.49679716666179913,-1.7400927968334428
2018/2/20,-8.288727081973596,-2.909466635959535
2018/2/21,-11.386814300453842,-2.6218716592344067
2018/2/22,-9.63184055805319,-2.9662006229393407
2018/2/23,-9.193892040410407,-3.262914092157503
2018/2/26,-8.167281283390393,-3.7571522036331233
2018/2/27,-9.941321270609375,-3.9791775559191924
2018/2/28,-12.656464334976775,-3.7242431268840064
2018/3/1,-14.033374979660753,-4.985988902089455
2018/3/2,-13.365272425522704,-5.506892901822276
2018/3/5,-11.906409542048266,-5.460069194602523
2018/3/6,-12.618073529916547,-5.728766622236106
2018/3/7,-13.904890398206353,-6.106795830241303
2018/3/8,-12.290718137844248,-7.21329970503606
2018/3/9,-11.32536259179364,-7.3497740809540275
2018/3/12,-11.95294018654104,-7.509255146249292
2018/3/13,-11.504227745990274,-7.860358137255389
2018/3/14,-12.853383579061298,-7.355021064090617
2018/3/15,-13.428162771809305,-7.0917003166525365
2018/3/16,-12.298919275123893,-6.541187351594585
2018/3/19,-14.221837708925554,-6.264053905741033
2018/3/20,-14.287204361345822,-5.9460927877672205
2018/3/21,-15.364700584949153,-5.386086627484223
2018/3/22,-16.801450416524936,-5.191244629969981
2018/3/23,-19.076435414065994,-4.631001282852659
2018/3/26,-17.05030924265798,-4.59608245650061
2018/3/27,-16.88163197929918,-5.254819028243296
2018/3/28,-14.403817583032199,-5.682726500942442
2018/3/29,-13.336976003296279,-5.446818604186429
2018/4/2,-17.34696243744342,-1.5738719156400367
2018/4/3,-15.326479899829426,-1.9902783252401264
2018/4/4,-13.755491756629983,-3.007988239687526
2018/4/5,-13.308354630003196,-3.1190122366637647
2018/4/6,-14.881518799145237,-2.6552160051123046
2018/4/9,-15.289218111445985,-2.7573486209619826
2018/4/10,-15.02858152042922,-2.7682153963270215
2018/4/11,-15.764122823139068,-2.5559020391094087
2018/4/12,-16.518082466022246,-2.513329628931831
2018/4/13,-15.326153355492979,-2.9302613180793586
2018/4/16,-14.32779526706958,-3.101342025735955
2018/4/17,-14.136574748118486,-2.483949920447541
2018/4/18,-15.346579416424836,-1.6120036660001658
2018/4/19,-17.59284729666274,-0.9854300952304349
2018/4/20,-20.257355492440936,0.3291046487678301
2018/4/23,-21.240869865214744,0.016970637627386376
2018/4/24,-21.819678016692734,0.8382172691155038
2018/4/25,-21.690018729982512,1.2588075313664129
2018/4/26,-19.965932546903574,0.39655234120272054
2018/4/27,-20.98327634262266,0.813568634047616
2018/4/30,-20.792548766199058,1.3973842829080183
2018/5/1,-22.64313079620254,1.3108813042942307
2018/5/2,-24.826195815541833,2.05563319606726
2018/5/3,-24.523073079894942,1.9299635590359525
2018/5/4,-22.381064671832743,1.4766117710281086
2018/5/7,-24.39322351356814,1.4544776320465542
2018/5/8,-25.170294369060247,2.2206402034616706
2018/5/9,-26.74985853544971,2.0187099627359717
2018/5/10,-26.04019310145061,1.3706089375390238
2018/5/11,-25.380187236218568,1.453563526220362
2018/5/14,-24.872907529948513,1.800872950440788
2018/5/15,-25.156059537446623,2.0569903221527857
2018/5/16,-23.57952732731168,2.266248432641311
2018/5/17,-24.060527300870536,1.4312477410214315
2018/5/18,-25.11865879409164,1.4610468070557647
2018/5/21,-23.29311144167826,0.6978773198772621
2018/5/22,-23.92476711325481,0.3280235024535359
2018/5/23,-23.845464810173187,-0.010207259232275268
2018/5/24,-24.31130222728416,0.08545508127059435
2018/5/25,-24.20794482388488,-0.05078374619268695
2018/5/29,-24.024852489186816,-0.5011956420561219
2018/5/30,-22.012605032153264,-0.5799233657336663
2018/5/31,-24.75789477451889,-0.21245685873364675
2018/6/1,-24.305315058210994,-0.5770202398538221
2018/6/4,-22.249762865363685,-0.11402274459429337
2018/6/5,-22.917009879016828,-0.21682501553226097
2018/6/6,-22.43819058799701,-0.5862142728203716
2018/6/7,-21.23557663582025,-0.5993250324985672
2018/6/8,-20.207957985737558,-1.394896118272464
2018/6/11,-19.721408475761766,-1.7643072368096053
2018/6/12,-19.443949433760768,-2.4580933769938467
2018/6/13,-19.570017659955035,-2.7801714439464225
2018/6/14,-20.17132568362818,-2.6325803379718486
2018/6/15,-18.320288314456555,-3.853636059925836
2018/6/18,-20.690944566195345,-2.897134484782424
2018/6/19,-19.742294330369305,-3.032014137534462
2018/6/20,-20.114877906184695,-2.8911115908863243
2018/6/21,-18.77405101120881,-3.345204614457273
2018/6/22,-17.29404374917392,-3.7371890849323175
2018/6/25,-15.661080417186794,-3.7659792684977003
2018/6/26,-16.309358179637602,-3.3664629501366026
2018/6/27,-15.796422043783462,-3.2275548429668603
2018/6/28,-16.076321608844008,-3.7077851093010845
2018/6/29,-16.089878896248138,-3.93882801688063
2018/7/2,-16.693050813390172,-2.7226851307261066
2018/7/3,-16.811137094249933,-2.382915240692028
2018/7/5,-15.586670014666808,-2.824777510845965
2018/7/6,-15.569025787539953,-2.8319221663737846
2018/7/9,-16.220167826082957,-1.7369238875545352
2018/7/10,-11.96627265893562,-3.861293368329709
2018/7/11,-12.973675872354137,-3.8143494073230304
2018/7/12,-13.581342605785265,-3.3421421712516657
2018/7/13,-12.030845178738087,-3.632529698135278
2018/7/16,-11.832279756090315,-3.754224933586798
2018/7/17,-10.290389175459918,-4.626757787480272
2018/7/18,-10.583034709818177,-4.604459193865389
2018/7/19,-10.976983768758341,-5.127955606471571
2018/7/20,-10.651179793420019,-5.21623213102592
2018/7/23,-11.774863655815887,-4.493280197708526
2018/7/24,-11.093996340809861,-4.650741363231164
2018/7/25,-10.571316744367065,-5.078713947000704
2018/7/26,-10.070123818679207,-4.937277155372871
2018/7/27,-10.175302117674878,-4.608455742961161
2018/7/30,-9.918719652565013,-4.4359148327850075
2018/7/31,-8.898904336419935,-4.816541241621328
2018/8/1,-10.145170105695597,-2.868851504438411
2018/8/2,-8.584991203937063,-3.1429789714059253
2018/8/3,-7.083384426714164,-3.8046058829637763
2018/8/6,-6.459511335841199,-4.275057227213253
2018/8/7,-7.701831296931359,-2.796713993818998
2018/8/8,-8.02702318471907,-2.3315366562294884
2018/8/9,-9.161416081975839,-2.719120957279074
2018/8/10,-8.732629050734403,-2.0440022402947013
2018/8/13,-9.01297364162708,-2.146444766545437
2018/8/14,-8.264372120739692,-1.9685157644549736
2018/8/15,-7.9640126649062415,-2.2632308449254044
2018/8/16,-1.0697807154095487,-0.952906654022083
2018/8/17,-1.2619564317402654,-1.5282223439788087
2018/8/20,-2.5910219066253783,-1.8749038120187462
2018/8/21,-2.927641558000562,-1.210907831710039
2018/8/22,-4.164987222536854,-0.5701114706655465
2018/8/23,-4.742833791196801,-0.47125853042867927
2018/8/24,-4.744875261091121,-0.591529907553503
2018/8/27,-4.861073529136859,-0.8016012116289044
2018/8/28,-4.362977303977288,0.14153169386157372
2018/8/29,-4.275956585955523,-0.3255021010813629
2018/8/30,-4.087037478832765,-0.09538696879812299
2018/8/31,-4.5303296794950265,-0.07958575683578359
2018/9/4,-5.911059712367667,-4.337762023880968
2018/9/5,-3.7364974908680333,-5.183896072703481
2018/9/6,-4.007905453861741,-5.5162970368577735
2018/9/7,-5.182149440346598,-5.312161759333547
2018/9/10,-3.7914946471819215,-5.5474534850016965
2018/9/11,-4.285756240836692,-5.494154393718032
2018/9/12,-3.874060589819192,-5.876777454741767
2018/9/13,-3.8155132512887793,-6.430598436870278
2018/9/14,-4.2507396391966905,-6.383995585811184
2018/9/17,-3.3387296488939344,-6.77528796297096
2018/9/18,-3.7177636483930905,-5.924297108595166
2018/9/19,-3.934764295053278,-5.875759680180499
2018/9/20,-2.11977779212505,-6.5569799341246044
2018/9/21,-1.8977191090568646,-6.35550559573813
2018/9/24,-4.635432206173512,-5.287129342327944
2018/9/25,-5.333543849494977,-5.055227920732092
2018/9/26,-5.786876175078718,-4.985766958181838
2018/9/27,-6.503474867391097,-4.9328480328512905
2018/9/28,-6.10194956744816,-5.346370279967739
2018/10/1,-5.809591487022649,-3.283167134610182
2018/10/2,-5.735252359738632,-2.2952872511336566
2018/10/3,-7.810401437170602,-1.847568301083027
2018/10/4,-8.736055699480621,-1.4488812204764165
2018/10/5,-9.269174770033555,-1.571531656194492
2018/10/8,-7.3878841502641786,-2.2134537018178877
2018/10/9,-5.908839650566443,-1.6957728379604609
2018/10/10,-7.652529723601977,-1.4430087450585325
2018/10/11,-11.455756035905223,-0.599747502458393
2018/10/12,-10.641592244301448,-0.5270314158833076
2018/10/15,-10.537530766094413,-0.9002782228101988
2018/10/16,-7.860263874987949,-1.4203438478953296
2018/10/17,-6.431471800783586,-1.752704472377774
2018/10/18,-7.803503031888577,-1.6522479391344715
2018/10/19,-2.052159016600002,-2.4467414830978833
2018/10/22,-2.876948768728541,-1.9795294540937052
2018/10/23,-1.7531056002073444,-2.260759786040006
2018/10/24,0.641829177971278,-3.588144620552058
2018/10/25,1.416946946345284,-3.178477711592395
2018/10/26,-0.48917836714618756,-2.035253957174972
2018/10/29,1.422930335820125,-3.089393392789548
2018/10/30,4.254551592633934,-3.248444376843932
2018/10/31,1.933288691013388,-3.1333901656502374
2018/11/1,2.356072370370049,-2.0655302944652374
2018/11/2,2.8808813141994287,-1.826009548262891
2018/11/5,6.200622575115866,-3.092455994696987
2018/11/6,7.0614604616260275,-3.47850381498431
2018/11/7,7.813816669356538,-3.541261324090765
2018/11/8,8.42535359209222,-3.6191799832764953
2018/11/9,10.132644811007037,-4.176151215575812
2018/11/12,8.943228813941193,-4.320425863500739
2018/11/13,8.81523479149373,-4.547817974047929
2018/11/14,7.64171054444109,-4.577897637035389
2018/11/15,6.537406261331948,-5.017912453427075
2018/11/16,5.983302953413464,-6.191148399115777
2018/11/19,5.384004080964456,-6.7766257218916355
2018/11/20,1.5030638838150012,-5.684336749801938
2018/11/21,0.7394106188757064,-5.210690937296312
2018/11/23,1.535317496952539,-5.159490377730536
2018/11/26,1.973047966610204,-5.295655310013391
2018/11/27,2.6426333830097786,-5.682516039252025
2018/11/28,5.383620437209641,-6.2095893477244495
2018/11/29,4.981953972851835,-5.950339703050702
2018/11/30,7.918030507130827,-7.841485464979103
2018/12/3,6.717468180368651,-5.494743214701605
2018/12/4,4.1837965004034405,-5.515126313851169
2018/12/6,3.1737145506167037,-5.227080236167595
2018/12/7,1.0025816254155617,-5.043925259464714
2018/12/10,2.017972813341884,-5.080955951400864
2018/12/11,2.9601429837603295,-5.638886565032827
2018/12/12,2.36292769357048,-5.563774778741699
2018/12/13,4.25871113104341,-6.173011841823529
2018/12/14,1.6748040512844289,-4.38188768741991
2018/12/17,-1.8231024237749047,-3.9827044406711365
2018/12/18,-2.214610421340898,-3.4687118388489586
2018/12/19,-3.8101598247875716,-2.681466638422812
2018/12/20,-6.449182690343613,-3.3319475500371922
2018/12/21,-6.8945240453818855,-3.016432045166901
2018/12/24,-11.46342365423492,-1.4574843808615143
2018/12/26,-5.689998277949773,-1.7472838121399394
2018/12/27,-3.2605783624037916,-2.090313206304913
2018/12/28,-2.996816432668941,-2.347091874654079
2018/12/31,-1.814473862038084,-2.213268041541658
2019/1/2,-1.9965934052267904,4.06335106444257
2019/1/3,-3.1568675126650483,4.479748884602929
2019/1/4,-0.6583643464804402,3.418628808682534
2019/1/7,-0.5929337883987076,4.213151637033167
2019/1/8,0.5597875891604365,3.7428120167635526
2019/1/9,-1.9351956119373404,5.25348669519774
2019/1/10,-1.4244583488146287,4.84533895595641
2019/1/11,-1.1339831984550983,4.7668399720586985
2019/1/14,-1.7916736005569027,5.192401756250746
2019/1/15,0.34701677342677884,4.619437124884509
2019/1/16,-0.29677484550253647,5.081308947790988
2019/1/17,-0.04821741013418485,4.699280189393369
2019/1/18,1.4942637043127547,4.394249614612966
2019/1/22,0.7199330649748323,4.352522141041683
2019/1/23,4.450780392086617,4.240934255944376
2019/1/24,3.313778838686244,4.858741032402794
2019/1/25,1.849535960390614,4.707079467547149
2019/1/28,1.6361568211827286,5.01872146547882
2019/1/29,1.5109939724604022,4.808159565028093
2019/1/30,1.59462013138221,3.531123753732
2019/1/31,4.2258093839082385,2.905624513557143
2019/2/1,2.8609146362593654,-1.3384242790133833
2019/2/4,4.246086864904065,-1.689736234721324
2019/2/5,4.398826729179602,-1.4663379515207333
2019/2/6,4.761856815508232,-1.507710872263446
2019/2/7,5.100237309016332,-1.3836543115996538
2019/2/8,4.615390668967124,-1.5786075385841052
2019/2/11,5.345346191303256,-1.443230492813222
2019/2/12,6.789052081113956,-1.6354285799174901
2019/2/13,7.59642517402574,-1.628297221488644
2019/2/14,6.437080209388778,0.2735284928129935
2019/2/15,8.845225472909064,-0.8279269244465135
2019/2/19,11.171115177188717,-0.23590429426181062
2019/2/20,9.172220763034689,-0.7462012976286464
2019/2/21,9.31878680313557,-1.1495545233701963
2019/2/22,9.915051072240734,-1.239518262746815
2019/2/25,8.898842016461655,-0.9444741483422361
2019/2/26,8.686156597798444,-0.9115977473064902
2019/2/27,7.539073157612326,-0.85877869760913
2019/2/28,8.096404972866376,-0.9279466316116757
2019/3/1,7.357229369423737,-3.3071622479136917
2019/3/4,7.570395323236894,-3.3751867074961366
2019/3/5,7.9634412217584085,-3.194608478634207
2019/3/6,8.073756615361438,-3.457703931759118
2019/3/7,7.046271695844515,-3.3346131829703105
2019/3/8,6.640087885112327,-2.8044517122526114
2019/3/11,8.640016863060158,-3.5557767852584874
2019/3/12,8.807604764301047,-3.5158828875566037
2019/3/13,9.919126004170039,-3.3944377805469697
2019/3/14,8.923196829400304,-2.9249632359679882
2019/3/15,9.717829990611664,-2.8076896327220005
2019/3/18,10.745244646602087,-3.348687722193965
2019/3/19,11.464936933205157,-3.7041446073551283
2019/3/20,10.632975220798395,-4.043382590848351
2019/3/21,11.835184434265427,-4.427883596936057
2019/3/22,11.431160104077744,-5.29795255078626
2019/3/25,11.59234271996366,-5.393513463425643
2019/3/26,12.863821571598816,-6.0124889974513
2019/3/27,11.978847407227043,-6.168781849022961
2019/3/28,12.266479053284053,-6.129829689238022
2019/3/29,13.158360634319028,-6.425768901055759
2019/4/1,12.995357234163611,-5.3971484341805045
2019/4/2,12.302402917817313,-5.3823274801050704
2019/4/3,12.345210277804396,-5.176606410309636
2019/4/4,12.820306468972344,-5.046165015951626
2019/4/5,13.49973909164242,-4.960931166376267
2019/4/8,14.690752399331878,-5.024761622195442
2019/4/9,14.233263421304793,-5.250810694199419
2019/4/10,14.789685625285644,-5.006151271790654
2019/4/11,15.513633290425656,-4.620006508361204
2019/4/12,16.45226785456978,-4.7177807674516705
2019/4/15,18.06925509939229,-5.231786031348432
2019/4/16,18.256083067722376,-4.535123016347225
2019/4/17,20.109832984102635,-6.658182482676007
2019/4/18,20.292600683810214,-6.736520005934601
2019/4/22,19.42808182880029,-6.584765147172277
2019/4/23,18.66463223229072,-7.062598081650712
2019/4/24,19.179805367043954,-6.8144133987631985
2019/4/25,18.58574049723179,-6.440456338762731
2019/4/26,18.845821365477363,-6.969359034122619
2019/4/29,18.398770345208437,-7.176577289530433
2019/4/30,20.888391594748693,-7.642806265693477
2019/5/1,18.12938735812873,-12.06334833546529
2019/5/2,18.143350236322274,-11.843781722893578
2019/5/3,19.469873156325423,-12.106493697960392
2019/5/6,19.303931984712072,-11.80037134837405
2019/5/7,17.351445529610928,-11.360902524584304
2019/5/8,16.878554718127482,-11.521036914129523
2019/5/9,15.855047064377457,-11.59335635453954
2019/5/10,19.40335335800955,-12.151716621837911
2019/5/13,17.69897787717364,-12.126810050473152
2019/5/14,17.86125598384965,-12.351628257126732
2019/5/15,19.091842152546846,-13.391276676906807
2019/5/16,21.304436318711378,-13.577272810174984
2019/5/17,20.6867102924222,-13.69518422572295
2019/5/20,20.8075067584991,-13.242972995132199
2019/5/21,19.559971019709494,-12.869354028444006
2019/5/22,21.069056294467007,-13.377693734884767
2019/5/23,20.81758597971578,-13.45807931169183
2019/5/24,21.10251906696496,-13.026564594359339
2019/5/28,18.811159631885438,-12.184596422040944
2019/5/29,18.633478506169563,-12.36307377657099
2019/5/30,19.584099388609054,-12.67627317240236
2019/5/31,17.429443478486426,-12.608489614119046
2019/6/3,19.223763019360224,-9.442383729596013
2019/6/4,20.17135725317786,-9.337387020912754
2019/6/5,23.683640669703944,-10.143882021752063
2019/6/6,24.843384519354917,-10.415243036019682
2019/6/7,26.929017739131883,-10.867721859599843
2019/6/10,27.937484480796986,-10.606778051273459
2019/6/11,28.423444882102284,-10.311713524821068
2019/6/12,29.201482000076716,-10.184390526175443
2019/6/13,29.638489832718022,-9.944988713131936
2019/6/14,30.018034250199012,-9.806250402770548
2019/6/17,29.822669812075997,-9.583803403518493
2019/6/18,29.14908061513157,-9.271493098481237
2019/6/19,29.98423016812535,-9.729708505760158
2019/6/20,31.83083597819581,-10.274707750993226
2019/6/21,31.980833179902227,-10.016547865585883
2019/6/24,32.81177183892964,-10.133139555989022
2019/6/25,31.952643381047622,-10.067239595678096
2019/6/26,29.73484425548965,-9.412196945373363
2019/6/27,29.446215646052284,-9.129475500890113
2019/6/28,29.380365789514705,-8.764013699990267
2019/7/1,30.31890958759421,-9.478520815478065
2019/7/2,31.82971575166676,-9.60211257563489
2019/7/3,34.47502783503569,-10.094115606591853
2019/7/5,33.30066231004437,-9.76427088875924
2019/7/8,34.10397379398012,-9.349903684206238
2019/7/9,33.17154109651794,-8.883518605934967
2019/7/10,34.89000741090157,-10.089155762344586
2019/7/11,35.88560893646324,-9.913487589653396
2019/7/12,36.24184994873716,-9.300023737855826
2019/7/15,37.15411950696721,-9.59905104112267
2019/7/16,37.08565085244373,-9.473107796357242
2019/7/17,36.56930796425388,-9.057116296712275
2019/7/18,36.39573028129716,-9.056461125435613
2019/7/19,34.320989869044645,-7.812773415130505
2019/7/22,33.81078551042275,-8.053322189616763
2019/7/23,33.028999128088394,-9.295073353356514
2019/7/24,31.542523579240996,-8.52650021407092
2019/7/25,31.616928124826952,-8.18708752108442
2019/7/26,34.3505112527293,-9.251198136968762
2019/7/29,34.66969164873817,-9.441403863777301
2019/7/30,36.53480040532834,-8.775834015158845
2019/7/31,32.7802369262213,-7.705722235405729
2019/8/1,31.592726921207774,-2.4920344363312616
2019/8/2,31.811360965005523,-2.9287651267616517
2019/8/5,25.87846124049912,-1.9990619779037246
2019/8/6,28.497057650032556,-2.75382938518709
2019/8/7,30.504272878739588,-3.365329657468291
2019/8/8,32.59078083036827,-4.124559992547638
2019/8/9,30.967101469917058,-3.9307213591229675
2019/8/12,29.00536246262756,-4.192203630621591
2019/8/13,31.903244772714874,-4.504286820476451
2019/8/14,29.8481212448862,-4.296486901172872
2019/8/15,35.968190628708086,-3.9149537882946777
2019/8/16,37.69070371646853,-4.400234088411945
2019/8/19,39.22870814108877,-4.637540546505638
2019/8/20,36.962588494999366,-4.586659334297813
2019/8/21,37.256064232669075,-4.7659677299883185
2019/8/22,37.48541303242464,-5.027704477667113
2019/8/23,34.45056642605884,-4.046601372690381
2019/8/26,37.95451685125506,-5.5123852469812995
2019/8/27,39.401902230318115,-5.886972170824302
2019/8/28,40.31438592861922,-6.093907503036143
2019/8/29,41.47003417514517,-6.190077062376633
2019/8/30,41.3614230326317,-6.505056233866475
2019/9/3,42.62123975628906,-6.712359050680097
2019/9/4,45.31255128461,-7.276772065338672
2019/9/5,43.300619164769415,-5.7923590442740425
2019/9/6,43.489021106287524,-6.579294917711708
2019/9/9,43.691123268030346,-5.665618262663813
2019/9/10,41.9609740065668,-5.531973022081959
2019/9/11,42.98107815391328,-5.809553312482839
2019/9/12,44.88041110128889,-6.084619308291371
2019/9/13,44.40303007207149,-5.399165965667413
2019/9/16,41.08967953113104,-5.074032086904247
2019/9/17,42.911580306192306,-5.279200537553255
2019/9/18,43.409291747166385,-5.050011663876246
2019/9/19,43.67468278007177,-5.110825832212751
2019/9/20,43.37987243173983,-4.614735230849507
2019/9/23,44.70988900309529,-4.841111726959822
2019/9/24,45.44558366147193,-4.680691651213014
2019/9/25,45.02972347558367,-4.53306625707856
2019/9/26,45.937534515630446,-4.85959492894803
2019/9/27,46.12638110137069,-4.745183586353481
2019/9/30,46.83679584911248,-5.4132248436146435
2019/10/1,45.74377656758732,-9.06955836495329
2019/10/2,41.34954829778265,-7.554726464354647
2019/10/3,43.65426651946145,-9.482853571170033
2019/10/4,47.28256798464016,-10.275343655632799
2019/10/7,45.083615189801,-9.45265860847187
2019/10/8,43.738408639048096,-8.884708275981613
2019/10/9,45.54319393973256,-8.920693218284182
2019/10/10,45.983725849747266,-8.760648759961322
2019/10/11,45.78709735171887,-8.45962354716289
2019/10/14,44.38729239926547,-8.623569765413354
2019/10/15,42.563680048520396,-8.214529456929892
2019/10/16,42.71155067026106,-8.258722447809555
2019/10/17,42.755385101372354,-8.532212640096885
2019/10/18,42.553077014382445,-8.587719850926824
2019/10/21,43.756275188032596,-8.203420887481656
2019/10/22,45.58918828668145,-8.258529272059674
2019/10/23,46.32138869115141,-8.8396197454344
2019/10/24,47.34792413061824,-9.010830703514156
2019/10/25,45.80524646626672,-8.288854845296477
2019/10/28,46.00834540031598,-8.165074937359417
2019/10/29,44.43413115618715,-8.304918171973211
2019/10/30,46.250437626797854,-8.578134512114799
2019/10/31,45.60356341480327,-9.012091844575982
2019/11/1,45.39541634925158,-8.506747507817366
2019/11/4,41.80531101851748,-7.698546373154286
2019/11/5,42.01636581234527,-6.742804084317511
2019/11/6,43.48180579275527,-6.859015012096628
2019/11/7,43.0468914794672,-6.1030752729367395
2019/11/8,42.462074729720634,-6.148725536852691
2019/11/11,41.62091550264308,-5.810256328953211
2019/11/12,41.45083356088861,-5.5782893772572235
2019/11/13,44.1407314309179,-5.936296157583292
2019/11/14,43.87179348442021,-6.083928576895857
2019/11/15,42.890217017101016,-6.657679557552993
2019/11/18,44.74165076249148,-6.545190787381023
2019/11/19,44.4556793542372,-6.87507861070433
2019/11/20,44.08545369960539,-6.658390407432361
2019/11/21,43.52780683321898,-6.593560738092412
2019/11/22,43.23472304570312,-6.784112021799972
2019/11/25,42.97567322212559,-6.806213323049896
2019/11/26,45.02806093271664,-7.707966361556185
2019/11/27,44.548037974447425,-7.91850398460941
2019/11/29,44.848659021020545,-7.6584136101340725
2019/12/2,45.121037680232014,-10.626723918828935
2019/12/3,44.658788914771655,-10.563572510042516
2019/12/4,46.41094023731728,-11.45612329828935
2019/12/5,46.016633795431915,-11.002198813823373
2019/12/6,47.00316125336119,-11.31653742212668
2019/12/9,46.976224380357095,-11.189876546491055
2019/12/10,46.07102109101102,-10.776374283458873
2019/12/11,46.572949069071775,-11.209226560535674
2019/12/12,47.096146658954645,-11.150286948810438
2019/12/13,48.32423000828573,-11.428157174970526
2019/12/16,48.16643716281872,-10.98197716745673
2019/12/17,48.14690978620637,-10.447720314990965
2019/12/18,46.30168697631614,-10.548132117203119
2019/12/19,47.225770135073184,-10.805260083657402
2019/12/20,48.31312704813978,-11.571597846176301
2019/12/23,46.80719319728728,-11.426385457339991
2019/12/24,47.229307178609034,-11.199130018734765
2019/12/26,47.18353936092884,-11.191267861014717
2019/12/27,48.12480384011029,-11.614375491821281
2019/12/30,46.75690205852983,-11.363871910791415
2019/12/31,46.565681339718424,-11.41680859337104
2020/1/2,45.41687507284983,-10.912554659325716
2020/1/3,44.116786726898866,-10.983863472042136
2020/1/6,44.27088759095684,-11.251938188192739
2020/1/7,42.129467445549864,-10.423713617033446
2020/1/8,42.45825626677379,-10.818598461086333
2020/1/9,44.180480142161166,-10.840122651429061
2020/1/10,43.48762045136828,-10.963090631428543
2020/1/13,44.587248592712285,-12.083999951218667
2020/1/14,44.808635526508,-12.140255307010987
2020/1/15,46.00014358384332,-13.509892976750843
2020/1/16,46.67534445301153,-13.599777323173598
2020/1/17,46.94973918254492,-14.54235307619226
2020/1/21,47.48276850868381,-14.760953322192933
2020/1/22,48.658135485270094,-15.451244165574515
2020/1/23,47.854939340664295,-15.737499094458602
2020/1/24,46.621160405726435,-15.643299474066595
2020/1/27,47.595549018349686,-14.931661637932265
2020/1/28,48.371182390216426,-14.781113276992903
2020/1/29,47.03257576581543,-14.639077525269952
2020/1/30,49.112095804206156,-15.908707050074355
2020/1/31,46.10388746840915,-15.435033383123649
2020/2/3,46.306663031792695,-17.22085641855038
2020/2/4,47.63429814703495,-17.391663108167126
2020/2/5,49.801856660070555,-17.532164399261358
2020/2/6,49.674916965774166,-17.669273271919614
2020/2/7,49.64189021045582,-18.20047054042275
2020/2/10,49.059064295714116,-18.713607538378135
2020/2/11,48.19010857648538,-18.90377328857816
2020/2/12,48.076912012374486,-18.79327859518019
2020/2/13,50.205087320925124,-18.653069749864557
2020/2/14,51.43971962778323,-18.845029086067413
2020/2/18,51.26593610923988,-17.815360466000023
2020/2/19,50.25218933291261,-18.21062337570884
2020/2/20,50.73787902735448,-17.9871780780471
2020/2/21,51.75522301576891,-18.227107043403358
2020/2/24,46.747925974145076,-16.96256000762655
2020/2/25,43.62028719578501,-16.498603942143507
2020/2/26,42.84205558219685,-17.000145486300624
2020/2/27,34.065516329062206,-14.682453206370853
2020/2/28,30.028925659791433,-12.896918716974678
2020/3/2,42.326382299086816,-10.078115542813372
2020/3/3,38.66657665040851,-9.856330603751417
2020/3/4,48.12236625215345,-12.680120232606043
2020/3/5,43.83570021336729,-10.446892864445081
2020/3/6,44.224570998212066,-9.413554038099043
2020/3/9,37.58531880247877,-5.542638305226519
2020/3/10,43.82739199232192,-7.12467153749578
2020/3/11,33.05821182938713,-6.156409562358975
2020/3/12,13.705784190966742,-0.750232813320432
2020/3/13,32.836437044869854,-4.091467396683765
2020/3/16,18.141305620543648,1.5491767069978308
2020/3/17,38.69109196685093,-2.695385684734749
2020/3/18,37.328158021758476,1.5979831356437555
2020/3/19,29.58198087156815,3.1524262406447567
2020/3/20,14.933543298519869,8.71433095103572
2020/3/23,12.932703853738953,8.239325455602192
2020/3/24,20.52802818603168,4.210070591146915
2020/3/25,15.013340062144856,3.0335887485309865
2020/3/26,22.58364751948979,-0.8376895031527595
2020/3/27,23.921048171410657,-0.4713624806754498
2020/3/30,32.88047374759574,-2.0257204272975433
2020/3/31,26.584565808409668,0.08882563869820444
2020/4/1,27.71471736394845,22.183918682269603
2020/4/2,36.32989910192796,20.19732629714381
2020/4/3,37.58228647490609,20.091470967958447
2020/4/6,46.763573953340874,17.782704269879094
2020/4/7,40.821106264436565,17.140781944004598
2020/4/8,43.0946273583922,15.891932564629679
2020/4/9,43.386454686143495,15.093184633544297
2020/4/13,45.09925791780607,17.612844938644994
2020/4/14,53.90777828257428,14.629845329370605
2020/4/15,52.296064700280795,16.45332001752544
2020/4/16,55.09945737416433,17.029714445807212
2020/4/17,57.684880502230506,15.993905058665026
2020/4/20,52.36620326317227,17.150314055364117
2020/4/21,49.728905101655556,18.91548875694408
2020/4/22,51.9525606519253,18.54012298549617
2020/4/23,48.77975115874169,19.159279321065085
2020/4/24,50.857307473757814,17.38356368880617
2020/4/27,49.517322235232854,16.701329187966287
2020/4/28,49.79364756418219,15.800152720485892
2020/4/29,45.661884227976216,16.164641006061235
2020/4/30,44.11365676051013,16.601668936348315
2020/5/1,43.16842614972904,15.725541285808152
2020/5/4,43.39441059223195,15.614726570612035
2020/5/5,44.58471166329046,15.420371190065703
2020/5/6,41.510876200144125,15.604480017466184
2020/5/7,40.338572359597435,14.988772665195665
2020/5/8,44.509057039166024,13.72969276222229
2020/5/11,44.64894662021442,13.935846511926524
2020/5/12,43.59610236237551,14.767532825741773
2020/5/13,43.105741344719945,14.958633196815068
2020/5/14,42.871310405817404,14.908582789212263
2020/5/15,46.23315237260624,14.268062020989312
2020/5/18,48.31118830942633,14.396903747637294
2020/5/19,42.65152814753553,15.53565114631207
2020/5/20,43.41107856628148,15.511459901871037
2020/5/21,41.62890034028139,16.023154011388616
2020/5/22,41.832863132967645,15.846939477121131
2020/5/26,40.9903293026459,15.774174975996297
2020/5/27,41.62471342582501,14.925534167113772
2020/5/28,44.353316923306,14.484864734665361
2020/5/29,44.163468359409265,14.993962043406999
2020/6/1,45.01436752215418,10.020819367013072
2020/6/2,45.29319179168785,10.232390095926576
2020/6/3,45.42801216190888,9.802931703950236
2020/6/4,42.1312253609931,10.444627215798713
2020/6/5,43.9761347740832,9.269401257336332
2020/6/8,44.14749248248849,9.131341098589571
2020/6/9,44.05708673659984,9.01566036857984
2020/6/10,44.8887537427323,8.594954147995221
2020/6/11,39.435722157714515,11.918693892108765
2020/6/12,37.976219579900196,10.898006618703516
2020/6/15,39.52646217595267,10.153771612262243
2020/6/16,41.9755633601019,9.856726221152572
2020/6/17,41.45747097989042,9.73843177361679
2020/6/18,41.99382811679903,9.017501188465104
2020/6/19,42.30881722457955,10.30214565384501
2020/6/22,42.768149901829524,10.796489652107216
2020/6/23,42.463121981109346,10.564170404466172
2020/6/24,40.31436135509731,11.436345149598026
2020/6/25,41.569420151371084,10.472001197214711
2020/6/26,37.90172854627052,11.57607722378689
2020/6/29,1.63916996093721,11.435950408535778
2020/7/1,43.71656970455245,14.78908207889279
2020/7/2,44.11477738189726,14.492898915740362
2020/7/6,44.551730960148525,14.162268705352083
2020/7/7,50.50258028861259,15.6523300003035
2020/7/8,49.432079604177886,14.931100464997105
2020/7/9,50.683997169030185,16.55445578888232
2020/7/10,54.36965565875734,16.06533043188007
2020/7/13,53.87276165109446,15.615100852155145
2020/7/14,56.49042320871341,15.702951433976212
2020/7/15,55.41907136143941,16.354854074634115
2020/7/16,55.75724945421428,16.38623010190156
2020/7/17,56.34331688370173,15.798644017194066
2020/7/20,55.19470087030061,16.613277406053367
2020/7/21,56.37200042187901,15.894144875584082
2020/7/22,58.02140833792192,14.946825107601311
2020/7/23,57.775767521023674,14.322383994783301
2020/7/24,56.97280539791787,14.636077083459531
2020/7/27,57.848514759421754,13.92597424975086
2020/7/28,58.94747698724642,14.302766497048335
2020/7/29,58.67942062961583,13.905636707137196
2020/7/30,59.907234748001805,14.105841989537259
2020/7/31,59.18447326135826,14.087965990226744
2020/8/3,58.79469161896453,15.02843877332694
2020/8/4,62.17843692644385,15.131629368461814
2020/8/5,60.262836886887186,15.161994745484293
2020/8/6,59.39658943420534,15.148816059893942
2020/8/7,60.70830571803022,14.821919832893341
2020/8/10,61.98679690924581,15.579243586519693
2020/8/11,60.000448023574265,15.544924623207637
2020/8/12,63.623117398503716,14.626165225487663
2020/8/13,63.90040424324023,14.509486785388908
2020/8/14,63.80333534062546,14.854228566413413
2020/8/17,66.20680562396453,15.362161139329299
2020/8/18,66.27412982023901,15.083302229701525
2020/8/19,63.456393711657455,15.629660754096482
2020/8/20,62.92412203832189,15.192990165352121
2020/8/21,63.86141902489167,15.558414081665585
2020/8/24,64.84426480917686,14.825359029893525
2020/8/25,64.52382670580809,14.876614118340907
2020/8/26,64.72469746711626,14.274547731403946
2020/8/27,68.64953582498416,15.445312932774636
2020/8/28,72.30898585238299,15.066800653454166
2020/8/31,71.08963401239264,14.792738994368847
2020/9/1,76.03618466292664,11.938036618318074
2020/9/2,79.40514506445439,9.650048348112309
2020/9/3,74.22383969935498,10.894588023658518
2020/9/4,72.68460276256339,10.669388643715962
2020/9/8,67.03615379336972,11.501429947466452
2020/9/9,69.98104440937742,11.06625244554215
2020/9/10,66.02559958008703,11.509756559898694
2020/9/11,67.33120520920755,10.786213131389676
2020/9/14,68.36400444705633,10.635874457044302
2020/9/15,67.97558566422084,11.02183191881898
2020/9/16,66.39525270453964,11.127520444681606
2020/9/17,65.79393065300154,12.066376146795177
2020/9/18,63.996738091481674,12.586705183160124
2020/9/21,64.59282889252141,13.381412597731453
2020/9/22,66.59945784583323,13.110767431982923
2020/9/23,63.43064042977808,13.498976246170578
2020/9/24,64.56304584469522,13.269579328170083
2020/9/25,66.19887233379032,12.520865588819838
2020/9/28,68.37139195058438,10.402966732478324
2020/9/29,67.4845691785083,10.81287811415822
2020/9/30,71.02240218556841,10.655932270424131
2020/10/1,74.06599915176662,8.439929198238918
2020/10/2,70.51032549569243,9.06868257407729
2020/10/5,72.06129454695241,9.424157677402397
2020/10/6,70.37770291875866,10.318825718256123
2020/10/7,71.80266286766984,9.657246299956686
2020/10/8,73.11972276791498,9.166493681896226
2020/10/9,75.0987631120947,9.134441398869214
2020/10/12,78.61000624533814,7.75531967257829
2020/10/13,80.31729309519342,7.737623209820488
2020/10/14,78.2071464134477,7.7647012690446955
2020/10/15,78.00748101593837,8.395509292548574
2020/10/16,78.58027536656424,8.306726098450534
2020/10/19,75.04994858415957,8.896293422221612
2020/10/20,76.10174562217837,8.92088082557535
2020/10/21,76.80237147053627,9.167107934562873
2020/10/22,75.284630300453,8.742557385629372
2020/10/23,75.97575319811968,8.901645339682911
2020/10/26,73.48727915199551,9.394623350937637
2020/10/27,75.0384183352834,9.072387722230486
2020/10/28,68.10790014573642,11.079031472850021
2020/10/29,67.90405657272079,11.116458445074372
2020/10/30,66.54235961460273,11.171485926502754
2020/11/2,69.70650506545425,14.02555924106844
2020/11/4,73.2079378958442,13.051004384655938
2020/11/5,75.33275273886689,13.254669557732035
2020/11/6,77.52655087119271,13.587856019290399
2020/11/9,73.41327298350943,12.082034074328087
2020/11/10,77.63684547421309,10.720276264129632
2020/11/11,81.20767985247498,10.395649894092404
2020/11/12,81.3358920818959,10.628273307360542
2020/11/13,84.53873622554772,10.653567566476273
2020/11/16,85.28733206014573,10.380321711093474
2020/11/17,82.63793531212055,10.035178261396068
2020/11/18,80.29791715199497,11.019628605612512
2020/11/19,82.30135427047438,11.495220394966639
2020/11/20,80.88101327245928,11.196588900463382
2020/11/23,80.87587567590376,11.48829873647984
2020/11/24,81.40927193602889,10.95854729058151
2020/11/25,81.96372726434448,11.08469431844067
