trade_date,KO,PG,PEP,WMT,PM,CPI,Consumer Confidence
2015/1/2,42.14,90.44,94.44,85.9,81.02,100,98.2
2015/1/5,42.14,90.01,93.73,85.65,80.41,100,98.2
2015/1/6,42.46,89.6,93.02,86.31,81.1,100,98.2
2015/1/7,42.99,90.07,95.74,88.6,81.71,100,98.2
2015/1/8,43.51,91.1,97.48,90.47,82.94,100,98.2
2015/1/9,43.03,90.25,96.82,89.35,82.72,100,98.2
2015/1/12,42.64,89.92,96.42,90.02,83.05,100,98.2
2015/1/13,42.63,90.3,96.35,89.31,83.1,100,98.2
2015/1/14,42.56,89.99,96.67,86.61,83.42,100,98.2
2015/1/15,42.38,89.86,96.67,87.38,82.82,100,98.2
2015/1/16,42.53,91.25,97.29,86.77,82.7,100,98.2
2015/1/20,43.16,91.19,97.51,86.69,83.58,100,98.2
2015/1/21,43.36,90.73,97.4,86.64,84.55,100,98.2
2015/1/22,43.78,91.62,98.9,88.3,85.16,100,98.2
2015/1/23,43.31,90.08,98.53,88.51,82.82,100,98.2
2015/1/26,43,89.58,98.69,88.63,83.05,100,98.2
2015/1/27,42.39,86.49,96.72,87.53,81.6,100,98.2
2015/1/28,41.92,85.15,95.72,86.82,80.58,100,98.2
2015/1/29,42.1,85.67,96.03,87.72,81.22,100,98.2
2015/1/30,41.17,84.29,93.78,84.98,80.24,100,98.2
2015/2/2,41.59,85.12,95.33,85.71,81.63,99.3,93.6
2015/2/3,41.63,85.95,96.2,86.19,82.24,99.3,93.6
2015/2/4,41.68,85.79,96.6,86.65,82.08,99.3,93.6
2015/2/5,41.79,86.7,96.61,87.28,82.57,99.3,93.6
2015/2/6,41.45,85.61,96.71,87.33,81.27,99.3,93.6
2015/2/9,41.23,85.05,95.97,85.91,80.83,99.3,93.6
2015/2/10,42.4,85.39,97.99,87.29,81.08,99.3,93.6
2015/2/11,42.37,85.64,100.4,86.34,82.48,99.3,93.6
2015/2/12,42.17,86.03,100.27,85.89,83.69,99.3,93.6
2015/2/13,41.99,85.9,99.13,85.81,82.87,99.3,93.6
2015/2/17,41.81,85.49,98.36,85.96,82.71,99.3,93.6
2015/2/18,41.73,86.26,99.33,86.29,83,99.3,93.6
2015/2/19,42.11,85.21,98.72,83.52,82.62,99.3,93.6
2015/2/20,41.97,84.87,99.06,84.3,83.04,99.3,93.6
2015/2/23,41.85,85.39,99.45,84.6,82.89,99.3,93.6
2015/2/24,42.13,85.5,99.58,84.57,83.51,99.3,93.6
2015/2/25,42.05,85.46,99.5,83.57,83.47,99.3,93.6
2015/2/26,42.46,85.17,99.07,83.8,82.8,99.3,93.6
2015/2/27,43.3,85.13,98.98,83.93,82.96,99.3,93.6
2015/3/2,43.2,85.41,99,83.96,82.95,99.4986,91.2
2015/3/3,42.95,85.16,98.4,83.37,82.7,99.4986,91.2
2015/3/4,42.5,84.35,97.36,82.58,82.17,99.4986,91.2
2015/3/5,42.4,84.63,97.23,83.57,81.71,99.4986,91.2
2015/3/6,41.52,82.66,96.17,82.59,80.05,99.4986,91.2
2015/3/9,41.39,83.09,96.04,82.88,80.45,99.4986,91.2
2015/3/10,40.69,81.54,94.43,82.07,79.25,99.4986,91.2
2015/3/11,40.1,81.39,93.63,80.69,77.82,99.4986,91.2
2015/3/12,40.57,82.09,95.71,81.9,78.73,99.4986,91.2
2015/3/13,39.91,81.83,94.32,81.9,77.65,99.4986,91.2
2015/3/16,40.29,83.56,95.45,83.29,77.89,99.4986,91.2
2015/3/17,40.51,82.85,94.13,82.62,77.89,99.4986,91.2
2015/3/18,40.6,83.75,94.64,82.53,78.56,99.4986,91.2
2015/3/19,40.02,83.38,94.1,81.52,78.86,99.4986,91.2
2015/3/20,40.65,84.74,95.34,83.24,79.45,99.4986,91.2
2015/3/23,40.62,84.86,95.85,83.31,79.86,99.4986,91.2
2015/3/24,40.47,83.92,95.86,83.05,77.53,99.4986,91.2
2015/3/25,40.45,83.01,95.26,81.32,76.7,99.4986,91.2
2015/3/26,40.35,82.15,95.63,81.89,76.34,99.4986,91.2
2015/3/27,40.08,82.31,95.95,81.35,76.79,99.4986,91.2
2015/3/30,40.51,82.72,96.52,82.53,76.86,99.4986,91.2
2015/3/31,40.55,81.94,95.62,82.25,75.33,99.4986,91.2
2015/4/1,40.68,82.32,95.09,80.71,76.07,99.6975972,95.9
2015/4/2,40.68,82.43,95.69,80.73,77.26,99.6975972,95.9
2015/4/6,41.17,83.04,96.48,80.99,78.2,99.6975972,95.9
2015/4/7,41.01,82.39,96.21,80.5,77.74,99.6975972,95.9
2015/4/8,40.89,82.77,96.03,81.03,77.24,99.6975972,95.9
2015/4/9,41.05,82.89,96.35,80.84,77.86,99.6975972,95.9
2015/4/10,40.88,83.35,96.2,80.65,77.9,99.6975972,95.9
2015/4/13,40.7,83.43,95.53,80.29,77.39,99.6975972,95.9
2015/4/14,40.51,83.6,96.49,80.15,78.11,99.6975972,95.9
2015/4/15,40.4,83.51,96.63,79.74,78.13,99.6975972,95.9
2015/4/16,40.6,83.5,96.45,79.24,84.96,99.6975972,95.9
2015/4/17,40.3,82.53,95.81,77.88,85.26,99.6975972,95.9
2015/4/20,40.66,82.87,96.5,78.14,84.98,99.6975972,95.9
2015/4/21,40.78,83.08,96.78,78.03,84.05,99.6975972,95.9
2015/4/22,41.31,83.09,97.28,78.43,83.69,99.6975972,95.9
2015/4/23,40.95,80.95,95.73,79.18,83.55,99.6975972,95.9
2015/4/24,40.89,81,95.17,79.84,82.75,99.6975972,95.9
2015/4/27,40.83,80.6,94.49,79.37,82.09,99.6975972,95.9
2015/4/28,40.77,80.42,94.42,79.1,82.88,99.6975972,95.9
2015/4/29,40.49,79.85,94.38,77.88,82.73,99.6975972,95.9
2015/4/30,40.56,79.51,95.12,78.05,83.47,99.6975972,95.9
2015/5/1,40.91,80.29,95.56,78.6,83.39,99.7972948,88.6
2015/5/4,40.96,80.35,95.95,79.18,83.21,99.7972948,88.6
2015/5/5,40.75,80.07,95.42,78.13,82.81,99.7972948,88.6
2015/5/6,40.66,80.4,95.48,77.65,83.87,99.7972948,88.6
2015/5/7,40.7,80.2,95.15,78.03,84.01,99.7972948,88.6
2015/5/8,40.98,80.96,96.55,78.53,85.19,99.7972948,88.6
2015/5/11,40.94,80.27,96.35,78.1,84.13,99.7972948,88.6
2015/5/12,40.69,79.95,96.2,78.96,84.13,99.7972948,88.6
2015/5/13,41.05,79.7,96.41,78.16,84.53,99.7972948,88.6
2015/5/14,41.5,80.57,98,78.72,86.79,99.7972948,88.6
2015/5/15,41.52,81.05,98.22,79.24,86.57,99.7972948,88.6
2015/5/18,41.32,80.74,98.05,79.92,86.03,99.7972948,88.6
2015/5/19,41.31,80.83,97.95,76.43,85.66,99.7972948,88.6
2015/5/20,41.35,80.48,97.69,75.9,85.41,99.7972948,88.6
2015/5/21,41.23,80.41,97.2,76.11,85.14,99.7972948,88.6
2015/5/22,41.21,79.95,96.26,75.86,84.15,99.7972948,88.6
2015/5/26,40.99,79.14,95.79,74.9,83.72,99.7972948,88.6
2015/5/27,41.12,79.39,96.38,75.19,84.22,99.7972948,88.6
2015/5/28,41.14,79.33,97.06,74.84,84.26,99.7972948,88.6
2015/5/29,40.96,78.39,96.43,74.27,83.07,99.7972948,88.6
2015/6/1,40.94,78.85,95.97,74.73,83.19,100.196484,94.6
2015/6/2,40.99,78.54,96.05,74.53,82.95,100.196484,94.6
2015/6/3,40.87,78.56,95.3,74.89,82.42,100.196484,94.6
2015/6/4,40.59,78.15,94.14,74.15,81.83,100.196484,94.6
2015/6/5,40.1,77.43,93.05,73.06,79.7,100.196484,94.6
2015/6/8,40.16,77.71,92.84,72.61,80.15,100.196484,94.6
2015/6/9,40.2,78.9,93.07,72.47,80.75,100.196484,94.6
2015/6/10,40.33,79.54,93.69,72.93,82.29,100.196484,94.6
2015/6/11,40.1,79.41,94.09,72.94,82.25,100.196484,94.6
2015/6/12,39.96,78.87,93.74,72.43,81.86,100.196484,94.6
2015/6/15,39.59,78.12,92.64,71.93,81.27,100.196484,94.6
2015/6/16,40.08,79.1,93.55,72.35,81.82,100.196484,94.6
2015/6/17,40.27,80.08,94.05,72.73,81.83,100.196484,94.6
2015/6/18,40.65,80.82,95.23,72.98,83.11,100.196484,94.6
2015/6/19,40.4,80.54,94.86,72.74,82.66,100.196484,94.6
2015/6/22,40.48,80.45,95.6,72.79,83.13,100.196484,94.6
2015/6/23,40.38,79.79,95.6,72.57,81.36,100.196484,94.6
2015/6/24,40.19,79.51,95.29,72.38,80.81,100.196484,94.6
2015/6/25,40.02,79.39,94.83,71.86,81.3,100.196484,94.6
2015/6/26,40,79.34,94.91,72.12,81.35,100.196484,94.6
2015/6/29,39.4,78.32,93.69,71.42,80.12,100.196484,94.6
2015/6/30,39.23,78.24,93.34,70.93,80.17,100.196484,94.6
2015/7/1,39.5,79.72,94.52,71.88,81.3,100.4970734,93.3
2015/7/2,39.49,79.93,94.66,71.86,81.17,100.4970734,93.3
2015/7/6,39.42,80.05,94.4,72.53,81.2,100.4970734,93.3
2015/7/7,40.25,81.72,96.4,73.79,82.44,100.4970734,93.3
2015/7/8,39.86,80.99,95.61,73.06,81.57,100.4970734,93.3
2015/7/9,39.92,80.66,94.59,72.78,81.24,100.4970734,93.3
2015/7/10,40.39,80.95,95.55,73.12,82.16,100.4970734,93.3
2015/7/13,40.66,81.91,97.22,73.88,82.38,100.4970734,93.3
2015/7/14,41.17,82.04,97.13,73.79,82.68,100.4970734,93.3
2015/7/15,41.13,82.15,96.35,73.65,82.67,100.4970734,93.3
2015/7/16,41.48,82.3,96.9,73.83,85.29,100.4970734,93.3
2015/7/17,41.25,82.24,96.78,73.39,85.83,100.4970734,93.3
2015/7/20,41.38,82.19,97.31,73.1,85.61,100.4970734,93.3
2015/7/21,41.19,81.63,96.93,72.74,85.54,100.4970734,93.3
2015/7/22,40.9,80.83,97.17,73.16,85.52,100.4970734,93.3
2015/7/23,40.84,80.7,96.87,72.51,85.43,100.4970734,93.3
2015/7/24,40.44,80.29,96.18,71.58,84.65,100.4970734,93.3
2015/7/27,40.54,79.97,95.66,71.38,85.53,100.4970734,93.3
2015/7/28,40.55,80.23,96.11,72.1,85.6,100.4970734,93.3
2015/7/29,40.59,80.62,96.53,72.23,85.45,100.4970734,93.3
2015/7/30,40.56,77.39,96.63,72.16,85.39,100.4970734,93.3
2015/7/31,41.08,76.7,96.35,71.98,85.53,100.4970734,93.3
2015/8/3,41.54,76.4,97.45,72.18,85.66,100.5975705,92.9
2015/8/4,41.85,75.91,97.81,72.25,85.83,100.5975705,92.9
2015/8/5,42.12,75.77,99.19,73.51,85.89,100.5975705,92.9
2015/8/6,41.92,75.74,99.15,72.79,85.76,100.5975705,92.9
2015/8/7,41.77,75.48,99.1,71.25,85.09,100.5975705,92.9
2015/8/10,41.68,76.38,99.09,71.48,85.87,100.5975705,92.9
2015/8/11,41.48,76.22,98.62,71.93,85.47,100.5975705,92.9
2015/8/12,41.26,76.39,98.38,72.58,85.64,100.5975705,92.9
2015/8/13,41.1,75.78,98.79,72.11,84.66,100.5975705,92.9
2015/8/14,41.25,75.62,99.23,72.38,84.26,100.5975705,92.9
2015/8/17,41.35,75.53,99.86,71.91,84.3,100.5975705,92.9
2015/8/18,41.3,75.13,99.77,69.48,84.02,100.5975705,92.9
2015/8/19,40.78,74.12,98.99,68.57,83.74,100.5975705,92.9
2015/8/20,40.55,73.91,97.98,68.43,83.08,100.5975705,92.9
2015/8/21,39.53,71.84,96.25,66.54,80.98,100.5975705,92.9
2015/8/24,38.38,69.14,91.83,63.95,78.34,100.5975705,92.9
2015/8/25,37.99,68.42,89.64,63.1,77.39,100.5975705,92.9
2015/8/26,38.73,70.9,92.49,64.83,79.75,100.5975705,92.9
2015/8/27,39.27,71.48,93.6,66.08,80.78,100.5975705,92.9
2015/8/28,39.45,71.21,93.53,64.94,80.35,100.5975705,92.9
2015/8/31,39.32,70.67,92.93,64.73,79.8,100.5975705,92.9
2015/9/1,38.75,68.9,91.33,63.82,77.78,100.4969729,85.7
2015/9/2,38.9,69.81,91.64,64.44,78.7,100.4969729,85.7
2015/9/3,39.16,69.93,92.13,64.86,79.45,100.4969729,85.7
2015/9/4,38.52,68.76,90.92,63.89,77.29,100.4969729,85.7
2015/9/8,38.9,69.98,92.37,66.38,79.76,100.4969729,85.7
2015/9/9,38.3,68.48,90.83,65.12,78.27,100.4969729,85.7
2015/9/10,38.42,68.32,91.06,64.12,78.87,100.4969729,85.7
2015/9/11,38.13,68.42,91.62,64.65,79.47,100.4969729,85.7
2015/9/14,38.1,68.06,91.2,64.28,79.35,100.4969729,85.7
2015/9/15,38.5,69.45,92.06,64.32,80.81,100.4969729,85.7
2015/9/16,39.15,70.1,93.07,64.69,82.1,100.4969729,85.7
2015/9/17,39.38,70.24,93.37,64.47,82.08,100.4969729,85.7
2015/9/18,38.98,69.94,93.05,63.34,81.22,100.4969729,85.7
2015/9/21,39.19,70.65,93.71,63.72,82.12,100.4969729,85.7
2015/9/22,38.79,70.19,92.37,63.59,80.77,100.4969729,85.7
2015/9/23,38.76,70.26,92.4,63.72,80.43,100.4969729,85.7
2015/9/24,39.15,71.36,92.47,63.83,80.41,100.4969729,85.7
2015/9/25,39.62,72.67,93.47,63.78,80.6,100.4969729,85.7
2015/9/28,39.53,71.77,92.47,63.66,78.91,100.4969729,85.7
2015/9/29,39.66,72.28,93.04,63.78,78.64,100.4969729,85.7
2015/9/30,40.12,71.94,94.3,64.84,79.33,100.4969729,85.7
2015/10/1,39.8,71.95,93.85,64.27,79.46,100.295979,92.7
2015/10/2,40.39,72.42,94.16,64.98,79.95,100.295979,92.7
2015/10/5,41.01,73.22,95.81,65.87,81.71,100.295979,92.7
2015/10/6,40.96,73.4,97.07,65.68,81.49,100.295979,92.7
2015/10/7,41.52,73.72,98.52,66.36,82.67,100.295979,92.7
2015/10/8,41.98,74.4,98.97,66.88,84.15,100.295979,92.7
2015/10/9,42.02,74.48,99.47,66.69,84.07,100.295979,92.7
2015/10/12,42,74.33,99.14,66.93,84.66,100.295979,92.7
2015/10/13,41.65,74.11,97.92,66.73,84.41,100.295979,92.7
2015/10/14,41.68,74.21,97.49,60.03,84.48,100.295979,92.7
2015/10/15,41.92,74.27,98.28,59.33,86.07,100.295979,92.7
2015/10/16,42.02,74.9,99.7,58.89,87.78,100.295979,92.7
2015/10/19,41.99,75.16,100.18,58.85,88.42,100.295979,92.7
2015/10/20,42.29,74.43,100.27,58.75,88.72,100.295979,92.7
2015/10/21,42.19,73.59,100.25,58.64,88.98,100.295979,92.7
2015/10/22,43.24,74.85,103.08,58.9,89.55,100.295979,92.7
2015/10/23,42.79,77.03,102.43,58.3,89.63,100.295979,92.7
2015/10/26,42.59,77.49,102.54,58.02,89.7,100.295979,92.7
2015/10/27,42.61,77.29,102.94,57.48,88.82,100.295979,92.7
2015/10/28,42.73,76.51,102.74,57.64,89.4,100.295979,92.7
2015/10/29,42.79,77.02,102.8,57.96,89.26,100.295979,92.7
2015/10/30,42.35,76.38,102.19,57.24,88.4,100.295979,92.7
2015/11/2,42.24,76.6,101.4,57.61,88.81,100.4965709,93.1
2015/11/3,42.16,77.05,100.92,58.11,88.34,100.4965709,93.1
2015/11/4,41.97,77.06,100.62,58.37,88.07,100.4965709,93.1
2015/11/5,42.33,76.39,100.61,58.61,88.16,100.4965709,93.1
2015/11/6,41.96,75.57,99.72,58.78,86.37,100.4965709,93.1
2015/11/9,41.54,75.4,98.88,58.49,85.25,100.4965709,93.1
2015/11/10,41.77,75.77,98.83,58.68,84.96,100.4965709,93.1
2015/11/11,42.04,75.96,99.43,57.58,85.05,100.4965709,93.1
2015/11/12,41.58,74.66,98.37,56.95,84.02,100.4965709,93.1
2015/11/13,41.38,73.96,98.04,56.42,83.4,100.4965709,93.1
2015/11/16,41.96,75.3,99.56,57.87,84.35,100.4965709,93.1
2015/11/17,41.67,75.07,98.83,59.92,83.84,100.4965709,93.1
2015/11/18,42.28,75.9,100.27,60.93,85.43,100.4965709,93.1
2015/11/19,43.11,76.22,100.93,60.7,86.25,100.4965709,93.1
2015/11/20,42.43,75.82,100.1,60.07,85.99,100.4965709,93.1
2015/11/23,42.96,75.97,100.85,60.26,86.59,100.4965709,93.1
2015/11/24,43.36,76.45,100.63,59.92,86.9,100.4965709,93.1
2015/11/25,43.36,75.9,100.5,60.24,87.17,100.4965709,93.1
2015/11/27,43.15,75.7,100.74,59.89,87.42,100.4965709,93.1
2015/11/30,42.62,74.84,100.16,58.84,87.39,100.4965709,93.1
2015/12/1,42.89,75.94,101.06,58.99,87.78,100.4965709,91.8
2015/12/2,42.77,75.79,99.48,58.35,87.3,100.4965709,91.8
2015/12/3,42.46,75.74,99.09,59.04,87.34,100.4965709,91.8
2015/12/4,43.29,77.83,101.06,59.66,89.7,100.4965709,91.8
2015/12/7,43.2,78.37,100.67,60.5,88.79,100.4965709,91.8
2015/12/8,43.01,77.75,100.17,59.61,88.77,100.4965709,91.8
2015/12/9,42.66,77.7,99.13,59.13,88.02,100.4965709,91.8
2015/12/10,42.76,77.79,98.9,59.56,87.73,100.4965709,91.8
2015/12/11,42.27,77.78,97.78,59.36,86.32,100.4965709,91.8
2015/12/14,42.45,78.29,97.95,60.39,87.16,100.4965709,91.8
2015/12/15,43.07,79.68,99.39,59.64,87.84,100.4965709,91.8
2015/12/16,43.84,80.99,101.08,60.3,90.15,100.4965709,91.8
2015/12/17,43.49,80.29,100.2,58.98,89.08,100.4965709,91.8
2015/12/18,42.5,78.13,97.9,58.85,86.92,100.4965709,91.8
2015/12/21,42.78,78.95,98.62,59.55,86.62,100.4965709,91.8
2015/12/22,43.29,79.6,99.8,60.54,87.66,100.4965709,91.8
2015/12/23,43.67,79.92,100.64,61.09,89.08,100.4965709,91.8
2015/12/24,43.54,79.79,100.54,60.83,88.86,100.4965709,91.8
2015/12/28,43.49,79.92,100.68,60.75,88.59,100.4965709,91.8
2015/12/29,43.71,80.36,101.45,61.61,89.36,100.4965709,91.8
2015/12/30,43.57,80.07,101.15,61.68,88.98,100.4965709,91.8
2015/12/31,42.96,79.41,99.92,61.3,87.91,100.4965709,91.8
2016/1/4,42.4,78.37,98.77,61.46,87,100.3960744,93.3
2016/1/5,42.55,78.62,99.45,62.92,87.87,100.3960744,93.3
2016/1/6,42.32,77.86,99.48,63.55,87.85,100.3960744,93.3
2016/1/7,41.62,77.18,97.57,65.03,87.25,100.3960744,93.3
2016/1/8,41.51,75.97,97.21,63.54,86.71,100.3960744,93.3
2016/1/11,41.58,76.67,97.44,64.22,89.17,100.3960744,93.3
2016/1/12,42.12,76.51,97.62,63.62,89.09,100.3960744,93.3
2016/1/13,41.85,75.85,96.5,61.92,88.31,100.3960744,93.3
2016/1/14,41.88,76.15,95.81,63.06,87.88,100.3960744,93.3
2016/1/15,41.5,74.98,93.93,61.93,86.29,100.3960744,93.3
2016/1/19,41.92,76.73,95.77,62.56,87.47,100.3960744,93.3
2016/1/20,41.38,75.83,93.77,60.84,85.86,100.3960744,93.3
2016/1/21,41.39,76.72,94.47,61.88,85.8,100.3960744,93.3
2016/1/22,42.06,77.36,95.85,62.69,86.87,100.3960744,93.3
2016/1/25,42.16,76.85,95.94,63.45,86.68,100.3960744,93.3
2016/1/26,42.08,78.81,96.32,64,87.31,100.3960744,93.3
2016/1/27,42.09,78.8,95.94,63.95,88.09,100.3960744,93.3
2016/1/28,42.57,79.82,97.45,64.22,89.06,100.3960744,93.3
2016/1/29,42.92,81.69,99.3,66.36,90.01,100.3960744,93.3
2016/2/1,43,81.12,99.03,67.5,89.41,100.3960744,90.7
2016/2/2,42.44,80.22,98.21,66.86,89.35,100.3960744,90.7
2016/2/3,42.72,81.1,98.72,66.27,89.79,100.3960744,90.7
2016/2/4,42.53,80.7,97.39,66.42,89.1,100.3960744,90.7
2016/2/5,42.44,81.2,97.32,67,89.55,100.3960744,90.7
2016/2/8,42.65,82.62,97.52,66.9,89.72,100.3960744,90.7
2016/2/9,43.3,82.64,98.28,65.81,90.02,100.3960744,90.7
2016/2/10,42.55,81.62,97.62,65.79,89.23,100.3960744,90.7
2016/2/11,42.41,79.9,96.9,65.32,88.34,100.3960744,90.7
2016/2/12,43.11,80.99,98.49,66.18,89.06,100.3960744,90.7
2016/2/16,43.36,81.47,98.6,65.9,90.12,100.3960744,90.7
2016/2/17,43.49,82.45,99.55,66.11,91.23,100.3960744,90.7
2016/2/18,43.61,81.98,99.62,64.12,91.65,100.3960744,90.7
2016/2/19,43.77,81.79,99.58,64.66,91.94,100.3960744,90.7
2016/2/22,43.94,82.13,99.87,65.63,92.54,100.3960744,90.7
2016/2/23,43.69,81.81,99.54,66.48,92.05,100.3960744,90.7
2016/2/24,43.91,81.56,99.68,67.12,91.46,100.3960744,90.7
2016/2/25,44.16,82.34,100.67,68.04,92.45,100.3960744,90.7
2016/2/26,43.14,81.1,98.36,66.51,91.45,100.3960744,90.7
2016/2/29,43.13,80.29,97.82,66.34,91.03,100.3960744,90.7
2016/3/1,43.69,81.23,99.09,66.46,91.54,100.1952822,90
2016/3/2,43.77,82.55,98.33,66.21,91.56,100.1952822,90
2016/3/3,43.96,82.84,99.16,66.14,93.26,100.1952822,90
2016/3/4,44.11,83.49,100,66.78,94.49,100.1952822,90
2016/3/7,44.01,83.1,99.25,67.89,93.9,100.1952822,90
2016/3/8,44.32,83.06,99.74,68.04,94.45,100.1952822,90
2016/3/9,44.81,82.96,100.2,67.53,96.01,100.1952822,90
2016/3/10,45.23,82.28,100.78,67.41,96.84,100.1952822,90
2016/3/11,45.2,81.75,101.31,67.17,96.49,100.1952822,90
2016/3/14,45.29,81.17,100.65,67.36,96.44,100.1952822,90
2016/3/15,45.24,81.31,101.15,68.09,96.44,100.1952822,90
2016/3/16,45.05,81.34,100.83,67.99,97.18,100.1952822,90
2016/3/17,45.77,82.75,101.87,67.45,98.9,100.1952822,90
2016/3/18,45.6,83.15,101.29,66.95,98.17,100.1952822,90
2016/3/21,45.67,83.32,101.54,67.97,98.59,100.1952822,90
2016/3/22,45.5,82.74,100.77,67.87,96.74,100.1952822,90
2016/3/23,45.46,82.82,100.81,67.46,97.07,100.1952822,90
2016/3/24,45.58,82.89,100.68,68,97.57,100.1952822,90
2016/3/28,45.8,82.62,100.98,68.12,97.86,100.1952822,90
2016/3/29,46.48,82.8,101.37,68.03,98.86,100.1952822,90
2016/3/30,46.58,82.68,102.69,68.8,98.69,100.1952822,90
2016/3/31,46.39,82.31,102.48,68.49,98.11,100.1952822,90
2016/4/1,46.83,83.53,103.78,69.06,99.75,100.2954775,89.7
2016/4/4,46.89,83.21,103.82,69.1,100.36,100.2954775,89.7
2016/4/5,46.53,83.16,103.1,68.64,100.26,100.2954775,89.7
2016/4/6,46.71,83.81,103.92,69.04,101.17,100.2954775,89.7
2016/4/7,46.36,83.24,103.6,68.22,100.58,100.2954775,89.7
2016/4/8,46.87,83.2,105.08,68.06,100.88,100.2954775,89.7
2016/4/11,46.44,82.73,104.3,67.4,100.33,100.2954775,89.7
2016/4/12,46.65,82.83,104.91,68.8,101.63,100.2954775,89.7
2016/4/13,46.04,82.46,104.12,69.15,100.33,100.2954775,89.7
2016/4/14,45.83,82.01,103.16,68.8,99.76,100.2954775,89.7
2016/4/15,46.1,82.3,103.77,69.06,100.11,100.2954775,89.7
2016/4/18,46.22,82.83,103.72,69.86,100.6,100.2954775,89.7
2016/4/19,46.6,83.28,104.32,69.77,99.28,100.2954775,89.7
2016/4/20,44.37,81.55,102.44,69.21,98.13,100.2954775,89.7
2016/4/21,43.66,80.8,100.99,68.47,96.42,100.2954775,89.7
2016/4/22,44.54,80.95,101.98,68.72,96.92,100.2954775,89.7
2016/4/25,44.71,81.41,102.8,69.47,97.53,100.2954775,89.7
2016/4/26,44.53,79.55,102.6,69.3,97.24,100.2954775,89.7
2016/4/27,44.68,79.89,102.63,69.42,97.27,100.2954775,89.7
2016/4/28,44.63,79.76,102.97,68.91,97.35,100.2954775,89.7
2016/4/29,44.8,80.12,102.96,66.87,98.12,100.2954775,89.7
2016/5/2,44.98,80.97,103.43,67.59,98.56,100.6966594,95.8
2016/5/3,44.84,81.1,103.56,67,98.52,100.6966594,95.8
2016/5/4,44.98,81.6,104.02,67.19,98.78,100.6966594,95.8
2016/5/5,45.06,81.3,104.21,67.21,99.18,100.6966594,95.8
2016/5/6,45.32,82.13,104.96,68.25,100.32,100.6966594,95.8
2016/5/9,45.24,82.12,105.28,68.95,100.39,100.6966594,95.8
2016/5/10,45.75,82.48,106.57,68.79,101.89,100.6966594,95.8
2016/5/11,45.46,82.15,105.72,66.41,101.8,100.6966594,95.8
2016/5/12,45.83,82.41,106.1,66.85,102.18,100.6966594,95.8
2016/5/13,45.35,81.23,104.18,64.94,100.89,100.6966594,95.8
2016/5/16,45.62,81.63,104.13,66.02,101.71,100.6966594,95.8
2016/5/17,44.75,80.62,102.37,65.1,99.84,100.6966594,95.8
2016/5/18,44.48,79.85,100.91,63.15,98.95,100.6966594,95.8
2016/5/19,44.32,80.19,101.33,69.2,98.36,100.6966594,95.8
2016/5/20,43.95,80.02,100.1,69.86,98.04,100.6966594,95.8
2016/5/23,43.97,80.2,100.42,69.5,98.28,100.6966594,95.8
2016/5/24,44.37,80.97,101.09,70.24,98.84,100.6966594,95.8
2016/5/25,44.38,81.48,101.09,70.48,99.05,100.6966594,95.8
2016/5/26,44.69,81.22,101.9,70.85,99.01,100.6966594,95.8
2016/5/27,44.78,81.43,101.96,70.75,99.18,100.6966594,95.8
2016/5/31,44.6,81.04,101.17,70.78,98.68,100.6966594,95.8
2016/6/1,44.7,81.79,101.57,70.5,99.4,100.8980527,94.3
2016/6/2,44.72,81.95,102,70.95,99.26,100.8980527,94.3
2016/6/3,45.04,82.47,102.53,70.87,101.12,100.8980527,94.3
2016/6/6,45.37,82.77,102.7,71.05,100.32,100.8980527,94.3
2016/6/7,45.32,82.32,102.49,71.03,100.46,100.8980527,94.3
2016/6/8,45.55,82.65,103.18,71.28,101.72,100.8980527,94.3
2016/6/9,45.76,83.17,103.66,71.09,101.78,100.8980527,94.3
2016/6/10,45.99,83.2,103.31,71.14,101.3,100.8980527,94.3
2016/6/13,45.12,82.57,103.06,70.53,100.57,100.8980527,94.3
2016/6/14,45.04,83.35,103.23,70.95,99.89,100.8980527,94.3
2016/6/15,45.01,82.95,102.86,71.12,99.65,100.8980527,94.3
2016/6/16,45.31,83.41,103.85,71.3,100.15,100.8980527,94.3
2016/6/17,44.79,83.13,103.41,70.95,100.73,100.8980527,94.3
2016/6/20,44.98,83.04,103.37,71.1,101.55,100.8980527,94.3
2016/6/21,45.13,83.41,104.08,71.46,100.85,100.8980527,94.3
2016/6/22,44.86,83.57,103.74,71.75,101.03,100.8980527,94.3
2016/6/23,45.08,84.21,104.44,72.1,101.9,100.8980527,94.3
2016/6/24,43.93,82.26,101.98,71.96,97.71,100.8980527,94.3
2016/6/27,43.78,81.23,102.13,71.5,98.2,100.8980527,94.3
2016/6/28,44.18,82.46,102.14,71.51,98.54,100.8980527,94.3
2016/6/29,44.44,83.91,103.12,72.46,98.62,100.8980527,94.3
2016/6/30,45.33,84.67,105.94,73.02,101.72,100.8980527,94.3
2016/7/1,45.12,84.78,105.63,72.81,101.28,101.0998488,89.5
2016/7/5,45.43,85.44,106.42,73.14,102.24,101.0998488,89.5
2016/7/6,45.27,85.03,105.92,73.82,102.36,101.0998488,89.5
2016/7/7,45.09,84.83,107.49,73.53,101.78,101.0998488,89.5
2016/7/8,45.38,85.77,108.27,73.84,103.09,101.0998488,89.5
2016/7/11,45.57,85.75,108.91,74.06,103.38,101.0998488,89.5
2016/7/12,45.58,85.75,108.79,73.27,102.9,101.0998488,89.5
2016/7/13,45.74,85.89,109.91,73.62,103.24,101.0998488,89.5
2016/7/14,45.69,85.87,109.96,73.7,103.19,101.0998488,89.5
2016/7/15,45.63,86.01,109.66,73.67,103.63,101.0998488,89.5
2016/7/18,45.63,85.93,109.21,73.84,103,101.0998488,89.5
2016/7/19,45.63,86.17,109.53,73.66,99.89,101.0998488,89.5
2016/7/20,45.51,85.32,108.92,73.79,99.65,101.0998488,89.5
2016/7/21,45.45,85.26,108.58,73.52,99.42,101.0998488,89.5
2016/7/22,45.83,85.72,109.19,73.55,99.84,101.0998488,89.5
2016/7/25,45.57,85.8,109.02,73.75,99.71,101.0998488,89.5
2016/7/26,44.88,85.27,108.2,73.73,98.96,101.0998488,89.5
2016/7/27,43.4,84.46,107.48,73.32,97.33,101.0998488,89.5
2016/7/28,43.65,84.81,108.13,73.24,99.1,101.0998488,89.5
2016/7/29,43.63,85.59,108.92,72.97,100.26,101.0998488,89.5
2016/8/1,43.45,86.41,108.93,73.78,100.15,101.0998488,90.4
2016/8/2,43.53,86.76,108.72,73.13,99.97,101.0998488,90.4
2016/8/3,43.64,85.97,108.04,72.94,99.03,101.0998488,90.4
2016/8/4,43.51,86.05,108.42,73.3,99,101.0998488,90.4
2016/8/5,43.48,85.78,108.66,73.76,98.93,101.0998488,90.4
2016/8/8,43.44,85.76,108.14,73.34,98.55,101.0998488,90.4
2016/8/9,43.47,85.99,108.28,73.54,98.4,101.0998488,90.4
2016/8/10,43.61,86.31,108.82,73.95,99.17,101.0998488,90.4
2016/8/11,43.75,86.73,108.48,73.8,98.86,101.0998488,90.4
2016/8/12,44.03,87.04,108.59,73.89,99,101.0998488,90.4
2016/8/15,44.24,87.02,108.72,73.32,98.61,101.0998488,90.4
2016/8/16,43.83,86.58,108,72.89,99.47,101.0998488,90.4
2016/8/17,44.06,86.96,108.47,72.93,100.29,101.0998488,90.4
2016/8/18,44.1,87.44,108.28,74.3,100.34,101.0998488,90.4
2016/8/19,43.92,87.31,108.17,72.81,99.93,101.0998488,90.4
2016/8/22,43.74,86.85,107.96,72.7,100.12,101.0998488,90.4
2016/8/23,43.85,87.4,107.88,71.97,100.39,101.0998488,90.4
2016/8/24,43.85,87.31,108.11,72.23,100.13,101.0998488,90.4
2016/8/25,43.67,87.9,107.88,71.22,99.84,101.0998488,90.4
2016/8/26,43.32,87.58,107.45,71.14,99.1,101.0998488,90.4
2016/8/29,43.54,88.3,107.99,71.4,100.26,101.0998488,90.4
2016/8/30,43.24,87.54,107.21,71.31,99.97,101.0998488,90.4
2016/8/31,43.43,87.31,106.75,71.44,99.93,101.0998488,90.4
2016/9/1,43.35,88.31,107.29,72.84,100.62,101.3020485,89.8
2016/9/2,43.66,88.2,107.87,72.5,101.77,101.3020485,89.8
2016/9/6,43.79,88.64,107.92,73,102.36,101.3020485,89.8
2016/9/7,43.64,87.95,107.21,72.06,102.09,101.3020485,89.8
2016/9/8,43.63,87.78,106.88,71.83,101.32,101.3020485,89.8
2016/9/9,42.27,86.24,104.05,70.3,97.54,101.3020485,89.8
2016/9/12,43.19,88.25,106.02,71.94,100.64,101.3020485,89.8
2016/9/13,42.28,87.05,104.59,71.46,98.93,101.3020485,89.8
2016/9/14,42.11,87.01,105.05,71.52,98.62,101.3020485,89.8
2016/9/15,42.36,88.06,105.48,72.4,99.75,101.3020485,89.8
2016/9/16,42.14,88.05,105.28,72.87,98.84,101.3020485,89.8
2016/9/19,42.1,88.37,105.67,72.09,98.82,101.3020485,89.8
2016/9/20,42.34,88.58,106.3,71.97,99.21,101.3020485,89.8
2016/9/21,42.53,87.8,107.13,72.19,100.65,101.3020485,89.8
2016/9/22,42.96,88.99,107.82,72.27,101.72,101.3020485,89.8
2016/9/23,42.74,87.76,107.34,72.35,101.53,101.3020485,89.8
2016/9/26,42.05,87.85,107.03,71.62,99.14,101.3020485,89.8
2016/9/27,42.59,88.36,107.49,72.33,99.33,101.3020485,89.8
2016/9/28,42.15,89.46,107.38,71.79,99.41,101.3020485,89.8
2016/9/29,42.03,88.23,107.76,70.73,97.78,101.3020485,89.8
2016/9/30,42.32,89.75,108.77,72.12,97.22,101.3020485,89.8
2016/10/3,42.03,88.66,108.25,72.01,97.42,101.6059547,87.9
2016/10/4,41.84,88.35,107.1,71.75,96.1,101.6059547,87.9
2016/10/5,41.81,88.85,106.01,71.67,95.68,101.6059547,87.9
2016/10/6,41.71,89.22,106.4,69.36,95.64,101.6059547,87.9
2016/10/7,41.73,90,105.99,68.7,96.02,101.6059547,87.9
2016/10/10,41.73,89.06,106.22,67.98,96.25,101.6059547,87.9
2016/10/11,41.54,88.54,105.57,67.39,95.52,101.6059547,87.9
2016/10/12,41.78,88.57,106.08,67.46,96.09,101.6059547,87.9
2016/10/13,41.76,88.24,105.92,68.23,96.2,101.6059547,87.9
2016/10/14,41.67,88.43,106.83,68.45,95.83,101.6059547,87.9
2016/10/17,41.6,87.83,106.85,68.22,95.51,101.6059547,87.9
2016/10/18,41.97,87.45,106.95,68.87,96.56,101.6059547,87.9
2016/10/19,42.05,85.54,106.26,68.89,95.98,101.6059547,87.9
2016/10/20,41.93,84.93,105.87,68.73,95.57,101.6059547,87.9
2016/10/21,42.13,84.33,105.62,68.34,96.31,101.6059547,87.9
2016/10/24,42.56,84.1,107.31,69.19,96.91,101.6059547,87.9
2016/10/25,42.54,86.97,107.23,69.36,96.58,101.6059547,87.9
2016/10/26,42.44,87.4,107.07,69.59,96.05,101.6059547,87.9
2016/10/27,42.12,86.58,106.63,69.83,95.78,101.6059547,87.9
2016/10/28,42.23,86.84,107.07,69.99,96.31,101.6059547,87.9
2016/10/31,42.4,86.8,107.2,70.02,96.44,101.6059547,87.9
2016/11/1,42.12,86.85,106.71,69.3,96.08,102.0123785,91.6
2016/11/2,42.05,86.74,106.71,69.45,96.05,102.0123785,91.6
2016/11/3,42.03,86.6,106.63,69.63,96.23,102.0123785,91.6
2016/11/4,41.69,85.08,105.81,69.16,95.49,102.0123785,91.6
2016/11/7,42.46,86.56,106.96,69.78,97.33,102.0123785,91.6
2016/11/8,42.88,87.46,108.72,69.79,97.86,102.0123785,91.6
2016/11/9,42.27,85.93,107.25,71.1,94.35,102.0123785,91.6
2016/11/10,40.94,82.96,103.25,71.39,90.5,102.0123785,91.6
2016/11/11,41.03,83.58,103.19,71.23,88.95,102.0123785,91.6
2016/11/14,41.17,83,101.39,70.49,87.33,102.0123785,91.6
2016/11/15,41.44,83.62,101.85,71.42,87.5,102.0123785,91.6
2016/11/16,41.26,83.19,101.71,71.39,87.92,102.0123785,91.6
2016/11/17,41.12,83.07,101.62,69.19,89.27,102.0123785,91.6
2016/11/18,40.91,82,101.31,68.54,89.09,102.0123785,91.6
2016/11/21,41.36,82.64,102.26,69.37,89.62,102.0123785,91.6
2016/11/22,41.37,82.76,102.89,70.12,90,102.0123785,91.6
2016/11/23,41.12,82.68,101.53,70.83,88.89,102.0123785,91.6
2016/11/25,41.53,83.46,102.17,71.23,89.29,102.0123785,91.6
2016/11/28,41.75,83.07,102.79,71.19,90.24,102.0123785,91.6
2016/11/29,41.15,82.89,102.54,71.37,90.6,102.0123785,91.6
2016/11/30,40.35,82.46,100.1,70.43,88.28,102.0123785,91.6
2016/12/1,40.17,81.86,99.03,70.67,87.77,102.2164033,98
2016/12/2,40.36,82.4,100.6,70.88,88.08,102.2164033,98
2016/12/5,40.62,82.99,100.71,69.94,87.77,102.2164033,98
2016/12/6,40.57,82.91,101.55,70.36,88.18,102.2164033,98
2016/12/7,41.29,84.18,102.81,70.6,89.87,102.2164033,98
2016/12/8,40.98,83.5,102.15,70.34,89.39,102.2164033,98
2016/12/9,42,84.37,103.57,70.08,90.24,102.2164033,98
2016/12/12,41.9,85.13,104.72,71.67,90.82,102.2164033,98
2016/12/13,41.76,85.18,105.63,71.8,92.03,102.2164033,98
2016/12/14,41.21,84.37,104.47,71.34,90.72,102.2164033,98
2016/12/15,41.55,84.68,105.3,71.08,89.9,102.2164033,98
2016/12/16,41.74,84.68,105.87,70.98,91.31,102.2164033,98
2016/12/19,41.67,84.71,105.41,71.58,91.46,102.2164033,98
2016/12/20,41.66,84.57,104.9,71.82,90.7,102.2164033,98
2016/12/21,41.57,84.28,104.7,71.24,91.31,102.2164033,98
2016/12/22,41.55,84.47,105.35,69.59,91.61,102.2164033,98
2016/12/23,41.6,84.96,105.09,69.54,91.58,102.2164033,98
2016/12/27,41.61,84.6,105.13,69.7,91.33,102.2164033,98
2016/12/28,41.39,84.07,104.62,69.31,90.94,102.2164033,98
2016/12/29,41.6,84.35,104.99,69.26,91.73,102.2164033,98
2016/12/30,41.46,84.08,104.63,69.12,91.49,102.2164033,98
2017/1/3,41.8,84.2,104.65,68.66,91.23,102.5230525,98.1
2017/1/4,41.65,84.5,104.85,69.06,90.42,102.5230525,98.1
2017/1/5,41.75,85.06,104.71,69.21,91.13,102.5230525,98.1
2017/1/6,41.74,85.03,104.56,68.26,91.84,102.5230525,98.1
2017/1/9,41.32,84.4,103.46,68.71,91.31,102.5230525,98.1
2017/1/10,41.04,83.49,101.97,68.23,90.52,102.5230525,98.1
2017/1/11,41.05,83.75,101.81,68.53,90.44,102.5230525,98.1
2017/1/12,40.95,83.84,101.84,67.97,90.51,102.5230525,98.1
2017/1/13,40.88,84.01,101.55,67.13,90.4,102.5230525,98.1
2017/1/17,41.22,85.21,102.19,68.42,92.36,102.5230525,98.1
2017/1/18,41.29,84.93,102.74,68.11,93.49,102.5230525,98.1
2017/1/19,41.14,84.7,102.36,67.62,93.85,102.5230525,98.1
2017/1/20,41.32,87.45,103.24,67.18,94.57,102.5230525,98.1
2017/1/23,41.43,86.96,104.01,66.65,94.76,102.5230525,98.1
2017/1/24,41.9,87.86,104.71,67.4,95.78,102.5230525,98.1
2017/1/25,42.12,87.16,104.61,66.89,96.39,102.5230525,98.1
2017/1/26,41.81,86.6,104.14,66.73,96.36,102.5230525,98.1
2017/1/27,41.45,86.72,103.48,65.66,96.32,102.5230525,98.1
2017/1/30,41.38,86.75,103.69,66.42,95.96,102.5230525,98.1
2017/1/31,41.57,87.6,103.78,66.74,96.13,102.5230525,98.1
2017/2/1,41.26,87.33,103.01,66.23,95.95,103.1381908,95.7
2017/2/2,41.4,87.76,104.03,66.7,98.84,103.1381908,95.7
2017/2/3,41.54,87.41,105.11,66.5,101.11,103.1381908,95.7
2017/2/6,41.56,87.4,104.57,66.4,100,103.1381908,95.7
2017/2/7,41.9,88.01,105.61,66.89,101.63,103.1381908,95.7
2017/2/8,42.02,88.33,105.69,67.81,102.63,103.1381908,95.7
2017/2/9,41.25,88.67,105.97,69.08,102.77,103.1381908,95.7
2017/2/10,40.58,87.97,106.1,68.02,102.63,103.1381908,95.7
2017/2/13,40.62,88.31,106.52,67.77,102.73,103.1381908,95.7
2017/2/14,40.53,87.86,106.92,68.66,102.58,103.1381908,95.7
2017/2/15,40.44,91.12,106.73,68.69,102.93,103.1381908,95.7
2017/2/16,41.2,90.79,108.12,68.87,102.99,103.1381908,95.7
2017/2/17,41.23,91.09,108.15,69.37,103.66,103.1381908,95.7
2017/2/21,41.46,91.67,109.36,71.45,104.56,103.1381908,95.7
2017/2/22,41.6,91.44,109.41,71.71,104.53,103.1381908,95.7
2017/2/23,41.66,91.13,109.54,71.31,106.52,103.1381908,95.7
2017/2/24,41.78,91.05,109.83,72.39,107.72,103.1381908,95.7
2017/2/27,41.67,90.89,109.27,71.74,108.7,103.1381908,95.7
2017/2/28,41.96,91.07,110.38,70.93,109.35,103.1381908,95.7
2017/3/1,42.16,91.66,109.73,70.45,110.22,103.241329,97.6
2017/3/2,42.47,90.91,110.11,70.76,109.8,103.241329,97.6
2017/3/3,42.48,90.5,110.56,70.03,110.21,103.241329,97.6
2017/3/6,42.18,90.37,109.63,69.88,109.73,103.241329,97.6
2017/3/7,41.99,90.29,109.32,69.87,110.55,103.241329,97.6
2017/3/8,41.99,90.14,109.3,69.8,109.72,103.241329,97.6
2017/3/9,42.03,90.34,109.02,69.86,110.28,103.241329,97.6
2017/3/10,42.29,91.07,109.59,70.1,110.54,103.241329,97.6
2017/3/13,42.03,91.31,109.41,69.95,111.02,103.241329,97.6
2017/3/14,41.97,91,109.34,70.72,110.77,103.241329,97.6
2017/3/15,42.12,91.4,111.11,70.58,112.42,103.241329,97.6
2017/3/16,42.25,91.44,111.14,70.44,112.7,103.241329,97.6
2017/3/17,42.03,91,111.39,69.89,113,103.241329,97.6
2017/3/20,42.18,91.22,111.15,69.98,114.01,103.241329,97.6
2017/3/21,42.5,91.19,111.77,69.9,113.49,103.241329,97.6
2017/3/22,42.38,90.99,112.02,70.25,113,103.241329,97.6
2017/3/23,42.17,90.77,111.78,69.86,112.95,103.241329,97.6
2017/3/24,42.12,90.57,112.12,69.61,111.79,103.241329,97.6
2017/3/27,42.32,90.49,111.83,69.66,112.38,103.241329,97.6
2017/3/28,42.43,90.76,112.45,70.32,112.8,103.241329,97.6
2017/3/29,42.42,90.6,112.43,70.74,113.4,103.241329,97.6
2017/3/30,42.6,90.2,112.18,71.59,113.52,103.241329,97.6
2017/3/31,42.44,89.85,111.86,72.08,112.9,103.241329,97.6
2017/4/3,42.41,89.68,111.86,71.83,112.91,102.931605,98
2017/4/4,42.68,89.91,112.08,72.01,113.45,102.931605,98
2017/4/5,42.57,89.97,111.94,71.65,113.19,102.931605,98
2017/4/6,42.67,89.4,111.58,71.43,112.59,102.931605,98
2017/4/7,42.61,89.23,111.61,72.9,113.6,102.931605,98
2017/4/10,42.69,89.49,112.02,73.06,113.05,102.931605,98
2017/4/11,42.66,89.8,111.73,73.43,113.42,102.931605,98
2017/4/12,42.94,90.31,113.61,73.44,113.78,102.931605,98
2017/4/13,42.79,90.03,112.68,73.15,113.06,102.931605,98
2017/4/17,43.07,90.39,113.32,73.49,114.74,102.931605,98
2017/4/18,43.48,90.8,114.28,73.89,115.21,102.931605,98
2017/4/19,43.23,89.6,113.62,74.07,113.91,102.931605,98
2017/4/20,43.09,89.33,113.59,74.8,109.98,102.931605,98
2017/4/21,43.07,88.62,113.43,74.94,109.62,102.931605,98
2017/4/24,43.28,89.55,114.32,74.78,112.39,102.931605,98
2017/4/25,43.11,90,114.16,75.05,113.09,102.931605,98
2017/4/26,43.24,87.74,113.33,75.43,111.15,102.931605,98
2017/4/27,43.01,87.69,112.64,75.44,110.19,102.931605,98
2017/4/28,43.15,87.33,113.28,75.18,110.84,102.931605,98
2017/5/1,43.22,87.09,112.28,75.23,110.55,103.1374682,97.7
2017/5/2,43.39,86.22,112.29,75.52,110.47,103.1374682,97.7
2017/5/3,43.32,86.43,111.79,75.76,110.61,103.1374682,97.7
2017/5/4,43.66,86.45,112.96,76.34,111.2,103.1374682,97.7
2017/5/5,43.69,86.5,113.22,76.5,112.25,103.1374682,97.7
2017/5/8,43.89,86.55,113.22,76.12,112.63,103.1374682,97.7
2017/5/9,43.51,86.4,112.72,76.72,111.93,103.1374682,97.7
2017/5/10,43.57,86.49,112.84,76.7,110.83,103.1374682,97.7
2017/5/11,43.67,86.17,113.04,76.13,111.19,103.1374682,97.7
2017/5/12,43.59,86.19,112.91,75.71,111.71,103.1374682,97.7
2017/5/15,43.73,86.33,113.94,76.29,112.36,103.1374682,97.7
2017/5/16,43.85,86.24,113.79,75.11,113.52,103.1374682,97.7
2017/5/17,43.93,86.26,113.74,75.12,113.75,103.1374682,97.7
2017/5/18,43.8,85.87,114.03,77.54,113.58,103.1374682,97.7
2017/5/19,43.9,86.24,113.69,78.77,114.74,103.1374682,97.7
2017/5/22,44.18,86.21,114.7,78.55,116.22,103.1374682,97.7
2017/5/23,44.39,86.08,115.05,78.49,116.46,103.1374682,97.7
2017/5/24,45.03,86.5,116.06,78.15,117.43,103.1374682,97.7
2017/5/25,45.41,86.86,117.53,78.31,119.48,103.1374682,97.7
2017/5/26,45.39,87.25,117.91,78.13,119.83,103.1374682,97.7
2017/5/30,45.43,87.4,118.01,78.15,119.95,103.1374682,97.7
2017/5/31,45.47,88.09,116.87,78.6,119.8,103.1374682,97.7
2017/6/1,45.79,88.13,117.23,79.81,120.9,103.0343307,94.5
2017/6/2,45.89,88.59,117.67,79.62,121.79,103.0343307,94.5
2017/6/5,45.99,88.74,117.88,80.26,121.97,103.0343307,94.5
2017/6/6,45.98,88.8,117.7,78.93,122,103.0343307,94.5
2017/6/7,45.51,88.77,117.05,79.15,122.3,103.0343307,94.5
2017/6/8,45.13,87.85,115.89,78.93,121.11,103.0343307,94.5
2017/6/9,45.32,88.16,115.94,79.42,120.12,103.0343307,94.5
2017/6/12,45.33,88.24,116.23,79.24,119.17,103.0343307,94.5
2017/6/13,45.03,88.06,116.32,79.52,118.69,103.0343307,94.5
2017/6/14,45.3,88.44,117.37,79.9,119.75,103.0343307,94.5
2017/6/15,45.25,89.38,117.21,78.91,120.51,103.0343307,94.5
2017/6/16,45.31,89.66,116.86,75.24,121.84,103.0343307,94.5
2017/6/19,45.38,89.86,117.29,75.5,122.9,103.0343307,94.5
2017/6/20,45.61,89.63,117.95,75.54,122.11,103.0343307,94.5
2017/6/21,45.22,89.4,117.42,76.24,120.19,103.0343307,94.5
2017/6/22,45.07,89.03,116.15,75.52,119.71,103.0343307,94.5
2017/6/23,45.25,89.42,116.96,74.84,119.56,103.0343307,94.5
2017/6/26,45.43,89.36,117.12,75.5,119.51,103.0343307,94.5
2017/6/27,45.05,88.61,115.94,76.01,118.14,103.0343307,94.5
2017/6/28,45.32,88.37,116.38,76.51,118.93,103.0343307,94.5
2017/6/29,44.83,86.99,115.18,75.93,117.08,103.0343307,94.5
2017/6/30,44.85,87.15,115.49,75.68,117.45,103.0343307,94.5
2017/7/3,44.76,87.74,115.44,75.36,116.9,103.0343307,93.1
2017/7/5,44.82,87.67,115.3,75.32,118.54,103.0343307,93.1
2017/7/6,44.4,87.37,115.13,75.47,118.35,103.0343307,93.1
2017/7/7,44.39,87.65,115.51,75.33,117.9,103.0343307,93.1
2017/7/10,44.38,87.09,114.27,73.23,118.16,103.0343307,93.1
2017/7/11,44.33,86.77,113.74,73.47,117.21,103.0343307,93.1
2017/7/12,44.51,86.96,114.77,73.94,118.23,103.0343307,93.1
2017/7/13,44.43,86.7,114.02,75.05,117.51,103.0343307,93.1
2017/7/14,44.68,87.1,114.93,76.34,119.13,103.0343307,93.1
2017/7/17,44.73,87.55,114.93,76.37,119,103.0343307,93.1
2017/7/18,44.67,88.64,115.01,76.2,119.64,103.0343307,93.1
2017/7/19,44.83,88.35,115.34,75.87,121.62,103.0343307,93.1
2017/7/20,44.82,88.6,115.51,76.02,119.86,103.0343307,93.1
2017/7/21,45.03,88.61,116.63,76.15,119.58,103.0343307,93.1
2017/7/24,44.84,88.18,116.13,76.89,118.89,103.0343307,93.1
2017/7/25,45.24,89.14,116.45,78.52,117.82,103.0343307,93.1
2017/7/26,45.74,89.3,117.19,78.9,117.65,103.0343307,93.1
2017/7/27,46.12,90.68,117.34,79.78,118.19,103.0343307,93.1
2017/7/28,46.01,90.21,116.61,79.81,118.51,103.0343307,93.1
2017/7/31,45.84,90.82,116.61,79.99,116.71,103.0343307,93.1
2017/8/1,45.7,91.1,115.92,80.5,115.88,103.1373651,97.6
2017/8/2,45.59,91.04,115.61,80.53,114.46,103.1373651,97.6
2017/8/3,45.67,90.86,116.3,80.87,114.49,103.1373651,97.6
2017/8/4,45.5,90.67,116.37,80.48,114.76,103.1373651,97.6
2017/8/7,45.64,91.44,116.96,81.28,115.86,103.1373651,97.6
2017/8/8,45.6,91.58,116.71,81.59,114.67,103.1373651,97.6
2017/8/9,45.59,91.92,116.63,81.61,115.41,103.1373651,97.6
2017/8/10,45.74,91.74,116.38,80.66,114.22,103.1373651,97.6
2017/8/11,45.59,91.34,116.51,80.4,114.88,103.1373651,97.6
2017/8/14,45.8,91.65,117.84,80.7,114.76,103.1373651,97.6
2017/8/15,46.19,92.2,118.97,80.77,116.82,103.1373651,97.6
2017/8/16,46.2,92.44,119.1,80.98,117.73,103.1373651,97.6
2017/8/17,45.86,92.07,118.39,79.7,115.93,103.1373651,97.6
2017/8/18,45.67,92.47,117.6,79.31,115.33,103.1373651,97.6
2017/8/21,45.68,92.86,118.26,79.71,116.25,103.1373651,97.6
2017/8/22,45.6,92.79,117.92,80.02,116.23,103.1373651,97.6
2017/8/23,45.54,92.44,117.29,79.96,115.46,103.1373651,97.6
2017/8/24,45.41,92.27,116.22,78.34,114.52,103.1373651,97.6
2017/8/25,45.57,92.51,115.85,78.63,114.8,103.1373651,97.6
2017/8/28,45.42,92.47,115.54,78.03,115.54,103.1373651,97.6
2017/8/29,45.45,92.32,115.84,78.77,116.55,103.1373651,97.6
2017/8/30,45.39,91.87,115.15,78.54,116.43,103.1373651,97.6
2017/8/31,45.55,92.27,115.73,78.07,116.93,103.1373651,97.6
2017/9/1,45.78,92.53,115.84,78.37,117.83,103.5499145,95.3
2017/9/5,45.92,92.72,115.87,79.8,117.67,103.5499145,95.3
2017/9/6,45.96,92.72,116.35,80.08,118.62,103.5499145,95.3
2017/9/7,46.28,92.97,116.99,80.12,118.92,103.5499145,95.3
2017/9/8,46.3,92.84,115.04,78.88,117.06,103.5499145,95.3
2017/9/11,46.52,93.99,115.69,79.08,117.93,103.5499145,95.3
2017/9/12,46.72,93.51,115,79.61,117.05,103.5499145,95.3
2017/9/13,46.87,93.55,114.45,79.86,116.86,103.5499145,95.3
2017/9/14,46.11,93.55,114.19,79.68,116.73,103.5499145,95.3
2017/9/15,46.18,93.27,114.85,80.38,115.79,103.5499145,95.3
2017/9/18,46.11,93.15,114.99,80,116.08,103.5499145,95.3
2017/9/19,45.98,94.17,114.49,80.05,115.36,103.5499145,95.3
2017/9/20,45.78,94.4,113.58,80.5,113.43,103.5499145,95.3
2017/9/21,45.4,92.64,112.8,80.01,112.92,103.5499145,95.3
2017/9/22,45.49,92.24,111.85,79.53,112.51,103.5499145,95.3
2017/9/25,45.69,92.72,111.94,79.15,113.25,103.5499145,95.3
2017/9/26,45.57,92.65,111.81,79.39,112.21,103.5499145,95.3
2017/9/27,44.64,90.87,111.1,79.29,111.61,103.5499145,95.3
2017/9/28,44.91,90.89,111.64,78.95,111.8,103.5499145,95.3
2017/9/29,45.01,90.98,111.43,78.14,111.01,103.5499145,95.3
2017/10/2,44.8,91.77,109.12,78.45,110.87,104.0676641,101.1
2017/10/3,45.19,92.12,109.13,79.22,110.19,104.0676641,101.1
2017/10/4,45.5,92.42,109.34,79.09,111.42,104.0676641,101.1
2017/10/5,45.52,92.03,110.45,79.41,111.54,104.0676641,101.1
2017/10/6,45.49,92.33,110.4,79,111.27,104.0676641,101.1
2017/10/9,45.41,92.12,110.01,80.53,113.37,104.0676641,101.1
2017/10/10,45.87,91.62,110.78,84.13,115.17,104.0676641,101.1
2017/10/11,46.1,91.46,111.51,85.73,114.26,104.0676641,101.1
2017/10/12,46.11,92.15,112.45,86.1,114.53,104.0676641,101.1
2017/10/13,46.18,93.04,112.62,86.62,113.99,104.0676641,101.1
2017/10/16,46.62,93.14,113.57,85.74,113.52,104.0676641,101.1
2017/10/17,46.52,92.8,112.19,85.98,112.65,104.0676641,101.1
2017/10/18,46.4,92.77,111.95,86.22,112.51,104.0676641,101.1
2017/10/19,46.59,91.59,112.67,86.4,108.15,104.0676641,101.1
2017/10/20,46.38,88.25,111.61,87.44,109.52,104.0676641,101.1
2017/10/23,46.32,87.3,111.69,88.65,109.36,104.0676641,101.1
2017/10/24,46.18,86.98,110.75,87.98,108.57,104.0676641,101.1
2017/10/25,46.05,86.86,110.07,88.48,107,104.0676641,101.1
2017/10/26,46.23,87.5,110.73,88.62,106.93,104.0676641,101.1
2017/10/27,46.07,87.04,110.6,88.17,105.94,104.0676641,101.1
2017/10/30,45.86,86.27,109.65,86.95,104.7,104.0676641,101.1
2017/10/31,45.98,86.34,110.23,87.31,104.64,104.0676641,101.1
2017/11/1,45.8,86.89,110.13,87.94,103.75,104.1717318,97.8
2017/11/2,45.88,86.51,110.05,88.8,102.8,104.1717318,97.8
2017/11/3,45.97,86.58,110.22,89.68,102.66,104.1717318,97.8
2017/11/6,45.47,86.05,109.26,88.7,102.14,104.1717318,97.8
2017/11/7,45.94,86.98,110.47,88.95,103.02,104.1717318,97.8
2017/11/8,46.18,87.58,112,90.26,103.09,104.1717318,97.8
2017/11/9,46.23,87.78,111.48,90.3,102.46,104.1717318,97.8
2017/11/10,46.54,88.16,112.75,90.92,103.02,104.1717318,97.8
2017/11/13,46.72,89,114.04,90.99,103.51,104.1717318,97.8
2017/11/14,47.43,88.87,115.76,91.09,102.72,104.1717318,97.8
2017/11/15,46.81,88.23,115.1,89.83,102.05,104.1717318,97.8
2017/11/16,46.55,89.25,115.23,99.62,102.66,104.1717318,97.8
2017/11/17,45.71,88.43,114.68,97.47,102.64,104.1717318,97.8
2017/11/20,45.46,88.27,114.91,97.48,102.54,104.1717318,97.8
2017/11/21,45.78,88.72,116.05,96.52,103.36,104.1717318,97.8
2017/11/22,45.84,88.33,115.08,96.41,103.54,104.1717318,97.8
2017/11/24,45.88,88.45,115.9,96.62,103.18,104.1717318,97.8
2017/11/27,45.9,88.96,115.85,96.62,102.72,104.1717318,97.8
2017/11/28,45.83,89.4,116.77,96.77,102.88,104.1717318,97.8
2017/11/29,45.5,89.38,116.84,97.56,102.68,104.1717318,97.8
2017/11/30,45.77,89.99,116.52,97.23,102.75,104.1717318,97.8
2017/12/1,45.97,90.36,116.78,97.35,103.71,104.5884187,96.8
2017/12/4,46.23,91.41,117.46,97.01,104.61,104.5884187,96.8
2017/12/5,46.26,91.4,117.59,97.83,105.46,104.5884187,96.8
2017/12/6,46.45,91.25,118.9,97.28,107.6,104.5884187,96.8
2017/12/7,45.78,90.1,116.73,96.78,106.7,104.5884187,96.8
2017/12/8,45.31,90.37,116.57,96.55,106.59,104.5884187,96.8
2017/12/11,45.33,90.23,117.39,96.93,106.04,104.5884187,96.8
2017/12/12,45.29,89.85,117.4,96.7,107.3,104.5884187,96.8
2017/12/13,45.9,90.88,117.8,97.76,108.24,104.5884187,96.8
2017/12/14,46.03,91,118.02,97.13,107.68,104.5884187,96.8
2017/12/15,46.19,91.89,119.22,97.11,109.68,104.5884187,96.8
2017/12/18,45.93,91.88,118.05,97.9,107.97,104.5884187,96.8
2017/12/19,46.13,91.68,118.61,98.8,108.12,104.5884187,96.8
2017/12/20,46.08,91.53,119.02,98.75,104.37,104.5884187,96.8
2017/12/21,45.6,91.67,118.26,98.06,104.78,104.5884187,96.8
2017/12/22,45.59,92.13,118.6,98.21,104.65,104.5884187,96.8
2017/12/26,45.81,92.48,118.89,99.16,104.11,104.5884187,96.8
2017/12/27,45.93,92.1,119.3,99.26,104.71,104.5884187,96.8
2017/12/28,45.72,92.07,119.35,99.4,104.81,104.5884187,96.8
2017/12/29,45.88,91.88,119.92,98.75,105.65,104.5884187,96.8
2018/1/2,45.54,90.65,118.06,98.59,104.39,104.6930071,94.4
2018/1/3,45.44,90.54,117.75,99.45,104.26,104.6930071,94.4
2018/1/4,46.08,91.18,118.33,99.54,103.47,104.6930071,94.4
2018/1/5,46.07,91.24,118.67,100.13,104.3,104.6930071,94.4
2018/1/8,46,91.72,117.99,101.61,104.14,104.6930071,94.4
2018/1/9,46.23,91.05,118.08,100.39,104.89,104.6930071,94.4
2018/1/10,46.07,90.47,117.48,99.67,105.63,104.6930071,94.4
2018/1/11,46.04,90.15,116.88,100.02,104.86,104.6930071,94.4
2018/1/12,46.15,89.61,117.38,100.87,104.5,104.6930071,94.4
2018/1/16,46.53,90.22,117.86,100.69,104.87,104.6930071,94.4
2018/1/17,46.82,91.2,119.18,102.7,105.79,104.6930071,94.4
2018/1/18,46.88,90.18,119.05,104.3,105.07,104.6930071,94.4
2018/1/19,47.16,91.07,120.17,104.59,108.92,104.6930071,94.4
2018/1/22,47.38,91.89,121.51,105.45,108.81,104.6930071,94.4
2018/1/23,47.45,89.05,121.3,105.9,109.53,104.6930071,94.4
2018/1/24,47.83,88.31,121.14,105.79,110.6,104.6930071,94.4
2018/1/25,47.84,88.34,120.9,106.6,107.49,104.6930071,94.4
2018/1/26,48.53,87.73,121.76,108.39,110.19,104.6930071,94.4
2018/1/29,47.7,86.86,119.67,109.55,108.61,104.6930071,94.4
2018/1/30,47.41,86.95,119.89,107.73,107.94,104.6930071,94.4
2018/1/31,47.59,86.34,120.3,106.6,107.23,104.6930071,94.4
2018/2/1,47.45,85.85,120.3,105.52,105.17,105.2164721,99.9
2018/2/2,46.73,84.25,118.67,104.48,103.44,105.2164721,99.9
2018/2/5,44.89,81.06,114.46,100.09,98.69,105.2164721,99.9
2018/2/6,44.67,82.38,113.56,100.9,100.33,105.2164721,99.9
2018/2/7,44.56,81.84,113.5,102.85,98.88,105.2164721,99.9
2018/2/8,43.1,80.22,110.15,100.02,100.39,105.2164721,99.9
2018/2/9,43.13,79.92,111.18,99.37,99.94,105.2164721,99.9
2018/2/12,43.97,81.33,111.93,99.55,102.4,105.2164721,99.9
2018/2/13,44.19,81.5,112.14,100.98,103.05,105.2164721,99.9
2018/2/14,44.1,80.68,109.11,101.7,102.54,105.2164721,99.9
2018/2/15,44.78,82.41,110.97,103.23,103.69,105.2164721,99.9
2018/2/16,44.98,82.6,111.06,104.78,104.31,105.2164721,99.9
2018/2/20,43.99,81.34,109.48,94.11,102.85,105.2164721,99.9
2018/2/21,43.34,80.24,108,91.52,103.72,105.2164721,99.9
2018/2/22,43.52,80.84,109.26,92.77,102.98,105.2164721,99.9
2018/2/23,44.04,81.05,109.68,92.89,106.11,105.2164721,99.9
2018/2/26,44.03,81.63,110.94,93.12,106.68,105.2164721,99.9
2018/2/27,43.62,80.54,110.89,91.52,104.08,105.2164721,99.9
2018/2/28,43.22,78.52,109.73,90.01,103.55,105.2164721,99.9
2018/3/1,43.43,78.7,108.12,89.08,104.68,105.4269051,102
2018/3/2,43.72,79.5,109.04,88.77,106.81,105.4269051,102
2018/3/5,43.89,80.29,109.43,89.98,107.7,105.4269051,102
2018/3/6,43.93,80.02,109.58,89.06,107.98,105.4269051,102
2018/3/7,43.82,79.16,109.84,87.74,106.89,105.4269051,102
2018/3/8,44.45,79.97,112.08,87.92,109,105.4269051,102
2018/3/9,44.82,80.29,112.54,88.72,108.3,105.4269051,102
2018/3/12,44.53,79.86,112.75,88.07,107.14,105.4269051,102
2018/3/13,44.57,79.72,113.6,88.3,107.24,105.4269051,102
2018/3/14,43.78,79,112.61,87.67,105.61,105.4269051,102
2018/3/15,43.67,78.67,111.99,87.51,104.99,105.4269051,102
2018/3/16,43.46,78.97,111.64,89.17,103.46,105.4269051,102
2018/3/19,43.26,78.66,110.36,87.45,101.74,105.4269051,102
2018/3/20,43.16,78.31,109.9,87.95,100.27,105.4269051,102
2018/3/21,43,77.04,108.74,88.18,97.75,105.4269051,102
2018/3/22,42.76,76.41,107.94,87.14,97.67,105.4269051,102
2018/3/23,42.33,75.91,106.15,85.42,95.63,105.4269051,102
2018/3/26,42.69,76.41,106.81,87.5,96.35,105.4269051,102
2018/3/27,42.89,77.79,107.64,86.05,96.73,105.4269051,102
2018/3/28,43.32,78.84,109.18,87.77,99.79,105.4269051,102
2018/3/29,43.43,79.28,109.15,88.97,99.4,105.4269051,102
2018/4/2,42.67,77.4,107.05,85.55,97.54,105.3214782,97.8
2018/4/3,43.38,78.46,108.19,86.8,99.85,105.3214782,97.8
2018/4/4,44.24,79.05,110.18,87.22,100.92,105.3214782,97.8
2018/4/5,44.4,78.8,110.57,87.81,101.7,105.3214782,97.8
2018/4/6,43.92,78.43,109.3,86.69,101.02,105.3214782,97.8
2018/4/9,43.83,78.16,109.38,86.28,100.7,105.3214782,97.8
2018/4/10,43.99,78.37,109.4,86.45,101.1,105.3214782,97.8
2018/4/11,43.99,78.27,108.68,85.91,100.72,105.3214782,97.8
2018/4/12,44.03,77.79,108.31,85.43,100.25,105.3214782,97.8
2018/4/13,44.51,78.37,109.26,86.02,101.85,105.3214782,97.8
2018/4/16,44.68,78.61,109.92,86.84,102.95,105.3214782,97.8
2018/4/17,44.88,78.43,108.87,87.9,103.3,105.3214782,97.8
2018/4/18,44.51,78.2,106.98,87.57,101.44,105.3214782,97.8
2018/4/19,44.31,74.95,105.57,87.89,85.64,105.3214782,97.8
2018/4/20,43.74,73.8,102.48,86.98,84.27,105.3214782,97.8
2018/4/23,43.98,73,102.58,86.1,83.67,105.3214782,97.8
2018/4/24,43.07,72.5,101.44,86.53,82.49,105.3214782,97.8
2018/4/25,42.43,72.3,101.15,87.17,81.81,105.3214782,97.8
2018/4/26,42.75,72.75,103.26,87.94,81.49,105.3214782,97.8
2018/4/27,43.31,72.81,101.71,87.29,82.56,105.3214782,97.8
2018/4/30,43.21,72.34,100.94,88.46,82,105.3214782,97.8
2018/5/1,42.59,71.96,99.13,87.41,81.2,105.5321211,98.8
2018/5/2,42.06,70.94,97.23,86.34,80.1,105.5321211,98.8
2018/5/3,41.89,71.36,97.6,86.23,80.44,105.5321211,98.8
2018/5/4,42.36,72.43,98.99,87.53,81.87,105.5321211,98.8
2018/5/7,42.14,71.98,98.23,85.47,81.51,105.5321211,98.8
2018/5/8,41.81,71.44,96.79,85.74,80.81,105.5321211,98.8
2018/5/9,41.78,72.37,96.16,83.06,81.99,105.5321211,98.8
2018/5/10,42.18,73.15,97.27,82.69,83,105.5321211,98.8
2018/5/11,42.14,73.37,97.43,83.38,81.2,105.5321211,98.8
2018/5/14,42.04,73.28,97.15,84.39,80.86,105.5321211,98.8
2018/5/15,41.72,72.95,96.8,84.52,79.93,105.5321211,98.8
2018/5/16,41.55,73.53,97.19,86.13,80.89,105.5321211,98.8
2018/5/17,42.3,73.96,97.92,84.49,81.04,105.5321211,98.8
2018/5/18,42.18,73.45,97.51,83.64,80.75,105.5321211,98.8
2018/5/21,42.41,74.06,99.51,84.51,80.15,105.5321211,98.8
2018/5/22,42.25,74.03,99.93,83.37,79.87,105.5321211,98.8
2018/5/23,42.4,74.18,100.45,83.01,81.7,105.5321211,98.8
2018/5/24,42.32,73.77,100.18,82.85,81.61,105.5321211,98.8
2018/5/25,42.4,74.31,100.31,82.46,80.34,105.5321211,98.8
2018/5/29,42.68,74.05,101.1,82.4,79.27,105.5321211,98.8
2018/5/30,43.13,74.89,101.83,84.12,80.32,105.5321211,98.8
2018/5/31,43,73.17,100.25,82.54,79.54,105.5321211,98.8
2018/6/1,43.12,73.45,100.25,82.99,78.18,105.7431854,99.3
2018/6/4,43.49,74.18,100.12,85.42,78.41,105.7431854,99.3
2018/6/5,43.11,73.97,100.21,84.62,77.51,105.7431854,99.3
2018/6/6,43.46,74.35,100.83,84.56,76.85,105.7431854,99.3
2018/6/7,43.44,75.76,101.16,84.95,77.39,105.7431854,99.3
2018/6/8,43.95,77.18,102.49,84.36,79.42,105.7431854,99.3
2018/6/11,44.13,77.53,103.21,84.3,80.47,105.7431854,99.3
2018/6/12,44.41,77.24,104.48,84.1,80.32,105.7431854,99.3
2018/6/13,44.18,76.47,105.27,84.09,80.1,105.7431854,99.3
2018/6/14,43.58,75.99,105.13,83.79,80.85,105.7431854,99.3
2018/6/15,44.12,77.38,107.61,83.7,81.88,105.7431854,99.3
2018/6/18,43.55,75.84,105.38,83,80.03,105.7431854,99.3
2018/6/19,43.6,76.33,105.96,83.61,80.84,105.7431854,99.3
2018/6/20,43.26,75.85,105.81,83.61,81.75,105.7431854,99.3
2018/6/21,43.09,76.44,107.24,84.21,79.47,105.7431854,99.3
2018/6/22,43.25,77.43,108.37,84.82,80.19,105.7431854,99.3
2018/6/25,43.58,77.79,108.99,86.47,79.97,105.7431854,99.3
2018/6/26,43.33,78,108.05,85.98,79.77,105.7431854,99.3
2018/6/27,43.07,77.69,108.27,86.89,79.9,105.7431854,99.3
2018/6/28,43.47,78.05,108.68,85.86,81.66,105.7431854,99.3
2018/6/29,43.86,78.06,108.87,85.65,80.74,105.7431854,99.3
2018/7/2,43.75,78.13,109.53,84,80.24,105.8489286,97.1
2018/7/3,43.99,77.9,108.8,84.44,81.12,105.8489286,97.1
2018/7/5,44.66,79.21,109.55,84.57,82.03,105.8489286,97.1
2018/7/6,44.64,79.31,109.56,84.51,82.26,105.8489286,97.1
2018/7/9,44.4,77.86,107.76,85.93,82.18,105.8489286,97.1
2018/7/10,44.97,79.82,112.89,87.21,82.67,105.8489286,97.1
2018/7/11,44.79,79.16,112.54,86.53,82.84,105.8489286,97.1
2018/7/12,44.67,78.89,111.53,86.52,83.2,105.8489286,97.1
2018/7/13,44.74,79.31,112.69,87.7,82.68,105.8489286,97.1
2018/7/16,44.73,79.53,112.96,87.64,81.92,105.8489286,97.1
2018/7/17,45.25,80.03,114.88,88.19,82.33,105.8489286,97.1
2018/7/18,45.12,79.72,114.83,88.07,82.15,105.8489286,97.1
2018/7/19,45.11,78.73,115.77,87.72,80.9,105.8489286,97.1
2018/7/20,45.28,78.68,116.01,88.06,84.31,105.8489286,97.1
2018/7/23,44.95,78.51,114.39,87.63,83.22,105.8489286,97.1
2018/7/24,45.26,78.99,114.74,87.96,83.56,105.8489286,97.1
2018/7/25,46.09,79.47,115.21,87.9,83.81,105.8489286,97.1
2018/7/26,46.24,80.09,115,88.23,84.46,105.8489286,97.1
2018/7/27,46.21,80.58,114.28,88.13,85.47,105.8489286,97.1
2018/7/30,46.23,80.2,114.18,88.88,86.62,105.8489286,97.1
2018/7/31,46.63,80.88,115,89.23,86.3,105.8489286,97.1
2018/8/1,46.39,80.65,113.61,88.24,85.54,106.0606264,95.3
2018/8/2,46.18,82,114.69,88.76,86,106.0606264,95.3
2018/8/3,46.62,82.33,116.3,89.6,86.84,106.0606264,95.3
2018/8/6,46.65,82.52,117.38,89.67,86.15,106.0606264,95.3
2018/8/7,46.5,82.64,114.22,89.77,85.53,106.0606264,95.3
2018/8/8,46.15,82.35,113.49,90.05,83.75,106.0606264,95.3
2018/8/9,46.35,81.4,113.7,89.01,84.4,106.0606264,95.3
2018/8/10,46.08,81.43,112.87,90.18,82.56,106.0606264,95.3
2018/8/13,45.83,81.52,113.02,89.64,81.86,106.0606264,95.3
2018/8/14,45.89,81.31,113.1,90.85,82.31,106.0606264,95.3
2018/8/15,46.08,82.3,113.45,90.22,83.41,106.0606264,95.3
2018/8/16,46.22,83.69,114.25,98.64,84.68,106.0606264,95.3
2018/8/17,46.6,83.69,114.96,97.85,85.05,106.0606264,95.3
2018/8/20,46.73,83.64,114.84,96,84.58,106.0606264,95.3
2018/8/21,46.22,83.9,113.72,96.08,83.53,106.0606264,95.3
2018/8/22,45.93,83.39,112.24,95.67,82.43,106.0606264,95.3
2018/8/23,45.7,83.24,111.93,95.18,82.32,106.0606264,95.3
2018/8/24,45.63,83.36,112.15,94.95,79.69,106.0606264,95.3
2018/8/27,45.69,83.44,112.41,94.54,80.26,106.0606264,95.3
2018/8/28,45.37,83.48,111.17,96.07,79.5,106.0606264,95.3
2018/8/29,45.33,83.49,112.05,95.64,79.06,106.0606264,95.3
2018/8/30,44.95,83.41,111.96,96.1,78.57,106.0606264,95.3
2018/8/31,44.57,82.95,112.01,95.86,77.89,106.0606264,95.3
2018/9/4,44.76,82.7,111,95.36,77.64,106.2727477,100.8
2018/9/5,45.38,83.29,113.12,96.62,78.79,106.2727477,100.8
2018/9/6,45.77,82.65,113.5,96.45,78.62,106.2727477,100.8
2018/9/7,45.72,81.91,112.74,95.83,78.6,106.2727477,100.8
2018/9/10,46.06,82.38,113.57,96.9,78.38,106.2727477,100.8
2018/9/11,46.02,82.01,113.33,96.64,77.45,106.2727477,100.8
2018/9/12,46.24,83.11,113.85,95.97,80.05,106.2727477,100.8
2018/9/13,45.83,83.45,114.99,95.12,79.78,106.2727477,100.8
2018/9/14,45.99,83.61,114.57,94.59,79.33,106.2727477,100.8
2018/9/17,46.32,84.25,115.4,94.82,80.3,106.2727477,100.8
2018/9/18,45.93,84,113.98,95.43,80.33,106.2727477,100.8
2018/9/19,45.96,84,113.77,95.24,80.91,106.2727477,100.8
2018/9/20,46.64,85.36,115.22,95.75,82.55,106.2727477,100.8
2018/9/21,46.58,85.82,114.91,95.9,83.75,106.2727477,100.8
2018/9/24,46.07,84.27,112.27,94.92,81.61,106.2727477,100.8
2018/9/25,45.68,83.12,111.97,95.1,79.91,106.2727477,100.8
2018/9/26,45.85,83.26,111.5,94.59,80.5,106.2727477,100.8
2018/9/27,46.01,82.86,111.05,94.13,81.51,106.2727477,100.8
2018/9/28,46.19,83.23,111.8,93.91,81.54,106.2727477,100.8
2018/10/1,46.23,83.67,110.71,94.4,81.82,106.3790204,99
2018/10/2,46.51,84.36,108.72,95.15,83.52,106.3790204,99
2018/10/3,45.87,83.03,107.52,94.07,82.91,106.3790204,99
2018/10/4,45.85,81.92,106.61,94.21,83.82,106.3790204,99
2018/10/5,45.88,82.15,106.49,93.31,84.1,106.3790204,99
2018/10/8,46.48,82.4,108.19,94.69,84.89,106.3790204,99
2018/10/9,46.39,82.2,108.12,97.08,84.63,106.3790204,99
2018/10/10,45.68,81.44,107.34,95.76,84.62,106.3790204,99
2018/10/11,44.64,78.87,105.06,93.92,82.31,106.3790204,99
2018/10/12,44.68,79.06,105.28,94.81,82.31,106.3790204,99
2018/10/15,44.91,80.13,105.63,93.82,83.49,106.3790204,99
2018/10/16,45.49,81.01,107.39,95.81,83.5,106.3790204,99
2018/10/17,45.86,81.86,108.31,96.56,84.56,106.3790204,99
2018/10/18,45.61,80.24,107.93,96.17,87.52,106.3790204,99
2018/10/19,46.33,87.3,110.29,97.15,88.83,106.3790204,99
2018/10/22,45.97,86.6,109.4,97.14,87.51,106.3790204,99
2018/10/23,46.36,87.16,110.13,97.8,88.5,106.3790204,99
2018/10/24,46.73,89.46,112.96,97.56,89.2,106.3790204,99
2018/10/25,46.51,89,112.85,99.18,90.63,106.3790204,99
2018/10/26,45.92,87.86,110.45,98.94,89,106.3790204,99
2018/10/29,46.46,88.24,112.89,99.8,90.46,106.3790204,99
2018/10/30,47.63,89.19,113.77,102.42,90.47,106.3790204,99
2018/10/31,47.88,88.68,112.38,100.28,88.07,106.3790204,99
2018/11/1,47.74,89.59,111.51,100.58,88.35,106.6981575,98.3
2018/11/2,48,89.81,111.17,101.34,88.75,106.6981575,98.3
2018/11/5,48.69,91.2,114.39,102.91,89.55,106.6981575,98.3
2018/11/6,49.11,91.51,115.21,103.33,88.77,106.6981575,98.3
2018/11/7,49.37,91.29,115.61,104.32,89.07,106.6981575,98.3
2018/11/8,49.33,91.36,116.06,104.88,89.48,106.6981575,98.3
2018/11/9,49.68,92.41,117.48,105.56,89.18,106.6981575,98.3
2018/11/12,49.87,92.7,116.97,103.87,87.96,106.6981575,98.3
2018/11/13,49.86,93.47,117.14,102.94,86.4,106.6981575,98.3
2018/11/14,49.76,93.49,116.65,101.53,85.5,106.6981575,98.3
2018/11/15,49.74,93.83,116.8,99.54,85.83,106.6981575,98.3
2018/11/16,50.17,93.82,118.35,97.69,86.33,106.6981575,98.3
2018/11/19,50.51,93.29,119.01,96.78,87.63,106.6981575,98.3
2018/11/20,49.38,92.1,116,94.16,86.55,106.6981575,98.3
2018/11/21,48.73,91.41,115.28,94.17,83.95,106.6981575,98.3
2018/11/23,49.02,91.54,115.41,95.1,84.05,106.6981575,98.3
2018/11/26,48.87,91.94,115.86,95.15,83.84,106.6981575,98.3
2018/11/27,49.37,92.72,116.44,95.04,85.05,106.6981575,98.3
2018/11/28,49.71,93.01,118.5,97.46,86.39,106.6981575,98.3
2018/11/29,48.98,92.82,118.27,97.29,86.96,106.6981575,98.3
2018/11/30,50.4,94.51,121.94,97.65,86.53,106.6981575,98.3
2018/12/3,49.69,93.32,118.98,98.75,87.08,106.6981575,97.5
2018/12/4,49.58,93.31,117.8,95.81,85.43,106.6981575,97.5
2018/12/6,49.38,93.55,116.84,94.77,85.29,106.6981575,97.5
2018/12/7,49.09,92.45,115.82,93.19,84.56,106.6981575,97.5
2018/12/10,49.24,93.03,116.19,93.94,84.22,106.6981575,97.5
2018/12/11,49.54,93.91,117.29,93.85,84.33,106.6981575,97.5
2018/12/12,49.22,94.03,117,93.11,83.82,106.6981575,97.5
2018/12/13,49.47,96.49,118.35,92.96,84.34,106.6981575,97.5
2018/12/14,49.34,96.64,113.95,91.85,82.5,106.6981575,97.5
2018/12/17,48.33,92.77,112.87,90.77,81.4,106.6981575,97.5
2018/12/18,48.32,92.49,111.84,91.08,75.17,106.6981575,97.5
2018/12/19,47.9,91.76,110.04,90.55,72.04,106.6981575,97.5
2018/12/20,47.54,90.98,110.21,87.28,69.08,106.6981575,97.5
2018/12/21,47.57,90.97,109.42,87.13,66.21,106.6981575,97.5
2018/12/24,45.96,87.36,106.03,85.82,65.97,106.6981575,97.5
2018/12/26,46.94,90.09,108.33,90.41,66.86,106.6981575,97.5
2018/12/27,47.53,92.02,109.42,91.59,66.68,106.6981575,97.5
2018/12/28,47.2,91.18,110.36,92.13,67.27,106.6981575,97.5
2018/12/31,47.35,91.92,110.48,93.15,66.76,106.6981575,97.5
2019/1/2,46.93,91.28,109.28,93.34,67.31,106.5914593,90.7
2019/1/3,46.64,90.64,108.26,92.86,66.44,106.5914593,90.7
2019/1/4,47.57,92.49,110.48,93.44,69.55,106.5914593,90.7
2019/1/7,46.95,92.12,109.53,94.54,67.42,106.5914593,90.7
2019/1/8,47.48,92.46,110.58,95.2,67.87,106.5914593,90.7
2019/1/9,46.57,90.95,107.49,94.89,67.91,106.5914593,90.7
2019/1/10,47.07,91.17,108.15,94.96,68.15,106.5914593,90.7
2019/1/11,47.34,91.77,108.16,94.84,69.5,106.5914593,90.7
2019/1/14,47.15,91.15,107.32,94.95,69.62,106.5914593,90.7
2019/1/15,47.57,92.01,108.99,96.25,70.5,106.5914593,90.7
2019/1/16,46.92,91.37,108.34,96.35,70.75,106.5914593,90.7
2019/1/17,47.06,90.64,109.22,96.74,72.52,106.5914593,90.7
2019/1/18,47.61,91.42,110.07,97.73,73.79,106.5914593,90.7
2019/1/22,47.72,90.44,109.91,97.49,72.81,106.5914593,90.7
2019/1/23,48.27,94.84,110.73,98.71,74,106.5914593,90.7
2019/1/24,47.69,94.3,109.5,98.36,71.55,106.5914593,90.7
2019/1/25,47.37,93.6,109.35,96.94,72.73,106.5914593,90.7
2019/1/28,47.17,93.52,108.82,97.06,74.35,106.5914593,90.7
2019/1/29,47.4,93.54,109,96.71,74.41,106.5914593,90.7
2019/1/30,47.86,94.52,110.82,94.8,74.48,106.5914593,90.7
2019/1/31,48.13,96.47,112.67,95.83,76.72,106.5914593,90.7
2019/2/1,48.7,97.47,112.19,93.86,75.73,106.5914593,95.5
2019/2/4,49.25,98.03,113.09,94.77,76.05,106.5914593,95.5
2019/2/5,49.26,97.44,112.9,95.6,75.81,106.5914593,95.5
2019/2/6,49.26,97.92,113.05,95.64,75.51,106.5914593,95.5
2019/2/7,49.42,97.14,113.09,96.73,76.73,106.5914593,95.5
2019/2/8,49.5,97.71,113.02,95.58,79.98,106.5914593,95.5
2019/2/11,49.61,98.27,112.97,96.2,79.05,106.5914593,95.5
2019/2/12,49.66,99.26,113.79,96.97,80.6,106.5914593,95.5
2019/2/13,49.79,99.24,114.12,97.94,81.3,106.5914593,95.5
2019/2/14,45.59,98.46,112.59,98.52,81.85,106.5914593,95.5
2019/2/15,45.24,98.48,115.91,99.99,83.46,106.5914593,95.5
2019/2/19,44.83,99.99,115.93,102.2,83.39,106.5914593,95.5
2019/2/20,45.1,99.28,115.83,99.88,85.04,106.5914593,95.5
2019/2/21,45.86,99.78,116.1,99.39,85.58,106.5914593,95.5
2019/2/22,45.28,100.25,116.76,99.55,87.15,106.5914593,95.5
2019/2/25,44.94,99.57,116.06,99.12,86.6,106.5914593,95.5
2019/2/26,44.69,99.83,115.97,98.69,86.51,106.5914593,95.5
2019/2/27,44.94,98.91,115.37,98.11,87.27,106.5914593,95.5
2019/2/28,45.34,98.55,115.64,98.99,86.94,106.5914593,95.5
2019/3/1,45.38,98.44,116.18,97.93,87.51,106.8046422,97.8
2019/3/4,45.65,98.87,116.17,97.85,87.28,106.8046422,97.8
2019/3/5,45.6,99.09,116.03,98.34,86.98,106.8046422,97.8
2019/3/6,45.45,98.93,116.66,98.26,87.02,106.8046422,97.8
2019/3/7,45.28,98.55,116.1,97.45,86.97,106.8046422,97.8
2019/3/8,44.84,98.41,115.23,97.59,87.45,106.8046422,97.8
2019/3/11,46.18,99.58,116.59,98.48,89.24,106.8046422,97.8
2019/3/12,46.05,100.05,116.57,98.37,88.8,106.8046422,97.8
2019/3/13,46.22,101.18,116.58,99.03,89.5,106.8046422,97.8
2019/3/14,45.7,101.32,115.5,98.22,89.79,106.8046422,97.8
2019/3/15,45.3,102.44,115.66,98.42,90.85,106.8046422,97.8
2019/3/18,45.41,101.51,117.27,99.66,90.73,106.8046422,97.8
2019/3/19,45.56,101.9,118.09,99.85,90.5,106.8046422,97.8
2019/3/20,45.53,101.72,118.32,98.64,90.74,106.8046422,97.8
2019/3/21,45.51,102.49,119.44,99.06,91.91,106.8046422,97.8
2019/3/22,45.93,101.66,120.72,98.28,91.17,106.8046422,97.8
2019/3/25,46.03,101.96,120.85,98.17,88.27,106.8046422,97.8
2019/3/26,46.64,103.02,122.02,98.32,88.59,106.8046422,97.8
2019/3/27,46.61,102.9,121.89,97.21,87.03,106.8046422,97.8
2019/3/28,46.58,103.55,121.84,97.13,87.28,106.8046422,97.8
2019/3/29,46.86,104.05,122.55,97.53,88.39,106.8046422,97.8
2019/4/1,46.72,103.64,122,97.82,88.2,107.2318608,96.9
2019/4/2,46.57,103.75,121.68,96.94,88.01,107.2318608,96.9
2019/4/3,46.18,103.69,121.56,97.19,85.81,107.2318608,96.9
2019/4/4,46.48,103.43,121.47,98.11,86.07,107.2318608,96.9
2019/4/5,46.47,103.65,121.62,98.83,85.44,107.2318608,96.9
2019/4/8,46.55,104.97,122,99.23,85.31,107.2318608,96.9
2019/4/9,46.67,104.66,122.17,98.69,85.84,107.2318608,96.9
2019/4/10,46.64,104.65,122.04,99.6,85.71,107.2318608,96.9
2019/4/11,46.71,104.75,121.67,100.8,85.51,107.2318608,96.9
2019/4/12,46.74,105.06,122.23,101.56,85.77,107.2318608,96.9
2019/4/15,47,105.73,123.66,102.43,86.19,107.2318608,96.9
2019/4/16,46.95,106.42,122.41,102.93,86.21,107.2318608,96.9
2019/4/17,47.28,105.85,127.01,103.16,85.48,107.2318608,96.9
2019/4/18,47.48,106.05,127.09,103.18,84.49,107.2318608,96.9
2019/4/22,47.4,106.01,126.44,102.37,84.29,107.2318608,96.9
2019/4/23,48.21,103.16,127.09,103.07,84.91,107.2318608,96.9
2019/4/24,47.98,103.69,126.92,103.53,84.45,107.2318608,96.9
2019/4/25,47.84,103.28,126.13,103.52,83.59,107.2318608,96.9
2019/4/26,48.26,105.86,126.4,101.53,84.76,107.2318608,96.9
2019/4/29,48.42,104.78,126.69,101.56,84.9,107.2318608,96.9
2019/4/30,49.06,106.48,128.05,102.84,86.56,107.2318608,96.9
2019/5/1,48.59,104.93,127.24,101.36,85.78,107.5535564,102.4
2019/5/2,48.39,105.56,126.83,101.15,84.92,107.5535564,102.4
2019/5/3,48.72,106.08,127.67,102.08,85.7,107.5535564,102.4
2019/5/6,48.47,105.68,127.27,102.46,85.12,107.5535564,102.4
2019/5/7,48,104.7,125.98,101.3,84.43,107.5535564,102.4
2019/5/8,47.85,105.07,126.02,100.3,83.81,107.5535564,102.4
2019/5/9,47.4,104.24,126.05,99.54,83.93,107.5535564,102.4
2019/5/10,48.19,106.01,128.01,101.91,84.54,107.5535564,102.4
2019/5/13,48.05,106.11,127.16,99.89,83.7,107.5535564,102.4
2019/5/14,48.69,105.6,127.41,100.29,84.09,107.5535564,102.4
2019/5/15,49.18,106.7,129.35,99.88,85.34,107.5535564,102.4
2019/5/16,49.58,108.11,130.27,101.31,85.51,107.5535564,102.4
2019/5/17,49.2,107.45,130.51,100.86,86.81,107.5535564,102.4
2019/5/20,48.85,107.33,129.99,101.52,86.23,107.5535564,102.4
2019/5/21,48.6,106.37,129.05,101.12,85.76,107.5535564,102.4
2019/5/22,49.65,106.72,130.07,102.23,85.49,107.5535564,102.4
2019/5/23,49.85,106.76,129.97,101.86,86.24,107.5535564,102.4
2019/5/24,49.61,106.69,129.5,102.67,84.64,107.5535564,102.4
2019/5/28,49.1,104.46,127.63,102.42,81.55,107.5535564,102.4
2019/5/29,48.61,104.19,128.17,102.12,81.14,107.5535564,102.4
2019/5/30,49.25,105.33,128.61,102.19,79.6,107.5535564,102.4
2019/5/31,49.13,102.91,128,101.44,77.13,107.5535564,102.4
2019/6/3,49.98,103.8,128.98,101.96,78.61,107.6611099,97.9
2019/6/4,50,104.68,129.07,102.56,78.5,107.6611099,97.9
2019/6/5,50.78,106.73,131.39,104.42,77.25,107.6611099,97.9
2019/6/6,51.4,107.38,131.98,105.11,77.2,107.6611099,97.9
2019/6/7,51.49,108.77,133.47,106.06,78.17,107.6611099,97.9
2019/6/10,51.38,108.72,133.59,107.52,76.96,107.6611099,97.9
2019/6/11,51.33,109.38,133.2,107.94,78.14,107.6611099,97.9
2019/6/12,51.64,109.68,133.14,108.82,77.21,107.6611099,97.9
2019/6/13,51.13,110.91,132.94,108.65,77.59,107.6611099,97.9
2019/6/14,51.31,111.2,132.73,109.07,77.2,107.6611099,97.9
2019/6/17,50.87,110.99,132.52,109.16,77.99,107.6611099,97.9
2019/6/18,50.64,109.6,132.06,109.65,77.11,107.6611099,97.9
2019/6/19,51.12,110.42,132.85,109.62,76.65,107.6611099,97.9
2019/6/20,51.66,111.74,134.16,110.32,77.18,107.6611099,97.9
2019/6/21,51.55,111.2,133.96,111.13,79.22,107.6611099,97.9
2019/6/24,51.92,112.33,134.14,111.24,77.83,107.6611099,97.9
2019/6/25,51.76,111.72,133.81,110.72,78.82,107.6611099,97.9
2019/6/26,51.12,109.73,132.32,110.16,77.38,107.6611099,97.9
2019/6/27,51.08,109.78,131.69,110.1,77.92,107.6611099,97.9
2019/6/28,50.92,109.65,131.13,110.49,78.53,107.6611099,97.9
2019/7/1,51.6,110.49,131.87,110.62,77.98,107.7687711,98.2
2019/7/2,51.98,111.48,132.43,111.6,79.75,107.7687711,98.2
2019/7/3,52.1,114.08,133.99,112.32,80.63,107.7687711,98.2
2019/7/5,52.11,113.15,133.02,111.98,80.12,107.7687711,98.2
2019/7/8,52,114.05,132.56,112.72,79.61,107.7687711,98.2
2019/7/9,51.59,112.91,131.74,112.88,79.44,107.7687711,98.2
2019/7/10,51.82,113.75,134.41,112.98,80.28,107.7687711,98.2
2019/7/11,52.04,114.38,134.35,113.92,81.26,107.7687711,98.2
2019/7/12,52.12,114.99,133.28,114.6,81.89,107.7687711,98.2
2019/7/15,52.13,115.48,134.15,114.98,81.47,107.7687711,98.2
2019/7/16,52.14,115.89,133.8,114.76,81.58,107.7687711,98.2
2019/7/17,52.18,115.94,132.78,114.6,81.05,107.7687711,98.2
2019/7/18,52.03,115.44,132.88,114.72,87.71,107.7687711,98.2
2019/7/19,51.39,115.01,130.09,113.9,88.73,107.7687711,98.2
2019/7/22,51.22,115.3,130.28,112.82,86.95,107.7687711,98.2
2019/7/23,54.33,113.85,130.74,112.09,86.75,107.7687711,98.2
2019/7/24,53.78,112.6,129.21,112,85.02,107.7687711,98.2
2019/7/25,53.07,112.77,128.99,112.22,85.63,107.7687711,98.2
2019/7/26,54.17,114.73,131.22,113.02,85.98,107.7687711,98.2
2019/7/29,53.99,116,131.53,112.27,86.76,107.7687711,98.2
2019/7/30,53.72,120.41,130.48,112.06,86.3,107.7687711,98.2
2019/7/31,52.63,118.04,127.81,110.38,83.61,107.7687711,98.2
2019/8/1,52.03,116.73,127.14,109.38,82.45,108.0920774,92.1
2019/8/2,52.33,116.44,127.92,109.4,84.17,108.0920774,92.1
2019/8/5,51.65,113.08,124.4,105.82,80.26,108.0920774,92.1
2019/8/6,52.27,114.28,126.45,107.27,81.32,108.0920774,92.1
2019/8/7,53.18,115.52,127.78,108.2,81.36,108.0920774,92.1
2019/8/8,53.69,117.44,129.47,108.52,82.48,108.0920774,92.1
2019/8/9,53.42,116.78,128.6,107.28,82.59,108.0920774,92.1
2019/8/12,53.2,116.03,128.35,105.22,82.38,108.0920774,92.1
2019/8/13,53.5,117.25,129.93,107.41,83.95,108.0920774,92.1
2019/8/14,52.99,115.79,129.12,106.2,83.33,108.0920774,92.1
2019/8/15,53.87,117.39,130.72,112.69,84.49,108.0920774,92.1
2019/8/16,54.41,119.18,131.76,112.99,84.91,108.0920774,92.1
2019/8/19,54.69,120.24,132.57,113.81,85.01,108.0920774,92.1
2019/8/20,53.88,118.9,132.06,112.05,83,108.0920774,92.1
2019/8/21,54.1,119.2,132.34,112.02,83.05,108.0920774,92.1
2019/8/22,54.49,119.42,132.66,111.91,82.95,108.0920774,92.1
2019/8/23,53.74,117.32,130.27,110.83,81.22,108.0920774,92.1
2019/8/26,54.54,119.32,133.74,111.99,77.73,108.0920774,92.1
2019/8/27,54.72,120.55,134.76,112.42,71.7,108.0920774,92.1
2019/8/28,55.11,121.4,135.19,112.72,74.32,108.0920774,92.1
2019/8/29,55.05,121.18,136.02,114.08,72.72,108.0920774,92.1
2019/8/30,55.04,120.23,136.73,114.26,72.09,108.0920774,92.1
2019/9/3,55.3,121.36,137.46,114.64,72.66,108.2001694,92
2019/9/4,55.77,123.21,139.15,115.91,73.02,108.2001694,92
2019/9/5,55.12,122.76,135.98,115.44,71.95,108.2001694,92
2019/9/6,55.23,122.87,137.37,114.73,72.97,108.2001694,92
2019/9/9,54.52,122.17,136.4,116.33,73.3,108.2001694,92
2019/9/10,54.4,119.88,135.86,116.05,74.5,108.2001694,92
2019/9/11,54.77,121.27,136.36,116.02,75.07,108.2001694,92
2019/9/12,55.11,122.77,137.29,116.92,74.9,108.2001694,92
2019/9/13,54.26,122.12,136.44,117.43,73.05,108.2001694,92
2019/9/16,53.96,119.75,134.88,115.57,72.6,108.2001694,92
2019/9/17,54.24,121.16,135.7,116.51,72.02,108.2001694,92
2019/9/18,54.23,121.41,135.5,117.16,71.56,108.2001694,92
2019/9/19,54.52,121.9,135.48,117.11,71.71,108.2001694,92
2019/9/20,53.91,122.24,134.71,116.98,71.2,108.2001694,92
2019/9/23,54.14,123.22,135.44,117.62,72,108.2001694,92
2019/9/24,54.3,123.61,135.36,118.4,71.56,108.2001694,92
2019/9/25,54.17,123.02,135.09,118.47,75.28,108.2001694,92
2019/9/26,54.39,124.31,135.72,118.3,75.29,108.2001694,92
2019/9/27,54.31,124.57,135.6,118.45,75.13,108.2001694,92
2019/9/30,54.44,124.38,137.1,118.68,75.93,108.2001694,92
2019/10/1,54.65,123.85,137.37,117.85,77.83,108.2001694,96
2019/10/2,53.08,121.08,133.94,116.12,76.72,108.2001694,96
2019/10/3,53.84,121.74,137.93,116.31,76.77,108.2001694,96
2019/10/4,54.54,124,140.28,118.16,78.28,108.2001694,96
2019/10/7,53.87,122.84,138.34,117.23,77.17,108.2001694,96
2019/10/8,53.58,120.93,137.24,117.58,76.37,108.2001694,96
2019/10/9,53.83,121.98,137.85,118.93,77.45,108.2001694,96
2019/10/10,53.66,121.94,137.89,119.61,77.75,108.2001694,96
2019/10/11,53.3,121.09,137.64,120.24,77.95,108.2001694,96
2019/10/14,53.3,120.05,137.45,119.17,78.03,108.2001694,96
2019/10/15,53.51,117.2,136.33,119.53,78.32,108.2001694,96
2019/10/16,53.49,117.53,136.42,119.42,79.1,108.2001694,96
2019/10/17,53.79,116.63,136.96,119.84,79.85,108.2001694,96
2019/10/18,54.78,117.47,136.25,119.14,80.55,108.2001694,96
2019/10/21,54.23,119.08,136.12,119.74,81.8,108.2001694,96
2019/10/22,53.85,122.18,136.66,119.58,81.17,108.2001694,96
2019/10/23,54.64,123,137.45,119.35,81.78,108.2001694,96
2019/10/24,54.61,124.79,137.89,119.1,81.45,108.2001694,96
2019/10/25,53.75,123.25,136.64,119.04,81.98,108.2001694,96
2019/10/28,53.57,123.48,136.57,119.22,82.09,108.2001694,96
2019/10/29,53.41,123.6,136.08,117.15,81.85,108.2001694,96
2019/10/30,53.94,124.94,136.9,118.1,81.21,108.2001694,96
2019/10/31,54.43,124.51,137.17,117.26,81.44,108.2001694,96
2019/11/1,53.9,123.87,136.93,117.62,82.97,108.6329701,95.7
2019/11/4,53.14,119.07,135.16,117.57,83.44,108.6329701,95.7
2019/11/5,52.42,118.9,134.01,118.86,84.2,108.6329701,95.7
2019/11/6,52.8,120.32,134.44,119.5,83.7,108.6329701,95.7
2019/11/7,52.29,119.62,133.32,120.23,82.25,108.6329701,95.7
2019/11/8,52.21,119.7,133.13,119.44,83.57,108.6329701,95.7
2019/11/11,51.84,119.33,132.39,119.04,83.74,108.6329701,95.7
2019/11/12,51.71,119.27,131.98,119.12,84.46,108.6329701,95.7
2019/11/13,52.41,120.65,133.29,120.98,84.73,108.6329701,95.7
2019/11/14,52.63,120.5,133.33,120.65,83.64,108.6329701,95.7
2019/11/15,52.67,120.54,133.81,118.87,84.79,108.6329701,95.7
2019/11/18,53.03,121.89,134.06,120.25,84.79,108.6329701,95.7
2019/11/19,53.08,121.42,134.57,119.89,83.46,108.6329701,95.7
2019/11/20,53.22,122.29,133.74,119.13,83.48,108.6329701,95.7
2019/11/21,52.96,120.34,133.91,119.86,83.46,108.6329701,95.7
2019/11/22,53.03,120.29,134.07,119.36,82.38,108.6329701,95.7
2019/11/25,53.22,120.51,133.83,118.92,82.37,108.6329701,95.7
2019/11/26,53.9,122.26,135.7,119.19,82.27,108.6329701,95.7
2019/11/27,53.95,121.76,135.91,118.76,82.48,108.6329701,95.7
2019/11/29,53.4,122.06,135.83,119.09,82.93,108.6329701,95.7
2019/12/2,53.75,122.72,135.88,119.28,82.6,108.958869,99.2
2019/12/3,53.8,122.95,135.46,118.67,82.97,108.958869,99.2
2019/12/4,54.29,124.53,137.3,118.69,82.1,108.958869,99.2
2019/12/5,54.19,124.62,136.34,118.66,82.38,108.958869,99.2
2019/12/6,54.42,124.19,137.36,119.78,83.25,108.958869,99.2
2019/12/9,54.07,124.87,137.16,119.36,83.59,108.958869,99.2
2019/12/10,53.77,124.27,136.27,119.14,83.9,108.958869,99.2
2019/12/11,53.95,124.66,137.1,119,84.84,108.958869,99.2
2019/12/12,54.14,124.57,137.18,119.76,84.05,108.958869,99.2
2019/12/13,54.42,125.47,137.94,120.29,84.67,108.958869,99.2
2019/12/16,54.42,125.56,137.06,120.54,86.25,108.958869,99.2
2019/12/17,54.42,125.31,136.17,121.28,85.95,108.958869,99.2
2019/12/18,53.91,124.01,135.97,119.86,85.7,108.958869,99.2
2019/12/19,54.32,124.92,136.47,120.08,85.99,108.958869,99.2
2019/12/20,54.97,125.36,137.92,120.29,85.27,108.958869,99.2
2019/12/23,54.91,124.9,137.04,119.03,86.02,108.958869,99.2
2019/12/24,54.71,125.22,136.89,119.51,86.11,108.958869,99.2
2019/12/26,55.02,125.22,136.69,119.52,86.03,108.958869,99.2
2019/12/27,55.35,126.09,137.54,119.59,86.31,108.958869,99.2
2019/12/30,55.27,124.47,136.81,119.4,85.7,108.958869,99.2
2019/12/31,55.35,124.9,136.67,118.84,85.09,108.958869,99.2
2020/1/2,54.99,123.41,135.82,118.94,85.19,109.1767868,99.1
2020/1/3,54.69,122.58,135.63,117.89,85.03,109.1767868,99.1
2020/1/6,54.67,122.75,136.15,117.65,86.02,109.1767868,99.1
2020/1/7,54.25,121.99,134.01,116.56,86.4,109.1767868,99.1
2020/1/8,54.35,122.51,134.7,116.16,88.04,109.1767868,99.1
2020/1/9,55.34,123.85,134.79,117.36,88.28,109.1767868,99.1
2020/1/10,55.53,123.97,134.53,116.38,87.46,109.1767868,99.1
2020/1/13,56.13,124.88,136.53,115.88,87.82,109.1767868,99.1
2020/1/14,56,124.69,136.85,116.18,87.58,109.1767868,99.1
2020/1/15,56.7,125.96,139.2,115.28,88.32,109.1767868,99.1
2020/1/16,56.82,126.07,139.61,115.9,88.56,109.1767868,99.1
2020/1/17,56.94,126.41,141.26,114.96,88.69,109.1767868,99.1
2020/1/21,57.17,126.09,141.86,115.59,88.87,109.1767868,99.1
2020/1/22,57.61,126.31,143.38,116.1,88.98,109.1767868,99.1
2020/1/23,57.83,124.99,143.65,115.81,87.08,109.1767868,99.1
2020/1/24,57.68,125.14,142.91,114.37,86.15,109.1767868,99.1
2020/1/27,57.48,125.69,142.14,115.86,84.71,109.1767868,99.1
2020/1/28,57.01,126.03,142.44,116.6,84.68,109.1767868,99.1
2020/1/29,57.01,125.06,141.73,115.89,83.96,109.1767868,99.1
2020/1/30,58.86,125.95,143.83,116.58,84.33,109.1767868,99.1
2020/1/31,58.4,124.62,142.02,114.49,82.7,109.1767868,99.1
2020/2/3,58.58,125.11,142.51,114.27,83,109.2859636,100.9
2020/2/4,58.84,125.66,143.22,115.27,83.6,109.2859636,100.9
2020/2/5,58.85,126.81,144.3,116.81,83.94,109.2859636,100.9
2020/2/6,58.99,127.14,144.33,116.31,86.18,109.2859636,100.9
2020/2/7,59.19,126.08,145.37,116.45,87.45,109.2859636,100.9
2020/2/10,59.75,126.17,145.66,115.25,88.75,109.2859636,100.9
2020/2/11,59.59,124.16,146.08,115.4,89.44,109.2859636,100.9
2020/2/12,59.41,123.45,146.08,115.85,87.9,109.2859636,100.9
2020/2/13,59.61,124.96,146.47,117.44,88.82,109.2859636,100.9
2020/2/14,59.95,126.14,146.99,117.89,88.5,109.2859636,100.9
2020/2/18,59.53,124.87,145.6,119.63,87.44,109.2859636,100.9
2020/2/19,59.77,125.44,145.53,117.68,87.88,109.2859636,100.9
2020/2/20,59.72,126.58,145.16,117.69,87.44,109.2859636,100.9
2020/2/21,60.13,126.7,145.85,118.58,89.64,109.2859636,100.9
2020/2/24,58.65,123.3,142.64,116.32,85.57,109.2859636,100.9
2020/2/25,57.82,121.43,141.1,114.39,85,109.2859636,100.9
2020/2/26,57.6,120.16,141.98,113.78,86.25,109.2859636,100.9
2020/2/27,54.93,113.5,136.37,110.4,83.07,109.2859636,100.9
2020/2/28,53.49,113.23,132.03,107.68,81.87,109.2859636,100.9
2020/3/2,55.92,119.56,137.58,115.88,84.97,109.3952495,95.9
2020/3/3,56.06,118.17,135.58,112.91,83.5,109.3952495,95.9
2020/3/4,58.92,124.5,142.39,116.77,88.74,109.3952495,95.9
2020/3/5,56.74,121.63,138.1,115.92,87.86,109.3952495,95.9
2020/3/6,55.26,121.66,137.26,117.23,87.27,109.3952495,95.9
2020/3/9,51.86,116.06,130.16,117.16,81.63,109.3952495,95.9
2020/3/10,53.66,120.55,134.14,119.79,84.73,109.3952495,95.9
2020/3/11,52.21,111.59,129.75,114.43,79.84,109.3952495,95.9
2020/3/12,47.16,101.84,115.34,104.05,72.25,109.3952495,95.9
2020/3/13,48.47,114.07,127.45,114.1,79.5,109.3952495,95.9
2020/3/16,45.26,108.5,113.09,106.76,69.6,109.3952495,95.9
2020/3/17,47.18,118.24,127.72,119.26,73.99,109.3952495,95.9
2020/3/18,44.85,117.45,120.92,122.58,64.91,109.3952495,95.9
2020/3/19,41.83,110.83,117.34,119.45,66.43,109.3952495,95.9
2020/3/20,38.3,102.43,103.93,113.97,61.09,109.3952495,95.9
2020/3/23,37.56,97.7,105.18,114.28,59.98,109.3952495,95.9
2020/3/24,39.45,103.27,113.84,115.03,63.6,109.3952495,95.9
2020/3/25,41.61,100.92,112.5,109.4,66.07,109.3952495,95.9
2020/3/26,44.29,107.38,120.26,109.82,71.16,109.3952495,95.9
2020/3/27,42.81,110.17,120.46,109.58,69.15,109.3952495,95.9
2020/3/30,45,115,125.48,115.19,72.55,109.3952495,95.9
2020/3/31,44.25,110,120.1,113.62,72.96,109.3952495,95.9
2020/4/1,42.12,109.33,118.12,114.14,71.12,108.9576685,71
2020/4/2,43.95,114.4,123.86,118.65,74.34,108.9576685,71
2020/4/3,43.83,115.08,124.59,119.48,73.46,108.9576685,71
2020/4/6,46.67,117.81,131.16,126.07,75.68,108.9576685,71
2020/4/7,46.51,112.77,130.48,121.99,74.51,108.9576685,71
2020/4/8,47.82,115.1,132.61,121.84,74.66,108.9576685,71
2020/4/9,49,114.66,133.63,121.8,75.34,108.9576685,71
2020/4/13,46.93,115.95,130.89,125.3,73.95,108.9576685,71
2020/4/14,48.92,120.96,138.4,129,77.18,108.9576685,71
2020/4/15,47.61,121.22,135.03,128.76,75.44,108.9576685,71
2020/4/16,47.1,121.5,135.64,132.33,75.39,108.9576685,71
2020/4/17,48.06,124.69,137.55,132.12,77.96,108.9576685,71
2020/4/20,46.53,120.6,134.55,129.85,76.86,108.9576685,71
2020/4/21,45.38,119.68,130.94,129.21,72.28,108.9576685,71
2020/4/22,45.68,119.4,132.62,131.59,73.06,108.9576685,71
2020/4/23,45.07,119.4,130.26,128.53,71.78,108.9576685,71
2020/4/24,45.43,118.78,134.36,129.44,73.67,108.9576685,71
2020/4/27,46.78,117.45,134.46,128.3,74.92,108.9576685,71
2020/4/28,46.74,116.89,136.32,128,77.25,108.9576685,71
2020/4/29,47.12,117.08,133.36,123.6,76.5,108.9576685,71
2020/4/30,45.89,117.87,132.29,121.55,74.6,108.9576685,71
2020/5/1,45.6,116.82,130.14,122.92,73.28,108.0860072,73.7
2020/5/4,45.14,115.77,130.92,123.7,73.31,108.0860072,73.7
2020/5/5,45.4,116.01,131.67,124.73,72.2,108.0860072,73.7
2020/5/6,44.75,113.1,130.78,123.3,71.5,108.0860072,73.7
2020/5/7,44.6,112.17,131.55,121.89,70.14,108.0860072,73.7
2020/5/8,46.11,115.95,134.23,122.94,72,108.0860072,73.7
2020/5/11,45.54,115.31,134.38,123.67,71.28,108.0860072,73.7
2020/5/12,44.82,114.55,132.94,123.78,69.87,108.0860072,73.7
2020/5/13,43.94,113.92,132.96,123.71,68.79,108.0860072,73.7
2020/5/14,43.7,113.81,133.08,123.42,67.96,108.0860072,73.7
2020/5/15,43.26,114.61,135.95,125.94,67.78,108.0860072,73.7
2020/5/18,44.97,116.21,135.52,127.66,68.25,108.0860072,73.7
2020/5/19,44.54,112.44,131.73,124.95,68.51,108.0860072,73.7
2020/5/20,45.89,113.28,131.26,125.45,70.47,108.0860072,73.7
2020/5/21,45.17,111.62,130.21,124.99,70.5,108.0860072,73.7
2020/5/22,45.03,112.6,130.48,124.33,70.45,108.0860072,73.7
2020/5/26,46.09,112.03,129.75,123.86,72.13,108.0860072,73.7
2020/5/27,46.73,113.89,130.81,122.48,73.91,108.0860072,73.7
2020/5/28,47.09,116.06,132.29,123.69,73.51,108.0860072,73.7
2020/5/29,46.68,115.92,131.55,124.06,73.36,108.0860072,73.7
2020/6/1,46.99,117.25,132.99,123.96,73.79,107.9779212,78.9
2020/6/2,46.9,118.06,132.63,123.94,73.73,107.9779212,78.9
2020/6/3,47.9,118.53,132.82,123.47,74.21,107.9779212,78.9
2020/6/4,47.92,116.05,130.57,122.11,75.19,107.9779212,78.9
2020/6/5,49.09,118.33,132.44,121.56,75.91,107.9779212,78.9
2020/6/8,49.85,119.05,132.21,121.24,77.7,107.9779212,78.9
2020/6/9,49,118.34,132.97,121.35,75.65,107.9779212,78.9
2020/6/10,48.62,119.23,134.13,121.16,75.14,107.9779212,78.9
2020/6/11,45.54,116.26,127.84,120.09,71.25,107.9779212,78.9
2020/6/12,45.6,115.62,129,117.74,70.42,107.9779212,78.9
2020/6/15,46.3,116.69,130.48,118.08,72.2,107.9779212,78.9
2020/6/16,46.77,118.13,131.67,119.65,74.66,107.9779212,78.9
2020/6/17,46.58,117.93,131.76,119.03,74.09,107.9779212,78.9
2020/6/18,46.99,119.28,132.78,117.99,74.6,107.9779212,78.9
2020/6/19,46.02,118.92,131.28,119.85,72.2,107.9779212,78.9
2020/6/22,45.74,117.75,131.05,121.68,72.04,107.9779212,78.9
2020/6/23,45.64,117.73,131.36,121.07,71.49,107.9779212,78.9
2020/6/24,44.65,116.42,129.56,120.3,70.09,107.9779212,78.9
2020/6/25,44.93,117.89,131.41,119.71,70.67,107.9779212,78.9
2020/6/26,43.57,115.23,128.93,118.32,68.87,107.9779212,78.9
2020/6/29,,,,,70.51,107.9779212,78.9
2020/7/1,44.82,119.98,132.36,119.69,69.99,108.6257887,73.2
2020/7/2,44.88,120.88,132.85,119.21,70.46,108.6257887,73.2
2020/7/6,45.23,121.63,133.3,118.89,70.6,108.6257887,73.2
2020/7/7,45.21,122.22,133.57,126.95,72.94,108.6257887,73.2
2020/7/8,45.07,122.89,134.22,124.44,72.3,108.6257887,73.2
2020/7/9,43.91,122.48,132.71,127.75,70.14,108.6257887,73.2
2020/7/10,45.15,123.89,134.46,130.68,72.96,108.6257887,73.2
2020/7/13,45.25,124.05,134.91,129.52,73.5,108.6257887,73.2
2020/7/14,45.87,125.09,135.52,132.01,74.31,108.6257887,73.2
2020/7/15,46.4,124.5,133.69,132,75,108.6257887,73.2
2020/7/16,46.15,124.76,133.88,132.2,75.35,108.6257887,73.2
2020/7/17,46.82,125.63,134.66,131.74,75.03,108.6257887,73.2
2020/7/20,46.12,125.24,133.11,131.47,72.89,108.6257887,73.2
2020/7/21,47.2,125.07,134.43,132.33,75.92,108.6257887,73.2
2020/7/22,48.48,126.14,136.01,132.66,76,108.6257887,73.2
2020/7/23,48.28,126.16,137.08,131.64,76.3,108.6257887,73.2
2020/7/24,48.49,125.96,136.06,131.24,76.85,108.6257887,73.2
2020/7/27,48.48,126.32,137.67,131.21,78.54,108.6257887,73.2
2020/7/28,48.18,127.88,137.38,131.76,77.97,108.6257887,73.2
2020/7/29,48.02,128.31,137.93,130.69,78.39,108.6257887,73.2
2020/7/30,47.69,131.42,137.69,130.12,77.45,108.6257887,73.2
2020/7/31,47.24,131.12,137.66,129.4,76.81,108.6257887,73.2
2020/8/3,46.3,131.29,136.7,129.3,76.53,109.2775434,72.8
2020/8/4,46.69,133.79,137.47,131.64,77.1,109.2775434,72.8
2020/8/5,47.22,133.44,136.25,129.81,76.96,109.2775434,72.8
2020/8/6,47.48,132.71,135.86,129.35,77.12,109.2775434,72.8
2020/8/7,47.8,133.55,136.74,129.97,77.5,109.2775434,72.8
2020/8/10,47.72,134.1,135.98,131.88,78.37,109.2775434,72.8
2020/8/11,47.93,133.23,135.12,130.2,78.72,109.2775434,72.8
2020/8/12,48.43,135.46,137.8,131.89,79.69,109.2775434,72.8
2020/8/13,48.38,135.78,138.1,131.85,78.14,109.2775434,72.8
2020/8/14,48.45,135.1,137.56,132.6,77.71,109.2775434,72.8
2020/8/17,48.21,135.5,137.92,135.6,78.26,109.2775434,72.8
2020/8/18,48.42,136.51,138.11,134.71,79.18,109.2775434,72.8
2020/8/19,47.37,135.77,136.45,132.41,78.7,109.2775434,72.8
2020/8/20,47.35,136.85,136.72,130.57,78.22,109.2775434,72.8
2020/8/21,47.28,137.44,136.46,131.63,78.06,109.2775434,72.8
2020/8/24,47.97,138.51,137.64,131.33,79.63,109.2775434,72.8
2020/8/25,47.91,139.06,137.3,130.63,79.62,109.2775434,72.8
2020/8/26,48.16,138.39,138.47,130.7,79.98,109.2775434,72.8
2020/8/27,48.23,138.21,138.4,136.63,80,109.2775434,72.8
2020/8/28,49.83,138.77,139.94,140.3,80.74,109.2775434,72.8
2020/8/31,49.53,138.33,140.06,138.85,79.79,109.2775434,72.8
2020/9/1,49.12,138.18,139.19,147.59,79.04,109.7146536,78.9
2020/9/2,51.19,140.51,143.29,147.68,79.98,109.7146536,78.9
2020/9/3,50.48,138.26,139.37,144.54,79.32,109.7146536,78.9
2020/9/4,51.04,137.96,138.76,142.83,79.15,109.7146536,78.9
2020/9/8,49.81,135.94,135.55,138.45,79.03,109.7146536,78.9
2020/9/9,50.19,138.15,137.11,139.89,80.47,109.7146536,78.9
2020/9/10,50,136.7,134.76,136.81,80.41,109.7146536,78.9
2020/9/11,51.06,138.14,135.81,136.7,81.23,109.7146536,78.9
2020/9/14,50.71,138.63,136.67,137.32,81.94,109.7146536,78.9
2020/9/15,51.05,138.63,135.62,137.36,81.4,109.7146536,78.9
2020/9/16,50.79,137.7,134.98,136.26,80.6,109.7146536,78.9
2020/9/17,50.55,137.52,133.2,136.69,79.47,109.7146536,78.9
2020/9/18,50.45,137.37,131.47,135.29,78.08,109.7146536,78.9
2020/9/21,49.09,136.71,131.24,137.07,77.83,109.7146536,78.9
2020/9/22,49.66,137.96,132.15,138.31,77.01,109.7146536,78.9
2020/9/23,48.21,136.31,131,135.99,75.5,109.7146536,78.9
2020/9/24,48.7,136.92,131.58,136.7,76.35,109.7146536,78.9
2020/9/25,48.72,137.62,133.55,137.27,75.4,109.7146536,78.9
2020/9/28,49.28,138.01,137.97,137.25,76.31,109.7146536,78.9
2020/9/29,48.92,137.26,137.16,137.14,74.34,109.7146536,78.9
2020/9/30,49.37,138.99,138.6,139.91,74.99,109.7146536,78.9
2020/10/1,49.18,139.24,140.8,143.08,74.14,109.9340829,81.2
2020/10/2,49.36,138.12,138.06,140.5,74.46,109.9340829,81.2
2020/10/5,49.38,139.39,137.93,141.8,75.91,109.9340829,81.2
2020/10/6,48.94,139.61,135.7,140.63,75.5,109.9340829,81.2
2020/10/7,49.56,140.7,137.01,140.89,79.05,109.9340829,81.2
2020/10/8,50.46,141.65,137.85,141.36,78.33,109.9340829,81.2
2020/10/9,50.81,142.92,138.44,142.78,78.88,109.9340829,81.2
2020/10/12,51.09,144.49,142.13,144.25,79.32,109.9340829,81.2
2020/10/13,50.22,144.21,143.54,146.23,79.21,109.9340829,81.2
2020/10/14,50.12,144.04,142.52,143.94,78.91,109.9340829,81.2
2020/10/15,49.99,143.83,141.43,144.53,79.14,109.9340829,81.2
2020/10/16,50.03,144.39,141.73,144.71,79.27,109.9340829,81.2
2020/10/19,49.62,141.91,139.68,142.95,77.84,109.9340829,81.2
2020/10/20,50.25,142.48,139.71,143.9,73.33,109.9340829,81.2
2020/10/21,49.99,143.25,139.6,144.4,73.82,109.9340829,81.2
2020/10/22,50.68,141.45,139.61,143.55,74.86,109.9340829,81.2
2020/10/23,50.52,142.38,139.56,143.85,74.45,109.9340829,81.2
2020/10/26,49.8,141.3,138.06,142.16,73.65,109.9340829,81.2
2020/10/27,49.9,142.36,139.12,142.87,71.33,109.9340829,81.2
2020/10/28,47.96,137.66,134.17,140.04,70.04,109.9340829,81.2
2020/10/29,48.02,137.57,133.99,139.92,70.64,109.9340829,81.2
2020/10/30,48.06,137.1,133.29,138.75,71.02,109.9340829,81.2
2020/11/2,48.62,138.5,135.15,140.4,71.63,109.9340829,77
2020/11/4,49.17,140.64,137.86,141.96,71.54,109.9340829,77
2020/11/5,49.44,142.38,138.05,143.47,70.9,109.9340829,77
2020/11/6,49.45,143.23,138.38,145.77,70.45,109.9340829,77
2020/11/9,52.57,137.99,138.45,143.54,71.63,109.9340829,77
2020/11/10,53.98,140.26,141.72,145.56,74.75,109.9340829,77
2020/11/11,53.58,142.07,143.9,147.98,75.11,109.9340829,77
2020/11/12,53.01,142.15,143.84,148.23,74.5,109.9340829,77
2020/11/13,53.45,144.28,144.71,150.54,75.89,109.9340829,77
2020/11/16,53.85,142.43,145.76,152.44,78.63,109.9340829,77
2020/11/17,53.68,141.88,145.24,149.37,78.38,109.9340829,77
2020/11/18,52.61,139.7,143.38,149.09,77.47,109.9340829,77
2020/11/19,53.13,139.53,143.32,152.12,77.51,109.9340829,77
2020/11/20,52.67,139.3,143.42,150.24,76.73,109.9340829,77
2020/11/23,52.68,138.76,143.02,150.93,76.63,109.9340829,77
2020/11/24,53.22,138.31,144.03,151.36,78.02,109.9340829,77
2020/11/25,52.93,138.68,144.16,151.83,76.89,109.9340829,77
