Area,Year,Producer Price Anuual Value
Afghanistan,2000,95.37089552
Afghanistan,2001,92.13701493
Afghanistan,2002,95.09313433
Afghanistan,2003,91.66970149
Afghanistan,2004,95.86910448
Afghanistan,2005,94.87701493
Afghanistan,2006,87.0080597
Afghanistan,2007,86.86358209
Afghanistan,2008,77.52955224
Afghanistan,2009,81.03343284
Afghanistan,2010,103.7937313
Afghanistan,2011,111.4280597
Afghanistan,2012,112.77
Afghanistan,2013,108.92
Afghanistan,2014,105.42
Afghanistan,2015,101.22
Afghanistan,2016,93.36
Afghanistan,2017,89.57
Afghanistan,2018,85.02
Afghanistan,2019,
Albania,2000,72.60265957
Albania,2001,76.73329787
Albania,2002,78.02223404
Albania,2003,79.66234043
Albania,2004,74.90589474
Albania,2005,74.48842105
Albania,2006,73.815625
Albania,2007,73.1275
Albania,2008,74.6925
Albania,2009,80.11864583
Albania,2010,82.32895833
Albania,2011,84.6715625
Albania,2012,86.28875
Albania,2013,114.9893878
Albania,2014,101.4482653
Albania,2015,101.1431633
Albania,2016,97.43505051
Albania,2017,102.0970707
Albania,2018,97.0810101
Albania,2019,
Algeria,2000,54.09561905
Algeria,2001,51.87885714
Algeria,2002,55.1067619
Algeria,2003,59.8207619
Algeria,2004,64.84085714
Algeria,2005,64.23380952
Algeria,2006,66.49447619
Algeria,2007,71.6212381
Algeria,2008,80.28638095
Algeria,2009,84.50571429
Algeria,2010,85.30095238
Algeria,2011,90.11104762
Algeria,2012,98.76552381
Algeria,2013,101.7014286
Algeria,2014,103.6497143
Algeria,2015,99.07447619
Algeria,2016,97.27219048
Algeria,2017,101.5424762
Algeria,2018,106.5345714
Algeria,2019,
Angola,2000,
Angola,2001,
Angola,2002,
Angola,2003,
Angola,2004,
Angola,2005,
Angola,2006,
Angola,2007,
Angola,2008,
Angola,2009,
Angola,2010,89.16888889
Angola,2011,89.53472222
Angola,2012,115.2936111
Angola,2013,92.48138889
Angola,2014,91.17
Angola,2015,97.03
Angola,2016,111.8
Angola,2017,132.51
Angola,2018,117.24
Angola,2019,
Antigua and Barbuda,2000,57.49470588
Antigua and Barbuda,2001,57.49470588
Antigua and Barbuda,2002,59.02176471
Antigua and Barbuda,2003,59.02176471
Antigua and Barbuda,2004,59.02176471
Antigua and Barbuda,2005,59.02176471
Antigua and Barbuda,2006,59.02176471
Antigua and Barbuda,2007,67.85
Antigua and Barbuda,2008,67.85
Antigua and Barbuda,2009,68.23
Antigua and Barbuda,2010,68.68
Antigua and Barbuda,2011,70.91
Antigua and Barbuda,2012,71.73
Antigua and Barbuda,2013,71.09
Antigua and Barbuda,2014,73.5
Antigua and Barbuda,2015,74.56
Antigua and Barbuda,2016,151.94
Antigua and Barbuda,2017,174.83
Antigua and Barbuda,2018,178.7
Antigua and Barbuda,2019,
Argentina,2000,11.84627119
Argentina,2001,10.76838983
Argentina,2002,23.82720339
Argentina,2003,29.98025424
Argentina,2004,30.5240678
Argentina,2005,28.24364407
Argentina,2006,30.31483051
Argentina,2007,35.32542373
Argentina,2008,40.52601695
Argentina,2009,40.53754237
Argentina,2010,50.19872881
Argentina,2011,61.48177966
Argentina,2012,68.19974576
Argentina,2013,77.98177966
Argentina,2014,101.6572881
Argentina,2015,89.35754237
Argentina,2016,108.9850847
Argentina,2017,138.8771186
Argentina,2018,156.8822881
Argentina,2019,
Armenia,2000,55.43432432
Armenia,2001,59.84783784
Armenia,2002,63.54054054
Armenia,2003,68.19797297
Armenia,2004,78.90175676
Armenia,2005,64.41594595
Armenia,2006,77.47297297
Armenia,2007,83.99081081
Armenia,2008,79.32891892
Armenia,2009,71.37405405
Armenia,2010,100.5518919
Armenia,2011,105.9158108
Armenia,2012,99.63351351
Armenia,2013,105.4854054
Armenia,2014,105.9602703
Armenia,2015,97.11702703
Armenia,2016,96.92297297
Armenia,2017,98.73702703
Armenia,2018,105.1495946
Armenia,2019,
Australia,2000,68.02588235
Australia,2001,72.20571429
Australia,2002,77.85462185
Australia,2003,82.08478992
Australia,2004,79.04116667
Australia,2005,74.64116667
Australia,2006,76.09016667
Australia,2007,88.24175
Australia,2008,93.852
Australia,2009,93.92183333
Australia,2010,90.70291667
Australia,2011,95.696
Australia,2012,92.33075
Australia,2013,93.91483333
Australia,2014,97.87283333
Australia,2015,98.15608333
Australia,2016,103.9705
Australia,2017,107.6245833
Australia,2018,108.0879167
Australia,2019,
Austria,2000,73.80817204
Austria,2001,77.35861702
Austria,2002,78.09694737
Austria,2003,82.27362745
Austria,2004,78.49470588
Austria,2005,75.64794118
Austria,2006,82.71558824
Austria,2007,93.84490196
Austria,2008,90.815
Austria,2009,83.34343137
Austria,2010,98.53970588
Austria,2011,97.87980392
Austria,2012,107.0341176
Austria,2013,102.9829412
Austria,2014,97.08166667
Austria,2015,100.7671569
Austria,2016,102.1509804
Austria,2017,105.7398039
Austria,2018,106.7735294
Austria,2019,
Azerbaijan,2000,30.64824074
Azerbaijan,2001,29.125
Azerbaijan,2002,33.11953704
Azerbaijan,2003,36.9246789
Azerbaijan,2004,39.97954545
Azerbaijan,2005,47.33718182
Azerbaijan,2006,59.21554545
Azerbaijan,2007,69.25636364
Azerbaijan,2008,77.88354545
Azerbaijan,2009,85.60772727
Azerbaijan,2010,98.35736364
Azerbaijan,2011,99.14381818
Azerbaijan,2012,93.23645455
Azerbaijan,2013,99.63099099
Azerbaijan,2014,99.32684685
Azerbaijan,2015,99.23607143
Azerbaijan,2016,101.43125
Azerbaijan,2017,113.0019643
Azerbaijan,2018,116.2658036
Azerbaijan,2019,
Bangladesh,2000,48.25628866
Bangladesh,2001,47.23721649
Bangladesh,2002,47.77948454
Bangladesh,2003,52.07680412
Bangladesh,2004,55.00226804
Bangladesh,2005,56.43438776
Bangladesh,2006,58.72591837
Bangladesh,2007,63.54316327
Bangladesh,2008,71.5927551
Bangladesh,2009,74.5672449
Bangladesh,2010,82.03602041
Bangladesh,2011,84.14540816
Bangladesh,2012,87.21295918
Bangladesh,2013,94.05959184
Bangladesh,2014,95.69714286
Bangladesh,2015,99.58571429
Bangladesh,2016,104.7169388
Bangladesh,2017,108.4230612
Bangladesh,2018,108.7709184
Bangladesh,2019,
Barbados,2000,71.78459016
Barbados,2001,84.92532258
Barbados,2002,87.39919355
Barbados,2003,102.9782258
Barbados,2004,76.19564516
Barbados,2005,79.96225806
Barbados,2006,86.52790323
Barbados,2007,85.17290323
Barbados,2008,85.15435484
Barbados,2009,85.36145161
Barbados,2010,92.69322581
Barbados,2011,93.32983871
Barbados,2012,98.78129032
Barbados,2013,102.4614516
Barbados,2014,98.8216129
Barbados,2015,99.22769231
Barbados,2016,101.8912308
Barbados,2017,103.7193846
Barbados,2018,101.5126087
Barbados,2019,
Belarus,2000,8.775616438
Belarus,2001,9.322876712
Belarus,2002,12.01452055
Belarus,2003,14.10644737
Belarus,2004,16.15844156
Belarus,2005,19.15077922
Belarus,2006,21.20987013
Belarus,2007,26.43
Belarus,2008,33.78415584
Belarus,2009,29.47077922
Belarus,2010,36.13115385
Belarus,2011,50.51025641
Belarus,2012,72.68653846
Belarus,2013,84.05679487
Belarus,2014,95.07487179
Belarus,2015,96.42551282
Belarus,2016,108.4978205
Belarus,2017,122.944359
Belarus,2018,124.2767949
Belarus,2019,
Belgium,2000,94.36910256
Belgium,2001,106.0779487
Belgium,2002,99.62615385
Belgium,2003,104.2965385
Belgium,2004,90.70679487
Belgium,2005,99.69794872
Belgium,2006,108.4076923
Belgium,2007,114.1779487
Belgium,2008,110.3501282
Belgium,2009,100.0634615
Belgium,2010,108.670641
Belgium,2011,107.4067949
Belgium,2012,120.1547436
Belgium,2013,123.5071795
Belgium,2014,100.5324359
Belgium,2015,101.4094872
Belgium,2016,98.05717949
Belgium,2017,105.9452564
Belgium,2018,122.6932051
Belgium,2019,
Belize,2000,61.23214286
Belize,2001,59.81042857
Belize,2002,67.25057143
Belize,2003,63.292
Belize,2004,61.085
Belize,2005,57.99985714
Belize,2006,64.77942857
Belize,2007,78.43057143
Belize,2008,72.04928571
Belize,2009,70.14085714
Belize,2010,70.34014286
Belize,2011,77.92
Belize,2012,88.10828571
Belize,2013,87.96
Belize,2014,90.77
Belize,2015,99.42
Belize,2016,109.81
Belize,2017,113.07
Belize,2018,113.4
Belize,2019,
Benin,2000,
Benin,2001,
Benin,2002,
Benin,2003,
Benin,2004,
Benin,2005,
Benin,2006,
Benin,2007,
Benin,2008,
Benin,2009,88.702
Benin,2010,83.2444
Benin,2011,98.8344
Benin,2012,97.6508
Benin,2013,100.1992
Benin,2014,101.3488
Benin,2015,97.784
Benin,2016,100.8664
Benin,2017,102.5772
Benin,2018,99.8448
Benin,2019,
Bhutan,2000,27.71612903
Bhutan,2001,30.46435484
Bhutan,2002,33.06919355
Bhutan,2003,49.1545679
Bhutan,2004,51.13590361
Bhutan,2005,51.8226506
Bhutan,2006,53.35722892
Bhutan,2007,54.79373494
Bhutan,2008,58.04180723
Bhutan,2009,61.82108434
Bhutan,2010,73.43903614
Bhutan,2011,81.54891566
Bhutan,2012,90.3813253
Bhutan,2013,85.80882353
Bhutan,2014,86.53482353
Bhutan,2015,101.9017442
Bhutan,2016,111.4077907
Bhutan,2017,117.570814
Bhutan,2018,
Bhutan,2019,
Bolivia (Plurinational State of),2000,56.52008547
Bolivia (Plurinational State of),2001,57.22752137
Bolivia (Plurinational State of),2002,56.78136752
Bolivia (Plurinational State of),2003,58.31017094
Bolivia (Plurinational State of),2004,61.26957265
Bolivia (Plurinational State of),2005,61.45598291
Bolivia (Plurinational State of),2006,64.71393162
Bolivia (Plurinational State of),2007,70.31376068
Bolivia (Plurinational State of),2008,80.2057265
Bolivia (Plurinational State of),2009,79.49547009
Bolivia (Plurinational State of),2010,87.46384615
Bolivia (Plurinational State of),2011,90.47897436
Bolivia (Plurinational State of),2012,93.86102564
Bolivia (Plurinational State of),2013,98.01076923
Bolivia (Plurinational State of),2014,101.8403419
Bolivia (Plurinational State of),2015,96.6582906
Bolivia (Plurinational State of),2016,101.4982051
Bolivia (Plurinational State of),2017,107.6168376
Bolivia (Plurinational State of),2018,104.4623932
Bolivia (Plurinational State of),2019,
Bosnia and Herzegovina,2000,73.56675
Bosnia and Herzegovina,2001,69.048625
Bosnia and Herzegovina,2002,69.761625
Bosnia and Herzegovina,2003,75.94525
Bosnia and Herzegovina,2004,79.09385542
Bosnia and Herzegovina,2005,76.38349398
Bosnia and Herzegovina,2006,80.03626506
Bosnia and Herzegovina,2007,92.86325301
Bosnia and Herzegovina,2008,98.18457831
Bosnia and Herzegovina,2009,92.51833333
Bosnia and Herzegovina,2010,100.4664286
Bosnia and Herzegovina,2011,103.6925
Bosnia and Herzegovina,2012,114.6009412
Bosnia and Herzegovina,2013,108.8956471
Bosnia and Herzegovina,2014,104.0289535
Bosnia and Herzegovina,2015,100.5382558
Bosnia and Herzegovina,2016,95.43476744
Bosnia and Herzegovina,2017,99.47523256
Bosnia and Herzegovina,2018,97.44697674
Bosnia and Herzegovina,2019,
Botswana,2000,44.63615385
Botswana,2001,43.84846154
Botswana,2002,51.59692308
Botswana,2003,61.44461538
Botswana,2004,53.89230769
Botswana,2005,49.59230769
Botswana,2006,49.99
Botswana,2007,52.62692308
Botswana,2008,58.21076923
Botswana,2009,57.29076923
Botswana,2010,59.51
Botswana,2011,101.7241176
Botswana,2012,109.6064706
Botswana,2013,103.27
Botswana,2014,104.54
Botswana,2015,97.48
Botswana,2016,97.98
Botswana,2017,103.5817647
Botswana,2018,108.14
Botswana,2019,
Brazil,2000,39.63940678
Brazil,2001,40.39991525
Brazil,2002,42.85449153
Brazil,2003,49.87983051
Brazil,2004,53.55440678
Brazil,2005,54.74923729
Brazil,2006,57.17262712
Brazil,2007,68.60745763
Brazil,2008,80.15855932
Brazil,2009,79.7120339
Brazil,2010,87.46788136
Brazil,2011,104.5725424
Brazil,2012,103.9619492
Brazil,2013,109.2568644
Brazil,2014,106.5194068
Brazil,2015,89.75737288
Brazil,2016,103.7233051
Brazil,2017,98.15338983
Brazil,2018,83.95805085
Brazil,2019,
Brunei Darussalam,2000,78.77369231
Brunei Darussalam,2001,79.87615385
Brunei Darussalam,2002,76.14723077
Brunei Darussalam,2003,73.61015385
Brunei Darussalam,2004,71.63353846
Brunei Darussalam,2005,69.43107692
Brunei Darussalam,2006,72.02476923
Brunei Darussalam,2007,78.27353846
Brunei Darussalam,2008,81.87538462
Brunei Darussalam,2009,82.23938462
Brunei Darussalam,2010,84.04292308
Brunei Darussalam,2011,91.09938462
Brunei Darussalam,2012,99.34323077
Brunei Darussalam,2013,99.27830769
Brunei Darussalam,2014,113.5069231
Brunei Darussalam,2015,97.43343284
Brunei Darussalam,2016,89.78188406
Brunei Darussalam,2017,89.45550725
Brunei Darussalam,2018,94.1073913
Brunei Darussalam,2019,
Bulgaria,2000,67.03859375
Bulgaria,2001,67.65703125
Bulgaria,2002,66.97015625
Bulgaria,2003,67.88335937
Bulgaria,2004,68.31882812
Bulgaria,2005,66.42476562
Bulgaria,2006,70.7703125
Bulgaria,2007,90.19550388
Bulgaria,2008,100.7512403
Bulgaria,2009,92.42457364
Bulgaria,2010,94.02155039
Bulgaria,2011,100.5387597
Bulgaria,2012,106.3490769
Bulgaria,2013,101.7063077
Bulgaria,2014,101.8629231
Bulgaria,2015,100.9633846
Bulgaria,2016,97.17415385
Bulgaria,2017,90.87569231
Bulgaria,2018,100.1249231
Bulgaria,2019,
Burkina Faso,2000,64.74594595
Burkina Faso,2001,77.1372973
Burkina Faso,2002,85.35445946
Burkina Faso,2003,73.83148649
Burkina Faso,2004,76.80135135
Burkina Faso,2005,78.82310811
Burkina Faso,2006,74.55351351
Burkina Faso,2007,81.81256757
Burkina Faso,2008,103.257973
Burkina Faso,2009,101.4874324
Burkina Faso,2010,97.37
Burkina Faso,2011,108.01
Burkina Faso,2012,106.53
Burkina Faso,2013,111.4
Burkina Faso,2014,111.28
Burkina Faso,2015,93.02
Burkina Faso,2016,95.7
Burkina Faso,2017,104.01
Burkina Faso,2018,112.15
Burkina Faso,2019,
Burundi,2000,46.59435484
Burundi,2001,44.57048387
Burundi,2002,53.14857143
Burundi,2003,50.83111111
Burundi,2004,63.72507937
Burundi,2005,76.75539683
Burundi,2006,74.94650794
Burundi,2007,73.68507937
Burundi,2008,92.52349206
Burundi,2009,100.4488889
Burundi,2010,110.7004762
Burundi,2011,124.2633333
Burundi,2012,125.3388889
Burundi,2013,97.3334375
Burundi,2014,95.5228125
Burundi,2015,101.3539062
Burundi,2016,103.1221875
Burundi,2017,111.8876562
Burundi,2018,106.8504687
Burundi,2019,
Cabo Verde,2000,93.75333333
Cabo Verde,2001,91.75333333
Cabo Verde,2002,92.06019608
Cabo Verde,2003,99.44411765
Cabo Verde,2004,95.29941176
Cabo Verde,2005,96.28529412
Cabo Verde,2006,101.8196078
Cabo Verde,2007,102.2913725
Cabo Verde,2008,98.13941176
Cabo Verde,2009,97.54372549
Cabo Verde,2010,95.03134615
Cabo Verde,2011,98.38961538
Cabo Verde,2012,100.9742308
Cabo Verde,2013,101.6307692
Cabo Verde,2014,102.0630769
Cabo Verde,2015,99.16730769
Cabo Verde,2016,98.76730769
Cabo Verde,2017,99.22134615
Cabo Verde,2018,101.5069231
Cabo Verde,2019,
Cambodia,2000,50.38545455
Cambodia,2001,49.01469697
Cambodia,2002,51.98272727
Cambodia,2003,45.04833333
Cambodia,2004,52.44075758
Cambodia,2005,57.40363636
Cambodia,2006,62.12318182
Cambodia,2007,71.84833333
Cambodia,2008,88.09242424
Cambodia,2009,80.87969697
Cambodia,2010,87.58590909
Cambodia,2011,98.86727273
Cambodia,2012,99.43075758
Cambodia,2013,99.94
Cambodia,2014,99.89
Cambodia,2015,99.18
Cambodia,2016,100.93
Cambodia,2017,103.85
Cambodia,2018,106.92
Cambodia,2019,
Cameroon,2000,62.97505263
Cameroon,2001,61.96168421
Cameroon,2002,64.27157895
Cameroon,2003,68.92789474
Cameroon,2004,72.50105263
Cameroon,2005,74.84768421
Cameroon,2006,79.88105263
Cameroon,2007,91.05684211
Cameroon,2008,100.2410417
Cameroon,2009,98.96583333
Cameroon,2010,96.73447917
Cameroon,2011,99.710625
Cameroon,2012,99.34479167
Cameroon,2013,104.5239583
Cameroon,2014,108.86
Cameroon,2015,94.99
Cameroon,2016,96.16
Cameroon,2017,97.66635417
Cameroon,2018,104.2573958
Cameroon,2019,
Canada,2000,64.6637234
Canada,2001,68.67021277
Canada,2002,74.63212766
Canada,2003,72.86351064
Canada,2004,71.27234043
Canada,2005,68.84531915
Canada,2006,74.03808511
Canada,2007,76.57457447
Canada,2008,88.53351064
Canada,2009,83.71425532
Canada,2010,82.74202128
Canada,2011,92.99136842
Canada,2012,98.67273684
Canada,2013,99.32747368
Canada,2014,96.03168421
Canada,2015,102.3302105
Canada,2016,101.6372632
Canada,2017,102.5506316
Canada,2018,104.6666316
Canada,2019,
Central African Republic,2000,
Central African Republic,2001,
Central African Republic,2002,
Central African Republic,2003,
Central African Republic,2004,
Central African Republic,2005,
Central African Republic,2006,
Central African Republic,2007,
Central African Republic,2008,
Central African Republic,2009,
Central African Republic,2010,
Central African Republic,2011,
Central African Republic,2012,84.53928571
Central African Republic,2013,95.83285714
Central African Republic,2014,106.1857143
Central African Republic,2015,94.03714286
Central African Republic,2016,99.77714286
Central African Republic,2017,105.1114286
Central African Republic,2018,110.6378571
Central African Republic,2019,
Chad,2000,
Chad,2001,
Chad,2002,
Chad,2003,
Chad,2004,
Chad,2005,
Chad,2006,
Chad,2007,104.6941176
Chad,2008,122.9805882
Chad,2009,127.1903922
Chad,2010,127.932549
Chad,2011,135.674902
Chad,2012,130.5394118
Chad,2013,125.1719608
Chad,2014,125.3343137
Chad,2015,89.05411765
Chad,2016,85.61176471
Chad,2017,84.74647059
Chad,2018,85.14921569
Chad,2019,
Chile,2000,38.8796875
Chile,2001,36.41385417
Chile,2002,39.97416667
Chile,2003,39.79166667
Chile,2004,40.25061856
Chile,2005,42.82123711
Chile,2006,44.34257732
Chile,2007,52.15938144
Chile,2008,58.66670103
Chile,2009,59.14212121
Chile,2010,61.32232323
Chile,2011,63.64424242
Chile,2012,69.99673077
Chile,2013,80.63490385
Chile,2014,94.10163462
Chile,2015,100.4965714
Chile,2016,105.3420952
Chile,2017,108.7522857
Chile,2018,108.2211429
Chile,2019,
China,2000,53.66368715
China,2001,54.56184358
China,2002,55.29167598
China,2003,60.11703911
China,2004,66.70094972
China,2005,70.89055866
China,2006,75.16189944
China,2007,83.20944134
China,2008,88.29184358
China,2009,87.70357542
China,2010,95.17061453
China,2011,116.9225698
China,2012,112.4834637
China,2013,113.3390503
China,2014,99.6722905
China,2015,98.98575419
China,2016,101.3451955
China,2017,98.59530726
China,2018,
China,2019,
"China, Hong Kong SAR",2000,31.12114286
"China, Hong Kong SAR",2001,31.512
"China, Hong Kong SAR",2002,34.076
"China, Hong Kong SAR",2003,38.28914286
"China, Hong Kong SAR",2004,45.75257143
"China, Hong Kong SAR",2005,42.46028571
"China, Hong Kong SAR",2006,41.61514286
"China, Hong Kong SAR",2007,43.018
"China, Hong Kong SAR",2008,54.12371429
"China, Hong Kong SAR",2009,71.15742857
"China, Hong Kong SAR",2010,56.60942857
"China, Hong Kong SAR",2011,55.16542857
"China, Hong Kong SAR",2012,70.04971429
"China, Hong Kong SAR",2013,74.01085714
"China, Hong Kong SAR",2014,98.53228571
"China, Hong Kong SAR",2015,93.44111111
"China, Hong Kong SAR",2016,107.9802778
"China, Hong Kong SAR",2017,97.45083333
"China, Hong Kong SAR",2018,101.3330556
"China, Hong Kong SAR",2019,
"China, mainland",2000,53.66089385
"China, mainland",2001,54.55837989
"China, mainland",2002,55.28882682
"China, mainland",2003,60.1149162
"China, mainland",2004,66.6975419
"China, mainland",2005,70.88826816
"China, mainland",2006,75.15994413
"China, mainland",2007,83.20670391
"China, mainland",2008,88.28837989
"China, mainland",2009,87.70044693
"China, mainland",2010,95.16843575
"China, mainland",2011,116.9211173
"China, mainland",2012,112.4813408
"China, mainland",2013,113.3377095
"China, mainland",2014,99.67357542
"China, mainland",2015,98.98581006
"China, mainland",2016,101.3439665
"China, mainland",2017,98.59402235
"China, mainland",2018,
"China, mainland",2019,
Colombia,2000,52.67137255
Colombia,2001,55.31519608
Colombia,2002,58.47245098
Colombia,2003,61.35
Colombia,2004,62.33235294
Colombia,2005,62.38019608
Colombia,2006,70.31696078
Colombia,2007,74.73352941
Colombia,2008,85.0472549
Colombia,2009,88.04558824
Colombia,2010,96.70745098
Colombia,2011,101.6988235
Colombia,2012,100.264902
Colombia,2013,85.20343137
Colombia,2014,93.05631068
Colombia,2015,104.7714563
Colombia,2016,102.1751456
Colombia,2017,104.0715534
Colombia,2018,106.1509709
Colombia,2019,
Congo,2000,49.56958333
Congo,2001,47.75791667
Congo,2002,59.87777778
Congo,2003,47.68861111
Congo,2004,55.04027778
Congo,2005,61.51875
Congo,2006,68.20277778
Congo,2007,76.06819444
Congo,2008,84.01388889
Congo,2009,90.41166667
Congo,2010,93.61027778
Congo,2011,93.17305556
Congo,2012,98.93347222
Congo,2013,105.36
Congo,2014,108.75
Congo,2015,93.41
Congo,2016,97.84
Congo,2017,80.81
Congo,2018,118.39
Congo,2019,
Cook Islands,2000,42.00605263
Cook Islands,2001,44.76947368
Cook Islands,2002,47.36447368
Cook Islands,2003,48.36
Cook Islands,2004,53.94
Cook Islands,2005,58.62
Cook Islands,2006,51.42
Cook Islands,2007,61.1
Cook Islands,2008,60.17
Cook Islands,2009,53.36
Cook Islands,2010,61.14
Cook Islands,2011,66.58
Cook Islands,2012,73.73
Cook Islands,2013,94.77
Cook Islands,2014,113.25
Cook Islands,2015,96.91
Cook Islands,2016,89.85
Cook Islands,2017,87.49
Cook Islands,2018,
Cook Islands,2019,
Costa Rica,2000,47.1224
Costa Rica,2001,47.65173333
Costa Rica,2002,52.02466667
Costa Rica,2003,52.1156
Costa Rica,2004,55.00733333
Costa Rica,2005,62.09053333
Costa Rica,2006,61.6688
Costa Rica,2007,69.10693333
Costa Rica,2008,86.17813333
Costa Rica,2009,85.6648
Costa Rica,2010,91.133375
Costa Rica,2011,93.425625
Costa Rica,2012,89.727625
Costa Rica,2013,88.419625
Costa Rica,2014,93.44675
Costa Rica,2015,102.9708642
Costa Rica,2016,103.5011111
Costa Rica,2017,102.7685185
Costa Rica,2018,106.083
Costa Rica,2019,
Côte d'Ivoire,2000,113.8082955
Côte d'Ivoire,2001,88.55363636
Côte d'Ivoire,2002,92.04875
Côte d'Ivoire,2003,94.05659091
Côte d'Ivoire,2004,90.65886364
Côte d'Ivoire,2005,79.42568182
Côte d'Ivoire,2006,80.69044944
Côte d'Ivoire,2007,80.35191011
Côte d'Ivoire,2008,88.06685393
Côte d'Ivoire,2009,89.08808989
Côte d'Ivoire,2010,104.0153933
Côte d'Ivoire,2011,107.57
Côte d'Ivoire,2012,99.39
Côte d'Ivoire,2013,102.75
Côte d'Ivoire,2014,100.37
Côte d'Ivoire,2015,98.74
Côte d'Ivoire,2016,100.89
Côte d'Ivoire,2017,98.77
Côte d'Ivoire,2018,98.17
Côte d'Ivoire,2019,
Croatia,2000,94.06428571
Croatia,2001,97.16638095
Croatia,2002,97.76809524
Croatia,2003,94.62361905
Croatia,2004,98.58047619
Croatia,2005,100.8989623
Croatia,2006,97.04018692
Croatia,2007,98.57046729
Croatia,2008,106.3783178
Croatia,2009,96.62224299
Croatia,2010,102.5333645
Croatia,2011,104.8116822
Croatia,2012,121.9563551
Croatia,2013,114.3426168
Croatia,2014,99.67233645
Croatia,2015,103.3559813
Croatia,2016,96.97280374
Croatia,2017,100.8281308
Croatia,2018,98.12383178
Croatia,2019,
Cuba,2000,34.71442623
Cuba,2001,37.01868852
Cuba,2002,37.17672131
Cuba,2003,37.17672131
Cuba,2004,37.20590164
Cuba,2005,58.51639344
Cuba,2006,58.51655738
Cuba,2007,71.48409836
Cuba,2008,85.27967213
Cuba,2009,81.97229508
Cuba,2010,87.35344262
Cuba,2011,93.31704918
Cuba,2012,94.93311475
Cuba,2013,97.29393443
Cuba,2014,97.29393443
Cuba,2015,99.53885246
Cuba,2016,103.1663934
Cuba,2017,109.76
Cuba,2018,110.8355738
Cuba,2019,
Cyprus,2000,91.67242718
Cyprus,2001,97.37621359
Cyprus,2002,92.92417476
Cyprus,2003,92.86252427
Cyprus,2004,93.61194175
Cyprus,2005,94.3376699
Cyprus,2006,95.24417476
Cyprus,2007,106.3839806
Cyprus,2008,118.0907767
Cyprus,2009,116.6330097
Cyprus,2010,116.5235922
Cyprus,2011,109.9628155
Cyprus,2012,111.1115534
Cyprus,2013,103.3598058
Cyprus,2014,99.0168932
Cyprus,2015,99.22288462
Cyprus,2016,101.7509615
Cyprus,2017,116.3483654
Cyprus,2018,105.24875
Cyprus,2019,
Czechia,2000,89.0068
Czechia,2001,98.8899
Czechia,2002,95.2507
Czechia,2003,94.8257
Czechia,2004,93.1936
Czechia,2005,90.8837
Czechia,2006,88.5749
Czechia,2007,93.2168
Czechia,2008,96.4642
Czechia,2009,81.6984
Czechia,2010,86.2669
Czechia,2011,90.2629
Czechia,2012,94.9915
Czechia,2013,102.7281
Czechia,2014,100.4803
Czechia,2015,100.9696
Czechia,2016,98.5504
Czechia,2017,102.0587
Czechia,2018,103.0802
Czechia,2019,
Denmark,2000,91.41014925
Denmark,2001,99.62791045
Denmark,2002,94.11626866
Denmark,2003,95.6658209
Denmark,2004,95.33880597
Denmark,2005,91.76298507
Denmark,2006,91.29761194
Denmark,2007,105.52
Denmark,2008,106.7008824
Denmark,2009,91.46617647
Denmark,2010,105.1757353
Denmark,2011,130.0436765
Denmark,2012,123.0111765
Denmark,2013,115.1019118
Denmark,2014,100.7992647
Denmark,2015,100.4917647
Denmark,2016,98.70779412
Denmark,2017,105.7651471
Denmark,2018,104.9147059
Denmark,2019,
Dominican Republic,2000,30.69975309
Dominican Republic,2001,32.12308642
Dominican Republic,2002,33.51
Dominican Republic,2003,39.51814815
Dominican Republic,2004,55.4062963
Dominican Republic,2005,61.47259259
Dominican Republic,2006,62.95567901
Dominican Republic,2007,68.91975309
Dominican Republic,2008,78.47012346
Dominican Republic,2009,75.0808642
Dominican Republic,2010,79.19740741
Dominican Republic,2011,80.69888889
Dominican Republic,2012,93.37074074
Dominican Republic,2013,91.53962963
Dominican Republic,2014,89.21962963
Dominican Republic,2015,99.97679012
Dominican Republic,2016,110.672439
Dominican Republic,2017,133.395
Dominican Republic,2018,134.1786585
Dominican Republic,2019,
Ecuador,2000,38.87081967
Ecuador,2001,47.32639344
Ecuador,2002,57.64368852
Ecuador,2003,54.42762295
Ecuador,2004,51.405
Ecuador,2005,55.24680328
Ecuador,2006,54.76508197
Ecuador,2007,62.41377049
Ecuador,2008,73.14745902
Ecuador,2009,77.45688525
Ecuador,2010,83.25270492
Ecuador,2011,85.73598361
Ecuador,2012,89.67377049
Ecuador,2013,89.94040984
Ecuador,2014,93.47622951
Ecuador,2015,97.46442623
Ecuador,2016,108.9109677
Ecuador,2017,108.0632258
Ecuador,2018,99.30217742
Ecuador,2019,
Egypt,2000,34.71700787
Egypt,2001,35.18149606
Egypt,2002,36.23692913
Egypt,2003,38.29110236
Egypt,2004,43.14370079
Egypt,2005,47.31488189
Egypt,2006,52.23692913
Egypt,2007,58.7607874
Egypt,2008,62.72322835
Egypt,2009,67.04523437
Egypt,2010,76.86867187
Egypt,2011,85.06875
Egypt,2012,87.32703125
Egypt,2013,90.61976562
Egypt,2014,93.35359375
Egypt,2015,99.480625
Egypt,2016,107.1653906
Egypt,2017,138.5486719
Egypt,2018,156.9657812
Egypt,2019,
El Salvador,2000,68.46226667
El Salvador,2001,70.4104
El Salvador,2002,67.18746667
El Salvador,2003,70.91666667
El Salvador,2004,67.41853333
El Salvador,2005,77.26278481
El Salvador,2006,82.77949367
El Salvador,2007,83.57113924
El Salvador,2008,91.23949367
El Salvador,2009,99.44873418
El Salvador,2010,103.4910127
El Salvador,2011,108.1798734
El Salvador,2012,100.903125
El Salvador,2013,88.782
El Salvador,2014,99.136875
El Salvador,2015,101.106375
El Salvador,2016,99.757
El Salvador,2017,94.817875
El Salvador,2018,96.0995
El Salvador,2019,
Equatorial Guinea,2000,39.274375
Equatorial Guinea,2001,43.3609375
Equatorial Guinea,2002,45.110625
Equatorial Guinea,2003,46.5796875
Equatorial Guinea,2004,52.5325
Equatorial Guinea,2005,66.1809375
Equatorial Guinea,2006,77.2359375
Equatorial Guinea,2007,83.69375
Equatorial Guinea,2008,97.69875
Equatorial Guinea,2009,98.738125
Equatorial Guinea,2010,99.94
Equatorial Guinea,2011,116.28
Equatorial Guinea,2012,113.1
Equatorial Guinea,2013,116.1
Equatorial Guinea,2014,116.51
Equatorial Guinea,2015,92.24
Equatorial Guinea,2016,91.26
Equatorial Guinea,2017,92.55
Equatorial Guinea,2018,98.43
Equatorial Guinea,2019,
Eritrea,2000,16.43464286
Eritrea,2001,17.28482143
Eritrea,2002,20.06
Eritrea,2003,23.23
Eritrea,2004,30.42
Eritrea,2005,29.7
Eritrea,2006,33.06
Eritrea,2007,35.47
Eritrea,2008,41.18
Eritrea,2009,53.32
Eritrea,2010,59.5
Eritrea,2011,67.44
Eritrea,2012,74.71
Eritrea,2013,82.12
Eritrea,2014,90.49
Eritrea,2015,99.47
Eritrea,2016,110.04
Eritrea,2017,121.71
Eritrea,2018,
Eritrea,2019,
Estonia,2000,56.6995
Estonia,2001,64.68533333
Estonia,2002,70.16066667
Estonia,2003,77.43583333
Estonia,2004,80.99183333
Estonia,2005,79.34466667
Estonia,2006,90.18566667
Estonia,2007,100.9335
Estonia,2008,101.46
Estonia,2009,85.994
Estonia,2010,106.4973333
Estonia,2011,112.2526667
Estonia,2012,109.5215
Estonia,2013,107.5656667
Estonia,2014,102.9396667
Estonia,2015,98.94783333
Estonia,2016,98.11216667
Estonia,2017,102.0258333
Estonia,2018,127.104
Estonia,2019,
Ethiopia,2000,22.17227273
Ethiopia,2001,19.367
Ethiopia,2002,17.92836364
Ethiopia,2003,20.99145455
Ethiopia,2004,24.01354545
Ethiopia,2005,26.43454545
Ethiopia,2006,29.92622807
Ethiopia,2007,41.51701754
Ethiopia,2008,51.15385965
Ethiopia,2009,51.87912281
Ethiopia,2010,50.01017544
Ethiopia,2011,62.33634783
Ethiopia,2012,85.80069565
Ethiopia,2013,84.67330435
Ethiopia,2014,92.04217391
Ethiopia,2015,98.54426087
Ethiopia,2016,109.414087
Ethiopia,2017,117.2933043
Ethiopia,2018,114.6201739
Ethiopia,2019,
Fiji,2000,45.4696
Fiji,2001,48.2032
Fiji,2002,49.1786
Fiji,2003,52.6194
Fiji,2004,53.8736
Fiji,2005,55.7444
Fiji,2006,57.0942
Fiji,2007,59.264
Fiji,2008,60.2368
Fiji,2009,83.41777778
Fiji,2010,71.10745455
Fiji,2011,70.59690909
Fiji,2012,76.67090909
Fiji,2013,78.46745455
Fiji,2014,91.13581818
Fiji,2015,82.94
Fiji,2016,125.1345
Fiji,2017,120.377
Fiji,2018,122.6145
Fiji,2019,
Finland,2000,70.5668254
Finland,2001,72.14650794
Finland,2002,73.70492063
Finland,2003,77.04444444
Finland,2004,76.65555556
Finland,2005,71.51206349
Finland,2006,76.65857143
Finland,2007,87.57174603
Finland,2008,92.87873016
Finland,2009,82.14285714
Finland,2010,86.76539683
Finland,2011,95.77380952
Finland,2012,100.5114286
Finland,2013,108.3692063
Finland,2014,101.1177778
Finland,2015,98.79809524
Finland,2016,100.0834921
Finland,2017,104.1361905
Finland,2018,113.7287302
Finland,2019,
France,2000,70.07896
France,2001,77.14872
France,2002,72.36136
France,2003,79.22768
France,2004,73.06952
France,2005,74.97968
France,2006,82.02698413
France,2007,92.6868254
France,2008,93.00428571
France,2009,79.89190476
France,2010,90.48746032
France,2011,92.56388889
France,2012,103.394127
France,2013,102.7011111
France,2014,96.43539683
France,2015,100.6064286
France,2016,102.9578571
France,2017,102.0843651
France,2018,109.26816
France,2019,
Gambia,2000,27.805
Gambia,2001,33.64195652
Gambia,2002,48.25413043
Gambia,2003,60.60934783
Gambia,2004,67.53413043
Gambia,2005,74.47282609
Gambia,2006,66.61478261
Gambia,2007,75.04869565
Gambia,2008,84.92456522
Gambia,2009,84.82869565
Gambia,2010,90.99413043
Gambia,2011,79.66478261
Gambia,2012,82.2173913
Gambia,2013,84.65
Gambia,2014,85.48
Gambia,2015,106.38
Gambia,2016,108.15
Gambia,2017,116.81
Gambia,2018,119.51
Gambia,2019,
Georgia,2000,68.07843373
Georgia,2001,67.88253012
Georgia,2002,68.73939759
Georgia,2003,75.77650602
Georgia,2004,77.10698795
Georgia,2005,73.92783133
Georgia,2006,71.27650602
Georgia,2007,71.85060241
Georgia,2008,78.63301205
Georgia,2009,75.56289157
Georgia,2010,86.74096386
Georgia,2011,100.0790361
Georgia,2012,97.96722892
Georgia,2013,101.9587952
Georgia,2014,107.6818072
Georgia,2015,99.31951807
Georgia,2016,92.99903614
Georgia,2017,99.88385542
Georgia,2018,104.706506
Georgia,2019,
Germany,2000,72.32076087
Germany,2001,83.14130435
Germany,2002,81.2025
Germany,2003,87.90032609
Germany,2004,82.91315217
Germany,2005,81.1076087
Germany,2006,85.92543478
Germany,2007,95.45206522
Germany,2008,99.64413043
Germany,2009,81.95467391
Germany,2010,92.175
Germany,2011,100.4303226
Germany,2012,109.5743617
Germany,2013,109.1721053
Germany,2014,99.15659794
Germany,2015,98.72237113
Germany,2016,102.1209278
Germany,2017,108.2771134
Germany,2018,111.0590722
Germany,2019,
Ghana,2000,16.98417722
Ghana,2001,23.63417722
Ghana,2002,25.78405063
Ghana,2003,32.71
Ghana,2004,37.55303797
Ghana,2005,44.74278481
Ghana,2006,49.95822785
Ghana,2007,57.04405063
Ghana,2008,67.67063291
Ghana,2009,68.96620253
Ghana,2010,77.1135443
Ghana,2011,85.67936709
Ghana,2012,83.10063291
Ghana,2013,116.8301266
Ghana,2014,96.18037975
Ghana,2015,86.36670886
Ghana,2016,116.9955556
Ghana,2017,120.4016049
Ghana,2018,151.2502469
Ghana,2019,
Greece,2000,78.36225564
Greece,2001,83.60834586
Greece,2002,86.04789474
Greece,2003,92.54473684
Greece,2004,88.07496241
Greece,2005,89.05729323
Greece,2006,89.65
Greece,2007,97.71293233
Greece,2008,101.4709774
Greece,2009,99.55556391
Greece,2010,102.8727068
Greece,2011,104.5433083
Greece,2012,102.1347368
Greece,2013,102.4485714
Greece,2014,99.46481203
Greece,2015,101.3056716
Greece,2016,99.22529851
Greece,2017,100.2112687
Greece,2018,102.925
Greece,2019,
Grenada,2000,
Grenada,2001,
Grenada,2002,
Grenada,2003,
Grenada,2004,
Grenada,2005,
Grenada,2006,
Grenada,2007,
Grenada,2008,
Grenada,2009,
Grenada,2010,89.0809434
Grenada,2011,91.94471698
Grenada,2012,89.13622642
Grenada,2013,89.37056604
Grenada,2014,95.67169811
Grenada,2015,101.9956604
Grenada,2016,102.1393103
Grenada,2017,102.7012069
Grenada,2018,102.0331034
Grenada,2019,
Guinea,2000,57.01257576
Guinea,2001,60.06285714
Guinea,2002,61.70914286
Guinea,2003,60.88128571
Guinea,2004,64.303
Guinea,2005,62.616
Guinea,2006,73.34915493
Guinea,2007,99.8015493
Guinea,2008,100.5722535
Guinea,2009,106.0835211
Guinea,2010,97.27197183
Guinea,2011,78.49873239
Guinea,2012,90.48746479
Guinea,2013,98.53704225
Guinea,2014,99.90056338
Guinea,2015,100.3356338
Guinea,2016,99.76222222
Guinea,2017,106.7922222
Guinea,2018,113.28875
Guinea,2019,
Guinea-Bissau,2000,66.73357143
Guinea-Bissau,2001,66.22571429
Guinea-Bissau,2002,65.47652174
Guinea-Bissau,2003,66.04695652
Guinea-Bissau,2004,76.77304348
Guinea-Bissau,2005,78.22086957
Guinea-Bissau,2006,78.51913043
Guinea-Bissau,2007,87.61638889
Guinea-Bissau,2008,92.74947368
Guinea-Bissau,2009,82.6
Guinea-Bissau,2010,86.46
Guinea-Bissau,2011,101.85
Guinea-Bissau,2012,95.57
Guinea-Bissau,2013,91.61
Guinea-Bissau,2014,91.97
Guinea-Bissau,2015,101.11
Guinea-Bissau,2016,106.92
Guinea-Bissau,2017,130.03
Guinea-Bissau,2018,135.03
Guinea-Bissau,2019,
Guyana,2000,45.70666667
Guyana,2001,43.61
Guyana,2002,37.33
Guyana,2003,40.705
Guyana,2004,40.88
Guyana,2005,43.90333333
Guyana,2006,41.545
Guyana,2007,70.96972973
Guyana,2008,88.10243243
Guyana,2009,99.28425
Guyana,2010,99.635
Guyana,2011,110.929
Guyana,2012,114.4952381
Guyana,2013,110.2106977
Guyana,2014,98.88813953
Guyana,2015,104.0016279
Guyana,2016,97.11232558
Guyana,2017,134.29
Guyana,2018,146.1662791
Guyana,2019,
Honduras,2000,51.88418605
Honduras,2001,55.62255814
Honduras,2002,56.34174419
Honduras,2003,60.66883721
Honduras,2004,68.16159091
Honduras,2005,82.57318681
Honduras,2006,89.46230769
Honduras,2007,89.25175824
Honduras,2008,84.87
Honduras,2009,81.58
Honduras,2010,93.19989011
Honduras,2011,120.05
Honduras,2012,108.26
Honduras,2013,93.9
Honduras,2014,100.32
Honduras,2015,101.13
Honduras,2016,98.56
Honduras,2017,100.89
Honduras,2018,93.52
Honduras,2019,
Hungary,2000,57.87932203
Hungary,2001,60.83330508
Hungary,2002,61.50161017
Hungary,2003,67.27258333
Hungary,2004,62.59608333
Hungary,2005,61.84141667
Hungary,2006,68.53133333
Hungary,2007,79.33233333
Hungary,2008,81.67483333
Hungary,2009,75.74241667
Hungary,2010,85.72766667
Hungary,2011,95.63666667
Hungary,2012,109.1130833
Hungary,2013,104.5870833
Hungary,2014,97.76833333
Hungary,2015,101.7715702
Hungary,2016,100.4412397
Hungary,2017,104.6814876
Hungary,2018,107.6534711
Hungary,2019,
Iceland,2000,56.7015625
Iceland,2001,59.5659375
Iceland,2002,57.91875
Iceland,2003,57.803125
Iceland,2004,60.2525
Iceland,2005,67.0609375
Iceland,2006,69.9303125
Iceland,2007,67.06375
Iceland,2008,71.455625
Iceland,2009,71.5346875
Iceland,2010,79.5696875
Iceland,2011,88.6825
Iceland,2012,92.55342857
Iceland,2013,96.76314286
Iceland,2014,100.0517143
Iceland,2015,99.47657143
Iceland,2016,100.4748571
Iceland,2017,102.2748571
Iceland,2018,99.17057143
Iceland,2019,
India,2000,35.77606557
India,2001,36.54622951
India,2002,38.44303279
India,2003,40.39401639
India,2004,42.61745902
India,2005,45.32606557
India,2006,48.73860656
India,2007,58.43598361
India,2008,59.31631148
India,2009,65.52
India,2010,77.14
India,2011,84.12
India,2012,91.28
India,2013,87.32
India,2014,94.65
India,2015,100.36
India,2016,104.99
India,2017,110.08
India,2018,109.77
India,2019,
Indonesia,2000,29.41737864
Indonesia,2001,34.76067961
Indonesia,2002,37.47466019
Indonesia,2003,36.77514563
Indonesia,2004,37.94174757
Indonesia,2005,41.55786408
Indonesia,2006,41.77601942
Indonesia,2007,48.03145631
Indonesia,2008,60.0007767
Indonesia,2009,64.96029126
Indonesia,2010,73.47786408
Indonesia,2011,81.61605769
Indonesia,2012,85.32134615
Indonesia,2013,89.66365385
Indonesia,2014,96.54480769
Indonesia,2015,99.89980769
Indonesia,2016,103.5594231
Indonesia,2017,105.3286538
Indonesia,2018,110.38625
Indonesia,2019,
Iran (Islamic Republic of),2000,8.375634921
Iran (Islamic Republic of),2001,8.571825397
Iran (Islamic Republic of),2002,10.12865079
Iran (Islamic Republic of),2003,11.43787402
Iran (Islamic Republic of),2004,14.25440945
Iran (Islamic Republic of),2005,14.58125984
Iran (Islamic Republic of),2006,17.65338583
Iran (Islamic Republic of),2007,21.28716535
Iran (Islamic Republic of),2008,28.03023622
Iran (Islamic Republic of),2009,28.9107874
Iran (Islamic Republic of),2010,33.68992126
Iran (Islamic Republic of),2011,39.45976378
Iran (Islamic Republic of),2012,57.83551181
Iran (Islamic Republic of),2013,89.57968504
Iran (Islamic Republic of),2014,96.08771654
Iran (Islamic Republic of),2015,102.9155906
Iran (Islamic Republic of),2016,100.9969291
Iran (Islamic Republic of),2017,115.9020472
Iran (Islamic Republic of),2018,184.0671654
Iran (Islamic Republic of),2019,
Iraq,2000,36.10902439
Iraq,2001,39.94536585
Iraq,2002,45.8802439
Iraq,2003,47.62390244
Iraq,2004,53.9395122
Iraq,2005,65.32609756
Iraq,2006,70.96341463
Iraq,2007,78.62560976
Iraq,2008,93.13756098
Iraq,2009,101.8919512
Iraq,2010,120.9556098
Iraq,2011,106.847
Iraq,2012,99.06923077
Iraq,2013,101.0964615
Iraq,2014,99.75446154
Iraq,2015,100.5172308
Iraq,2016,99.7330303
Iraq,2017,99.14757576
Iraq,2018,104.3745455
Iraq,2019,
Ireland,2000,68.24230769
Ireland,2001,76.71984615
Ireland,2002,76.66353846
Ireland,2003,80.39261538
Ireland,2004,79.30615385
Ireland,2005,84.17492308
Ireland,2006,90.74369231
Ireland,2007,104.6389231
Ireland,2008,104.7089231
Ireland,2009,91.82123077
Ireland,2010,94.56876923
Ireland,2011,102.5483077
Ireland,2012,112.8909231
Ireland,2013,114.2083077
Ireland,2014,101.9746154
Ireland,2015,99.22030769
Ireland,2016,98.80615385
Ireland,2017,103.4223077
Ireland,2018,106.6861538
Ireland,2019,
Israel,2000,55.14017699
Israel,2001,56.45424779
Israel,2002,59.1220354
Israel,2003,62.22649123
Israel,2004,63.14482456
Israel,2005,67.74947368
Israel,2006,70.85482456
Israel,2007,79.10210526
Israel,2008,88.05052632
Israel,2009,91.39412281
Israel,2010,94.73061404
Israel,2011,95.66552632
Israel,2012,95.7304386
Israel,2013,98.95578947
Israel,2014,100.4176316
Israel,2015,100.0542982
Israel,2016,99.52780702
Israel,2017,97.33885965
Israel,2018,104.9113158
Israel,2019,
Italy,2000,83.42341085
Italy,2001,87.05844961
Italy,2002,87.49062016
Italy,2003,84.32589147
Italy,2004,82.89085271
Italy,2005,79.17271318
Italy,2006,82.85124031
Italy,2007,87.57782946
Italy,2008,95.43465116
Italy,2009,88.42418605
Italy,2010,91.65635659
Italy,2011,92.93372093
Italy,2012,100.2523256
Italy,2013,105.234186
Italy,2014,99.49976744
Italy,2015,101.3182946
Italy,2016,99.18186047
Italy,2017,102.717907
Italy,2018,105.2964341
Italy,2019,
Jamaica,2000,40.97402439
Jamaica,2001,41.38365854
Jamaica,2002,44.13231707
Jamaica,2003,43.78146341
Jamaica,2004,51.74585366
Jamaica,2005,64.78426829
Jamaica,2006,59.46878049
Jamaica,2007,65.07542169
Jamaica,2008,78.60409639
Jamaica,2009,75.99385542
Jamaica,2010,82.53180723
Jamaica,2011,86.33457831
Jamaica,2012,88.09686747
Jamaica,2013,92.13638554
Jamaica,2014,94.46831325
Jamaica,2015,102.2461446
Jamaica,2016,103.2461905
Jamaica,2017,114.9420238
Jamaica,2018,117.7245238
Jamaica,2019,
Japan,2000,104.5012871
Japan,2001,102.5182178
Japan,2002,98.24930693
Japan,2003,102.7930392
Japan,2004,106.1185294
Japan,2005,104.6131373
Japan,2006,107.0296078
Japan,2007,94.28754902
Japan,2008,92.89264706
Japan,2009,91.92137255
Japan,2010,97.08578431
Japan,2011,92.90294118
Japan,2012,90.07480392
Japan,2013,89.36441176
Japan,2014,92.38568627
Japan,2015,101.5458824
Japan,2016,106.0685294
Japan,2017,106.8276471
Japan,2018,108.3933333
Japan,2019,
Jordan,2000,41.80935484
Jordan,2001,43.03010753
Jordan,2002,42.18419355
Jordan,2003,44.59
Jordan,2004,48.31978495
Jordan,2005,48.98290323
Jordan,2006,54.96698925
Jordan,2007,63.21537634
Jordan,2008,73.9072043
Jordan,2009,67.93967742
Jordan,2010,72.63010753
Jordan,2011,75.34634409
Jordan,2012,75.31634409
Jordan,2013,89.06086022
Jordan,2014,93.96
Jordan,2015,99.39882979
Jordan,2016,106.3730928
Jordan,2017,105.9786598
Jordan,2018,103.7894845
Jordan,2019,
Kazakhstan,2000,25.76194175
Kazakhstan,2001,28.02825243
Kazakhstan,2002,28.42028846
Kazakhstan,2003,31.58269231
Kazakhstan,2004,34.0795283
Kazakhstan,2005,35.79169811
Kazakhstan,2006,38.28537736
Kazakhstan,2007,47.02207547
Kazakhstan,2008,61.09858491
Kazakhstan,2009,60.06509434
Kazakhstan,2010,67.33226415
Kazakhstan,2011,77.10811321
Kazakhstan,2012,84.66066038
Kazakhstan,2013,86.22660377
Kazakhstan,2014,92.42188679
Kazakhstan,2015,99.34820755
Kazakhstan,2016,108.1586916
Kazakhstan,2017,110.2954206
Kazakhstan,2018,120.0918692
Kazakhstan,2019,
Kenya,2000,44.11934426
Kenya,2001,42.18860656
Kenya,2002,42.64704918
Kenya,2003,46.2107377
Kenya,2004,49.23139344
Kenya,2005,50.11040984
Kenya,2006,53.87122951
Kenya,2007,58.58991803
Kenya,2008,67.17811475
Kenya,2009,76.48467213
Kenya,2010,76.43918033
Kenya,2011,86.26114754
Kenya,2012,93.09081967
Kenya,2013,92.43
Kenya,2014,96.57065574
Kenya,2015,99.80434426
Kenya,2016,103.6248361
Kenya,2017,129.7840164
Kenya,2018,133.6964754
Kenya,2019,
Kuwait,2000,
Kuwait,2001,
Kuwait,2002,
Kuwait,2003,
Kuwait,2004,
Kuwait,2005,
Kuwait,2006,
Kuwait,2007,
Kuwait,2008,
Kuwait,2009,
Kuwait,2010,
Kuwait,2011,
Kuwait,2012,
Kuwait,2013,
Kuwait,2014,98.31886364
Kuwait,2015,94.42818182
Kuwait,2016,107.0906667
Kuwait,2017,106.0246667
Kuwait,2018,106.0246667
Kuwait,2019,
Kyrgyzstan,2000,53.97830189
Kyrgyzstan,2001,56.52377358
Kyrgyzstan,2002,54.29009434
Kyrgyzstan,2003,55.20820755
Kyrgyzstan,2004,54.77783019
Kyrgyzstan,2005,61.03283019
Kyrgyzstan,2006,70.31443396
Kyrgyzstan,2007,86.50264151
Kyrgyzstan,2008,103.1458491
Kyrgyzstan,2009,84.00330189
Kyrgyzstan,2010,81.92226415
Kyrgyzstan,2011,99.3409434
Kyrgyzstan,2012,103.1127358
Kyrgyzstan,2013,106.4681132
Kyrgyzstan,2014,111.3678302
Kyrgyzstan,2015,99.2595283
Kyrgyzstan,2016,89.37235849
Kyrgyzstan,2017,100.0231132
Kyrgyzstan,2018,95.2309434
Kyrgyzstan,2019,
Lao People's Democratic Republic,2000,36.47136364
Lao People's Democratic Republic,2001,38.44424242
Lao People's Democratic Republic,2002,41.38636364
Lao People's Democratic Republic,2003,44.98787879
Lao People's Democratic Republic,2004,48.80484848
Lao People's Democratic Republic,2005,52.30212121
Lao People's Democratic Republic,2006,57.82651515
Lao People's Democratic Republic,2007,63.27227273
Lao People's Democratic Republic,2008,70.43530303
Lao People's Democratic Republic,2009,74.38969697
Lao People's Democratic Republic,2010,80.55636364
Lao People's Democratic Republic,2011,85.40484848
Lao People's Democratic Republic,2012,89.69121212
Lao People's Democratic Republic,2013,90.77
Lao People's Democratic Republic,2014,96.39
Lao People's Democratic Republic,2015,99.46
Lao People's Democratic Republic,2016,104.15
Lao People's Democratic Republic,2017,101.49
Lao People's Democratic Republic,2018,103.62
Lao People's Democratic Republic,2019,
Latvia,2000,63.67415584
Latvia,2001,66.47220779
Latvia,2002,70.90675325
Latvia,2003,67.23584416
Latvia,2004,72.61051948
Latvia,2005,67.99454545
Latvia,2006,74.06922078
Latvia,2007,106.0066234
Latvia,2008,105.1712987
Latvia,2009,80.59298701
Latvia,2010,93.32584416
Latvia,2011,102.6053846
Latvia,2012,110.135641
Latvia,2013,102.3778205
Latvia,2014,97.17189873
Latvia,2015,102.3977215
Latvia,2016,100.4307595
Latvia,2017,106.7479747
Latvia,2018,120.7406329
Latvia,2019,
Lebanon,2000,46.89734694
Lebanon,2001,47.37438776
Lebanon,2002,46.64469388
Lebanon,2003,46.60397959
Lebanon,2004,48.30795918
Lebanon,2005,49.42255102
Lebanon,2006,62.73112245
Lebanon,2007,72.12826531
Lebanon,2008,81.53428571
Lebanon,2009,81.79244898
Lebanon,2010,78.59704082
Lebanon,2011,77.09010204
Lebanon,2012,84.7022449
Lebanon,2013,91.89295918
Lebanon,2014,98.12336735
Lebanon,2015,90.82653061
Lebanon,2016,111.0513265
Lebanon,2017,104.0772449
Lebanon,2018,103.6418367
Lebanon,2019,
Lithuania,2000,70.77402439
Lithuania,2001,67.82228916
Lithuania,2002,66.17373494
Lithuania,2003,71.25183908
Lithuania,2004,70.57505747
Lithuania,2005,68.43942529
Lithuania,2006,76.78482759
Lithuania,2007,97.02275862
Lithuania,2008,101.5335632
Lithuania,2009,86.75298851
Lithuania,2010,109.9865517
Lithuania,2011,114.5414943
Lithuania,2012,110.3734483
Lithuania,2013,107.0513793
Lithuania,2014,98.20678161
Lithuania,2015,100.9302299
Lithuania,2016,100.8628736
Lithuania,2017,104.4518391
Lithuania,2018,114.8383908
Lithuania,2019,
Luxembourg,2000,76.083
Luxembourg,2001,80.54616667
Luxembourg,2002,83.4115
Luxembourg,2003,92.61833333
Luxembourg,2004,95.947
Luxembourg,2005,96.47166667
Luxembourg,2006,104.4095
Luxembourg,2007,114.959
Luxembourg,2008,108.7986667
Luxembourg,2009,97.9605
Luxembourg,2010,107.1296667
Luxembourg,2011,115.2935
Luxembourg,2012,118.8756667
Luxembourg,2013,105.6161667
Luxembourg,2014,99.25483333
Luxembourg,2015,99.85766667
Luxembourg,2016,100.8881667
Luxembourg,2017,106.3083333
Luxembourg,2018,109.3448333
Luxembourg,2019,
Madagascar,2000,26.12923729
Madagascar,2001,26.35305085
Madagascar,2002,28.14618644
Madagascar,2003,42.24245763
Madagascar,2004,36.20830508
Madagascar,2005,35.79525424
Madagascar,2006,69.95169492
Madagascar,2007,79.87440678
Madagascar,2008,93.16008475
Madagascar,2009,123.6872034
Madagascar,2010,95.52669492
Madagascar,2011,104.6563559
Madagascar,2012,103.3242373
Madagascar,2013,110.6122881
Madagascar,2014,107.7077119
Madagascar,2015,96.42584746
Madagascar,2016,95.86652542
Madagascar,2017,111.6462712
Madagascar,2018,112.0155085
Madagascar,2019,
Malawi,2000,11.2121519
Malawi,2001,18.24974684
Malawi,2002,21.06670886
Malawi,2003,25.79493671
Malawi,2004,28.57177215
Malawi,2005,33.06925
Malawi,2006,34.918875
Malawi,2007,33.9755
Malawi,2008,43.341875
Malawi,2009,58.900625
Malawi,2010,59.87625
Malawi,2011,63.784875
Malawi,2012,64.75825
Malawi,2013,75.114375
Malawi,2014,88.229875
Malawi,2015,98.1
Malawi,2016,113.66975
Malawi,2017,124.43075
Malawi,2018,134.752
Malawi,2019,
Malaysia,2000,54.05529412
Malaysia,2001,54.07847059
Malaysia,2002,59.79576471
Malaysia,2003,59.20717647
Malaysia,2004,60.68376471
Malaysia,2005,62.00588235
Malaysia,2006,66.8605814
Malaysia,2007,81.23755814
Malaysia,2008,85.05616279
Malaysia,2009,85.74104651
Malaysia,2010,92.79732558
Malaysia,2011,100.5539535
Malaysia,2012,100.2420455
Malaysia,2013,100.0718182
Malaysia,2014,100.0369318
Malaysia,2015,96.59738636
Malaysia,2016,103.3655682
Malaysia,2017,105.095
Malaysia,2018,104.9801136
Malaysia,2019,
Maldives,2000,
Maldives,2001,
Maldives,2002,42.95764706
Maldives,2003,45.16647059
Maldives,2004,49.33294118
Maldives,2005,45.77823529
Maldives,2006,48.64058824
Maldives,2007,56.85117647
Maldives,2008,70.66176471
Maldives,2009,61.35058824
Maldives,2010,69.2925
Maldives,2011,76.14833333
Maldives,2012,90.26958333
Maldives,2013,90.97208333
Maldives,2014,91.55692308
Maldives,2015,123.445
Maldives,2016,84.99730769
Maldives,2017,78.38461538
Maldives,2018,89.77769231
Maldives,2019,
Mali,2000,64.92054348
Mali,2001,69.97347826
Mali,2002,78.4125
Mali,2003,75.26521739
Mali,2004,71.51924731
Mali,2005,86.17806452
Mali,2006,81.3255914
Mali,2007,69.45677419
Mali,2008,77.21107527
Mali,2009,79.05397849
Mali,2010,81.1012766
Mali,2011,100.9846809
Mali,2012,104.9429787
Mali,2013,108.0123404
Mali,2014,108.7524468
Mali,2015,98.43829787
Mali,2016,92.95895833
Mali,2017,96.30572917
Mali,2018,101.4329474
Mali,2019,
Malta,2000,81.56119403
Malta,2001,89.74791045
Malta,2002,91.32
Malta,2003,90.90731343
Malta,2004,78.14179104
Malta,2005,75.26059701
Malta,2006,77.21895522
Malta,2007,87.30791045
Malta,2008,87.82910448
Malta,2009,87.61552239
Malta,2010,87.9880597
Malta,2011,86.80761194
Malta,2012,93.52671642
Malta,2013,97.5141791
Malta,2014,91.15791045
Malta,2015,101.6820896
Malta,2016,107.1586567
Malta,2017,103.2865672
Malta,2018,106.0541791
Malta,2019,
Mauritius,2000,53.62424658
Mauritius,2001,55.08917808
Mauritius,2002,60.38506849
Mauritius,2003,61.76493151
Mauritius,2004,63.95287671
Mauritius,2005,69.91863014
Mauritius,2006,67.54767123
Mauritius,2007,73.63465753
Mauritius,2008,85.23219178
Mauritius,2009,88.38287671
Mauritius,2010,89.83287671
Mauritius,2011,95.97041096
Mauritius,2012,96.73342466
Mauritius,2013,102.0878082
Mauritius,2014,98.96684932
Mauritius,2015,100.6269863
Mauritius,2016,100.4073973
Mauritius,2017,113.979863
Mauritius,2018,128.1165753
Mauritius,2019,
Mexico,2000,52.27566879
Mexico,2001,53.72458599
Mexico,2002,55.48305732
Mexico,2003,60.56363057
Mexico,2004,64.32140127
Mexico,2005,64.30414013
Mexico,2006,67.72095541
Mexico,2007,73.79082803
Mexico,2008,78.26968153
Mexico,2009,84.29286624
Mexico,2010,91.66197452
Mexico,2011,98.42841772
Mexico,2012,103.336625
Mexico,2013,96.6356875
Mexico,2014,96.0293125
Mexico,2015,99.1586875
Mexico,2016,104.818375
Mexico,2017,112.41875
Mexico,2018,118.56432
Mexico,2019,
Mongolia,2000,24.02333333
Mongolia,2001,27.80978261
Mongolia,2002,28.44
Mongolia,2003,28.83826087
Mongolia,2004,33.60847826
Mongolia,2005,39.61130435
Mongolia,2006,42.09702128
Mongolia,2007,50.67191489
Mongolia,2008,72.19510638
Mongolia,2009,76.50106383
Mongolia,2010,89.74914894
Mongolia,2011,97.90489362
Mongolia,2012,94.61489362
Mongolia,2013,102.1695745
Mongolia,2014,103.8138298
Mongolia,2015,102.3940426
Mongolia,2016,93.79276596
Mongolia,2017,97.19723404
Mongolia,2018,103.2642553
Mongolia,2019,
Morocco,2000,83.73814815
Morocco,2001,81.84
Morocco,2002,82.41548148
Morocco,2003,84.21525926
Morocco,2004,86.07155556
Morocco,2005,89.43281481
Morocco,2006,93.01466667
Morocco,2007,107.0448889
Morocco,2008,116.3614815
Morocco,2009,106.0698519
Morocco,2010,108.6148889
Morocco,2011,109.1046667
Morocco,2012,112.8542647
Morocco,2013,110.4906618
Morocco,2014,100.38375
Morocco,2015,94.14639706
Morocco,2016,105.4696324
Morocco,2017,100.1721324
Morocco,2018,98.70286765
Morocco,2019,
Mozambique,2000,47.93094595
Mozambique,2001,52.86527027
Mozambique,2002,52.77162162
Mozambique,2003,58.56662162
Mozambique,2004,65.26027027
Mozambique,2005,70.14445946
Mozambique,2006,78.66864865
Mozambique,2007,84.55743243
Mozambique,2008,103.5109459
Mozambique,2009,97.08135135
Mozambique,2010,84.19716216
Mozambique,2011,100.5304054
Mozambique,2012,109.1901351
Mozambique,2013,104.8055405
Mozambique,2014,102.3560811
Mozambique,2015,100.3818667
Mozambique,2016,97.5488
Mozambique,2017,101.8105333
Mozambique,2018,111.4865333
Mozambique,2019,
Myanmar,2000,25.7346988
Myanmar,2001,30.70542169
Myanmar,2002,35.94927711
Myanmar,2003,38.54746988
Myanmar,2004,40.82963855
Myanmar,2005,50.58301205
Myanmar,2006,56.41409639
Myanmar,2007,67.77349398
Myanmar,2008,78.53915663
Myanmar,2009,86.0126506
Myanmar,2010,96.33915663
Myanmar,2011,102.6444578
Myanmar,2012,99.72301205
Myanmar,2013,96.78445783
Myanmar,2014,101.3525301
Myanmar,2015,96.57012048
Myanmar,2016,102.076988
Myanmar,2017,103.1522892
Myanmar,2018,113.220241
Myanmar,2019,
Namibia,2000,52.619375
Namibia,2001,65.83645833
Namibia,2002,71.746875
Namibia,2003,73.68708333
Namibia,2004,74.95041667
Namibia,2005,79.67729167
Namibia,2006,83.180625
Namibia,2007,88.97
Namibia,2008,91.52625
Namibia,2009,87.96395833
Namibia,2010,110.8285417
Namibia,2011,118.56375
Namibia,2012,119.325625
Namibia,2013,103.6770833
Namibia,2014,104.1508333
Namibia,2015,89.28145833
Namibia,2016,106.5679167
Namibia,2017,128.7572917
Namibia,2018,186.5438462
Namibia,2019,
Nepal,2000,40.57747126
Nepal,2001,41.16
Nepal,2002,45.03155556
Nepal,2003,42.95355556
Nepal,2004,45.85122222
Nepal,2005,49.518
Nepal,2006,51.08444444
Nepal,2007,54.48555556
Nepal,2008,58.57277778
Nepal,2009,77.12111111
Nepal,2010,89.68088889
Nepal,2011,84.26882979
Nepal,2012,88.33542553
Nepal,2013,92.95819149
Nepal,2014,96.02382979
Nepal,2015,99.945
Nepal,2016,104.0323404
Nepal,2017,108.262234
Nepal,2018,112.4432979
Nepal,2019,
Netherlands,2000,97.27975904
Netherlands,2001,99.62428571
Netherlands,2002,91.48988095
Netherlands,2003,96.56202381
Netherlands,2004,86.11785714
Netherlands,2005,84.85809524
Netherlands,2006,96.67965116
Netherlands,2007,101.5710465
Netherlands,2008,98.59790698
Netherlands,2009,86.18534884
Netherlands,2010,100.3789655
Netherlands,2011,97.65206897
Netherlands,2012,106.3895402
Netherlands,2013,112.14
Netherlands,2014,98.34356322
Netherlands,2015,101.8210345
Netherlands,2016,99.83494253
Netherlands,2017,101.577931
Netherlands,2018,111.4966667
Netherlands,2019,
New Caledonia,2000,
New Caledonia,2001,
New Caledonia,2002,
New Caledonia,2003,
New Caledonia,2004,
New Caledonia,2005,
New Caledonia,2006,
New Caledonia,2007,
New Caledonia,2008,
New Caledonia,2009,
New Caledonia,2010,
New Caledonia,2011,
New Caledonia,2012,
New Caledonia,2013,
New Caledonia,2014,
New Caledonia,2015,99.12918919
New Caledonia,2016,100.803
New Caledonia,2017,104.761
New Caledonia,2018,105.4395
New Caledonia,2019,
New Zealand,2000,69.187
New Zealand,2001,75.5296
New Zealand,2002,75.4124
New Zealand,2003,74.4315
New Zealand,2004,71.4587
New Zealand,2005,72.0159
New Zealand,2006,74.1369
New Zealand,2007,77.6557
New Zealand,2008,85.104
New Zealand,2009,90.3012
New Zealand,2010,93.1197
New Zealand,2011,102.1199
New Zealand,2012,98.0758
New Zealand,2013,103.7519
New Zealand,2014,107.0818
New Zealand,2015,96.0268
New Zealand,2016,96.8913
New Zealand,2017,110.6397
New Zealand,2018,117.3088889
New Zealand,2019,
Nicaragua,2000,44.24580645
Nicaragua,2001,48.23145161
Nicaragua,2002,42.09209677
Nicaragua,2003,41.72709677
Nicaragua,2004,45.1166129
Nicaragua,2005,49.2133871
Nicaragua,2006,54.51564516
Nicaragua,2007,58.825
Nicaragua,2008,69.79306452
Nicaragua,2009,67.00758065
Nicaragua,2010,72.99903226
Nicaragua,2011,82.76032258
Nicaragua,2012,91.93951613
Nicaragua,2013,90.65
Nicaragua,2014,101.36
Nicaragua,2015,102.55
Nicaragua,2016,96.09
Nicaragua,2017,94.53
Nicaragua,2018,91.39
Nicaragua,2019,
Niger,2000,55.70410256
Niger,2001,58.26481013
Niger,2002,59.74696203
Niger,2003,59.12936709
Niger,2004,65.93734177
Niger,2005,72.63848101
Niger,2006,76.19886076
Niger,2007,83.017375
Niger,2008,97.38125
Niger,2009,101.450625
Niger,2010,99.266625
Niger,2011,107.554375
Niger,2012,104.34
Niger,2013,108.72
Niger,2014,110.45
Niger,2015,93.61
Niger,2016,95.94
Niger,2017,98.49
Niger,2018,106.56
Niger,2019,
Nigeria,2000,60.44195122
Nigeria,2001,79.95829268
Nigeria,2002,95.93390244
Nigeria,2003,90.49414634
Nigeria,2004,94.785
Nigeria,2005,110.1706098
Nigeria,2006,118.4587805
Nigeria,2007,115.7539024
Nigeria,2008,156.894878
Nigeria,2009,80.97060976
Nigeria,2010,107.5979268
Nigeria,2011,112.3652439
Nigeria,2012,115.4389024
Nigeria,2013,116.12
Nigeria,2014,118.39
Nigeria,2015,99.69
Nigeria,2016,81.92
Nigeria,2017,73.06
Nigeria,2018,76.92
Nigeria,2019,
North Macedonia,2000,66.77393258
North Macedonia,2001,77.06022472
North Macedonia,2002,78.57460674
North Macedonia,2003,75.1758427
North Macedonia,2004,74.20966292
North Macedonia,2005,74.6011236
North Macedonia,2006,73.23404494
North Macedonia,2007,85.19561798
North Macedonia,2008,95.23820225
North Macedonia,2009,82.99134831
North Macedonia,2010,92.8094382
North Macedonia,2011,103.3294382
North Macedonia,2012,102.7696629
North Macedonia,2013,109.8161798
North Macedonia,2014,105.9602247
North Macedonia,2015,97.74685393
North Macedonia,2016,96.29202247
North Macedonia,2017,99.26910112
North Macedonia,2018,104.1620225
North Macedonia,2019,
Norway,2000,69.6725
Norway,2001,69.03969697
Norway,2002,69.67030303
Norway,2003,68.92045455
Norway,2004,66.40333333
Norway,2005,66.47272727
Norway,2006,67.74575758
Norway,2007,71.5480303
Norway,2008,78.08121212
Norway,2009,82.83515152
Norway,2010,82.02166667
Norway,2011,86.06272727
Norway,2012,90.00909091
Norway,2013,93.48545455
Norway,2014,96.20075758
Norway,2015,100.9416667
Norway,2016,102.8122388
Norway,2017,102.8414925
Norway,2018,105.3802985
Norway,2019,
Oman,2000,
Oman,2001,
Oman,2002,
Oman,2003,
Oman,2004,
Oman,2005,
Oman,2006,
Oman,2007,
Oman,2008,
Oman,2009,
Oman,2010,
Oman,2011,93.64241379
Oman,2012,103.7996875
Oman,2013,95.2321875
Oman,2014,86.663125
Oman,2015,104.4527273
Oman,2016,108.4787879
Oman,2017,107.7163636
Oman,2018,107.7163636
Oman,2019,
Pakistan,2000,35.13345133
Pakistan,2001,34.92274336
Pakistan,2002,35.37769912
Pakistan,2003,38.85053097
Pakistan,2004,41.8959292
Pakistan,2005,43.74300885
Pakistan,2006,45.86486726
Pakistan,2007,49.4540708
Pakistan,2008,51.00867257
Pakistan,2009,59.92575221
Pakistan,2010,69.63761062
Pakistan,2011,82.20442478
Pakistan,2012,83.34106195
Pakistan,2013,93.11752212
Pakistan,2014,98.30017699
Pakistan,2015,97.73858407
Pakistan,2016,103.9612389
Pakistan,2017,109.7938938
Pakistan,2018,116.2034513
Pakistan,2019,
Palestine,2000,54.34648352
Palestine,2001,56.57384615
Palestine,2002,56.24703297
Palestine,2003,58.07681319
Palestine,2004,58.47549451
Palestine,2005,60.45802198
Palestine,2006,61.06373626
Palestine,2007,64.55736264
Palestine,2008,106.7245055
Palestine,2009,74.9156044
Palestine,2010,80.42021978
Palestine,2011,91.48626374
Palestine,2012,94.90736264
Palestine,2013,91.85736264
Palestine,2014,95.57549451
Palestine,2015,102.5661538
Palestine,2016,101.8592308
Palestine,2017,102.3725275
Palestine,2018,101.9758242
Palestine,2019,
Panama,2000,58.60818182
Panama,2001,57.37469697
Panama,2002,53.69363636
Panama,2003,52.21106061
Panama,2004,57.72121212
Panama,2005,57.77030303
Panama,2006,59.96242424
Panama,2007,54.82909091
Panama,2008,62.26287879
Panama,2009,69.69727273
Panama,2010,76.60909091
Panama,2011,81.36924242
Panama,2012,96.7569697
Panama,2013,98.57181818
Panama,2014,91.47924242
Panama,2015,101.6328788
Panama,2016,106.8886364
Panama,2017,93.10651515
Panama,2018,89.09606061
Panama,2019,
Paraguay,2000,43.09576087
Paraguay,2001,35.89445652
Paraguay,2002,36.86804348
Paraguay,2003,60.79934783
Paraguay,2004,58.19358696
Paraguay,2005,55.71793478
Paraguay,2006,58.32782609
Paraguay,2007,62.8173913
Paraguay,2008,77.91413043
Paraguay,2009,75.49097826
Paraguay,2010,79.7951087
Paraguay,2011,100.6558696
Paraguay,2012,103.3408696
Paraguay,2013,104.8159783
Paraguay,2014,103.8627174
Paraguay,2015,89.05304348
Paraguay,2016,107.0841304
Paraguay,2017,120.3598913
Paraguay,2018,124.7370652
Paraguay,2019,
Peru,2000,58.47419118
Peru,2001,55.29227941
Peru,2002,52.85426471
Peru,2003,54.32786765
Peru,2004,58.48801471
Peru,2005,58.11963235
Peru,2006,58.70132353
Peru,2007,63.48882353
Peru,2008,73.05683824
Peru,2009,78.90941176
Peru,2010,82.77338235
Peru,2011,87.84610294
Peru,2012,86.56591241
Peru,2013,88.54080292
Peru,2014,94.95846715
Peru,2015,99.54956204
Peru,2016,105.4915328
Peru,2017,107.6649635
Peru,2018,103.4288321
Peru,2019,
Philippines,2000,51.24741379
Philippines,2001,51.13948276
Philippines,2002,51.0487069
Philippines,2003,53.76112069
Philippines,2004,60.19655172
Philippines,2005,63.63198276
Philippines,2006,67.67732759
Philippines,2007,69.91948276
Philippines,2008,79.09362069
Philippines,2009,80.61681034
Philippines,2010,84.65715517
Philippines,2011,95.75025862
Philippines,2012,92.42594828
Philippines,2013,92.83793103
Philippines,2014,98.24905172
Philippines,2015,98.28205128
Philippines,2016,103.455641
Philippines,2017,107.2447009
Philippines,2018,114.3217949
Philippines,2019,
Poland,2000,68.61525253
Poland,2001,66.73767677
Poland,2002,70.48626263
Poland,2003,73.20264706
Poland,2004,69.3604902
Poland,2005,69.16794118
Poland,2006,72.39882353
Poland,2007,90.93137255
Poland,2008,84.88921569
Poland,2009,77.34529412
Poland,2010,94.91803922
Poland,2011,108.1784314
Poland,2012,109.9187255
Poland,2013,106.1669608
Poland,2014,97.62990196
Poland,2015,103.5647059
Poland,2016,98.80470588
Poland,2017,107.647451
Poland,2018,99.56362745
Poland,2019,
Portugal,2000,79.42008696
Portugal,2001,82.5926087
Portugal,2002,82.85782609
Portugal,2003,90.5873913
Portugal,2004,86.92408696
Portugal,2005,86.49286957
Portugal,2006,83.44069565
Portugal,2007,89.77982609
Portugal,2008,95.02773913
Portugal,2009,84.53495652
Portugal,2010,95.0393913
Portugal,2011,91.07443478
Portugal,2012,101.9960169
Portugal,2013,103.7649153
Portugal,2014,96.05728814
Portugal,2015,99.43957627
Portugal,2016,104.5027966
Portugal,2017,102.6744915
Portugal,2018,112.2605085
Portugal,2019,
Puerto Rico,2000,71.83842857
Puerto Rico,2001,68.21985714
Puerto Rico,2002,70.432
Puerto Rico,2003,72.46757143
Puerto Rico,2004,76.62371429
Puerto Rico,2005,85.60114286
Puerto Rico,2006,84.14385714
Puerto Rico,2007,83.97314286
Puerto Rico,2008,91.50742857
Puerto Rico,2009,100.2601429
Puerto Rico,2010,94.61842857
Puerto Rico,2011,96.90442857
Puerto Rico,2012,93.63657143
Puerto Rico,2013,96.74642857
Puerto Rico,2014,98.41492958
Puerto Rico,2015,99.83408451
Puerto Rico,2016,101.7533803
Puerto Rico,2017,104.4912676
Puerto Rico,2018,106.5933803
Puerto Rico,2019,
Qatar,2000,74.84821429
Qatar,2001,76.05678571
Qatar,2002,74.41125
Qatar,2003,71.40553571
Qatar,2004,70.60607143
Qatar,2005,62.4
Qatar,2006,66.98
Qatar,2007,71.91
Qatar,2008,86.25
Qatar,2009,87.32
Qatar,2010,89.13
Qatar,2011,92.93
Qatar,2012,96.56017857
Qatar,2013,98.89
Qatar,2014,99.14
Qatar,2015,101.37
Qatar,2016,99.49
Qatar,2017,102.24
Qatar,2018,102.06
Qatar,2019,
Republic of Korea,2000,71.20873684
Republic of Korea,2001,71.71421053
Republic of Korea,2002,73.79052632
Republic of Korea,2003,77.26494737
Republic of Korea,2004,78.35073684
Republic of Korea,2005,75.00410526
Republic of Korea,2006,98.86526316
Republic of Korea,2007,86.29389474
Republic of Korea,2008,90.13957895
Republic of Korea,2009,89.86431579
Republic of Korea,2010,94.36357895
Republic of Korea,2011,101.3743158
Republic of Korea,2012,102.2254737
Republic of Korea,2013,96.11642105
Republic of Korea,2014,96.75736842
Republic of Korea,2015,98.95652632
Republic of Korea,2016,104.286
Republic of Korea,2017,110.7442105
Republic of Korea,2018,115.3182105
Republic of Korea,2019,
Republic of Moldova,2000,37.79554348
Republic of Moldova,2001,36.67652174
Republic of Moldova,2002,40.3798913
Republic of Moldova,2003,48.5225
Republic of Moldova,2004,48.41086957
Republic of Moldova,2005,51.34956522
Republic of Moldova,2006,56.69695652
Republic of Moldova,2007,77.62391304
Republic of Moldova,2008,68.76445652
Republic of Moldova,2009,61.50728261
Republic of Moldova,2010,81.42184783
Republic of Moldova,2011,90.78032609
Republic of Moldova,2012,96.1626087
Republic of Moldova,2013,83.79510638
Republic of Moldova,2014,91.65882979
Republic of Moldova,2015,101.5871277
Republic of Moldova,2016,106.7543617
Republic of Moldova,2017,107.8265957
Republic of Moldova,2018,102.8564894
Republic of Moldova,2019,
Romania,2000,27.6059633
Romania,2001,38.7333945
Romania,2002,47.80972477
Romania,2003,54.56109091
Romania,2004,60.49072072
Romania,2005,61.84666667
Romania,2006,60.83891892
Romania,2007,72.97657658
Romania,2008,83.31027027
Romania,2009,78.89117117
Romania,2010,87.57918919
Romania,2011,96.81171171
Romania,2012,106.7967568
Romania,2013,105.2996396
Romania,2014,99.39018018
Romania,2015,101.2269369
Romania,2016,99.38252252
Romania,2017,101.620991
Romania,2018,105.4001802
Romania,2019,
Russian Federation,2000,21.42336364
Russian Federation,2001,24.90572727
Russian Federation,2002,26.12527273
Russian Federation,2003,28.83536364
Russian Federation,2004,33.98927273
Russian Federation,2005,34.87772727
Russian Federation,2006,40.38772727
Russian Federation,2007,49.13754545
Russian Federation,2008,57.41672727
Russian Federation,2009,56.98163636
Russian Federation,2010,61.39127273
Russian Federation,2011,70.51663636
Russian Federation,2012,73.45181818
Russian Federation,2013,77.12227273
Russian Federation,2014,82.58890909
Russian Federation,2015,107.4541818
Russian Federation,2016,109.9583636
Russian Federation,2017,102.1373636
Russian Federation,2018,104.0760909
Russian Federation,2019,
Rwanda,2000,36.30088235
Rwanda,2001,35.52044118
Rwanda,2002,31.80323529
Rwanda,2003,36.75955882
Rwanda,2004,42.305
Rwanda,2005,48.53173913
Rwanda,2006,55.64797101
Rwanda,2007,60.53695652
Rwanda,2008,66.12753623
Rwanda,2009,73.49492754
Rwanda,2010,74.34057971
Rwanda,2011,82.4484058
Rwanda,2012,93.58536232
Rwanda,2013,96.28608696
Rwanda,2014,97.15188406
Rwanda,2015,96.64271429
Rwanda,2016,105.9154795
Rwanda,2017,115.91
Rwanda,2018,108.8756164
Rwanda,2019,
Saint Kitts and Nevis,2000,
Saint Kitts and Nevis,2001,
Saint Kitts and Nevis,2002,
Saint Kitts and Nevis,2003,
Saint Kitts and Nevis,2004,
Saint Kitts and Nevis,2005,
Saint Kitts and Nevis,2006,
Saint Kitts and Nevis,2007,
Saint Kitts and Nevis,2008,
Saint Kitts and Nevis,2009,
Saint Kitts and Nevis,2010,
Saint Kitts and Nevis,2011,
Saint Kitts and Nevis,2012,
Saint Kitts and Nevis,2013,
Saint Kitts and Nevis,2014,
Saint Kitts and Nevis,2015,90.95777778
Saint Kitts and Nevis,2016,109.0422222
Saint Kitts and Nevis,2017,110.2451852
Saint Kitts and Nevis,2018,115.7603704
Saint Kitts and Nevis,2019,
Saint Lucia,2000,80.4065
Saint Lucia,2001,77.9175
Saint Lucia,2002,77.93366667
Saint Lucia,2003,89.75583333
Saint Lucia,2004,85.38966667
Saint Lucia,2005,92.33766667
Saint Lucia,2006,94.3095
Saint Lucia,2007,99.70283333
Saint Lucia,2008,102.4301667
Saint Lucia,2009,102.64
Saint Lucia,2010,108.11
Saint Lucia,2011,104.14
Saint Lucia,2012,87.34
Saint Lucia,2013,99.46
Saint Lucia,2014,99.12
Saint Lucia,2015,100.56
Saint Lucia,2016,100.32
Saint Lucia,2017,95.26
Saint Lucia,2018,96.18
Saint Lucia,2019,
Saint Vincent and the Grenadines,2000,
Saint Vincent and the Grenadines,2001,
Saint Vincent and the Grenadines,2002,
Saint Vincent and the Grenadines,2003,
Saint Vincent and the Grenadines,2004,
Saint Vincent and the Grenadines,2005,
Saint Vincent and the Grenadines,2006,
Saint Vincent and the Grenadines,2007,
Saint Vincent and the Grenadines,2008,102.1804444
Saint Vincent and the Grenadines,2009,86.13777778
Saint Vincent and the Grenadines,2010,89.80266667
Saint Vincent and the Grenadines,2011,92.28488889
Saint Vincent and the Grenadines,2012,90.17607843
Saint Vincent and the Grenadines,2013,96.04764706
Saint Vincent and the Grenadines,2014,97.84627451
Saint Vincent and the Grenadines,2015,99.88843137
Saint Vincent and the Grenadines,2016,102.1783019
Saint Vincent and the Grenadines,2017,100.8977358
Saint Vincent and the Grenadines,2018,101.4950943
Saint Vincent and the Grenadines,2019,
Samoa,2000,
Samoa,2001,
Samoa,2002,
Samoa,2003,
Samoa,2004,
Samoa,2005,
Samoa,2006,
Samoa,2007,
Samoa,2008,
Samoa,2009,
Samoa,2010,
Samoa,2011,
Samoa,2012,91.34
Samoa,2013,98.361875
Samoa,2014,85.25
Samoa,2015,118.5975
Samoa,2016,96.75894737
Samoa,2017,116.5863158
Samoa,2018,164.2915789
Samoa,2019,
Saudi Arabia,2000,63.61018182
Saudi Arabia,2001,62.55927273
Saudi Arabia,2002,61.20236364
Saudi Arabia,2003,63.52581818
Saudi Arabia,2004,66.04563636
Saudi Arabia,2005,71.81927273
Saudi Arabia,2006,75.75254545
Saudi Arabia,2007,77.67327273
Saudi Arabia,2008,83.87018182
Saudi Arabia,2009,92.57107143
Saudi Arabia,2010,93.99196429
Saudi Arabia,2011,96.81892857
Saudi Arabia,2012,100.7048214
Saudi Arabia,2013,104.4658929
Saudi Arabia,2014,106.9648214
Saudi Arabia,2015,96.22465517
Saudi Arabia,2016,97.05224138
Saudi Arabia,2017,98.40603448
Saudi Arabia,2018,98.17172414
Saudi Arabia,2019,
Senegal,2000,77.63403846
Senegal,2001,81.78365385
Senegal,2002,88.82076923
Senegal,2003,87.90980769
Senegal,2004,84.94865385
Senegal,2005,86.90730769
Senegal,2006,84.58634615
Senegal,2007,88.48519231
Senegal,2008,95.85019231
Senegal,2009,91.31596154
Senegal,2010,93.12269231
Senegal,2011,99.36519231
Senegal,2012,101.9139623
Senegal,2013,105.0090566
Senegal,2014,112.5934426
Senegal,2015,93.04885246
Senegal,2016,94.35754098
Senegal,2017,98.8604918
Senegal,2018,108.5034426
Senegal,2019,
Serbia,2000,
Serbia,2001,
Serbia,2002,
Serbia,2003,
Serbia,2004,
Serbia,2005,
Serbia,2006,53.14807229
Serbia,2007,63.92614458
Serbia,2008,67.66891566
Serbia,2009,62.02819277
Serbia,2010,79.50301205
Serbia,2011,87.06795181
Serbia,2012,109.5044578
Serbia,2013,99.49301205
Serbia,2014,98.11903614
Serbia,2015,101.2125301
Serbia,2016,100.6677108
Serbia,2017,103.8206024
Serbia,2018,101.5555422
Serbia,2019,
Seychelles,2000,
Seychelles,2001,
Seychelles,2002,
Seychelles,2003,
Seychelles,2004,
Seychelles,2005,
Seychelles,2006,
Seychelles,2007,
Seychelles,2008,64.7736
Seychelles,2009,76.3612
Seychelles,2010,81.4412
Seychelles,2011,84.0332
Seychelles,2012,91.6832
Seychelles,2013,99.97483871
Seychelles,2014,105.19
Seychelles,2015,96.99166667
Seychelles,2016,97.82
Seychelles,2017,108.31
Seychelles,2018,110.57
Seychelles,2019,
Sierra Leone,2000,
Sierra Leone,2001,
Sierra Leone,2002,
Sierra Leone,2003,
Sierra Leone,2004,
Sierra Leone,2005,
Sierra Leone,2006,
Sierra Leone,2007,
Sierra Leone,2008,
Sierra Leone,2009,
Sierra Leone,2010,
Sierra Leone,2011,70.38866667
Sierra Leone,2012,78.09333333
Sierra Leone,2013,87.204
Sierra Leone,2014,103.2993333
Sierra Leone,2015,101.9756667
Sierra Leone,2016,94.83548387
Sierra Leone,2017,152.5354839
Sierra Leone,2018,165.5606452
Sierra Leone,2019,
Singapore,2000,77.04575
Singapore,2001,74.81
Singapore,2002,77.12875
Singapore,2003,76.64525
Singapore,2004,84.08275
Singapore,2005,85.7665
Singapore,2006,86.3995
Singapore,2007,90.79275
Singapore,2008,96.41075
Singapore,2009,96.5975
Singapore,2010,98.41425
Singapore,2011,104.72425
Singapore,2012,103.7735
Singapore,2013,106.52225
Singapore,2014,104.65025
Singapore,2015,97.99725
Singapore,2016,97.35225
Singapore,2017,98.63975
Singapore,2018,102.64525
Singapore,2019,
Slovakia,2000,86.12853211
Slovakia,2001,90.04045872
Slovakia,2002,93.90045872
Slovakia,2003,91.48172727
Slovakia,2004,92.84936364
Slovakia,2005,91.59972727
Slovakia,2006,91.84763636
Slovakia,2007,98.57736364
Slovakia,2008,101.0291818
Slovakia,2009,86.77390909
Slovakia,2010,96.02645455
Slovakia,2011,102.98
Slovakia,2012,109.3484545
Slovakia,2013,107.1092727
Slovakia,2014,101.0740909
Slovakia,2015,99.88709091
Slovakia,2016,99.03809091
Slovakia,2017,100.437
Slovakia,2018,100.4554545
Slovakia,2019,
Slovenia,2000,57.19045977
Slovenia,2001,63.64551724
Slovenia,2002,67.80517241
Slovenia,2003,75.16766667
Slovenia,2004,66.118
Slovenia,2005,64.74966667
Slovenia,2006,73.46144444
Slovenia,2007,83.46222222
Slovenia,2008,93.53411111
Slovenia,2009,80.63955556
Slovenia,2010,89.77422222
Slovenia,2011,95.97977778
Slovenia,2012,103.3832222
Slovenia,2013,111.0448889
Slovenia,2014,97.94877778
Slovenia,2015,99.65648352
Slovenia,2016,102.3447826
Slovenia,2017,107.9267391
Slovenia,2018,107.8754348
Slovenia,2019,
South Africa,2000,28.27923729
South Africa,2001,32.80745763
South Africa,2002,39.86169492
South Africa,2003,41.98169492
South Africa,2004,41.12059322
South Africa,2005,38.53779661
South Africa,2006,44.59177966
South Africa,2007,53.19152542
South Africa,2008,60.56389831
South Africa,2009,63.3240678
South Africa,2010,65.68389831
South Africa,2011,73.18271186
South Africa,2012,78.73135593
South Africa,2013,84.07949153
South Africa,2014,95.20838983
South Africa,2015,94.46110169
South Africa,2016,110.3305932
South Africa,2017,109.740678
South Africa,2018,109.0614103
South Africa,2019,
Spain,2000,84.31847222
Spain,2001,87.72208333
Spain,2002,79.93256944
Spain,2003,87.33909722
Spain,2004,85.45409722
Spain,2005,84.72472973
Spain,2006,85.27804054
Spain,2007,95.74513514
Spain,2008,97.17953333
Spain,2009,87.55513333
Spain,2010,97.06366667
Spain,2011,95.64266667
Spain,2012,99.37793333
Spain,2013,101.6009934
Spain,2014,95.71854305
Spain,2015,101.4608609
Spain,2016,102.7953947
Spain,2017,104.3232895
Spain,2018,107.7057237
Spain,2019,
Sri Lanka,2000,31.06382716
Sri Lanka,2001,33.60555556
Sri Lanka,2002,35.9562963
Sri Lanka,2003,35.47506173
Sri Lanka,2004,37.21938272
Sri Lanka,2005,42.05222222
Sri Lanka,2006,46.40901235
Sri Lanka,2007,56.57975309
Sri Lanka,2008,64.79728395
Sri Lanka,2009,65.4482716
Sri Lanka,2010,73.45975309
Sri Lanka,2011,80.68024691
Sri Lanka,2012,79.70939024
Sri Lanka,2013,87.75719512
Sri Lanka,2014,91.98891566
Sri Lanka,2015,100.9997619
Sri Lanka,2016,106.904881
Sri Lanka,2017,122.8510714
Sri Lanka,2018,121.3621429
Sri Lanka,2019,
Suriname,2000,18.27492537
Suriname,2001,21.06208955
Suriname,2002,27.55955224
Suriname,2003,38.92597015
Suriname,2004,37.10492537
Suriname,2005,44.04074627
Suriname,2006,51.50119403
Suriname,2007,53.81910448
Suriname,2008,62.35776119
Suriname,2009,66.50223881
Suriname,2010,72.88223881
Suriname,2011,86.55761194
Suriname,2012,94.8719403
Suriname,2013,93.11910448
Suriname,2014,93.27970149
Suriname,2015,95.01537313
Suriname,2016,111.7049254
Suriname,2017,138.9541791
Suriname,2018,155.3264179
Suriname,2019,
Sweden,2000,72.61857143
Sweden,2001,78.0968254
Sweden,2002,76.44365079
Sweden,2003,80.99111111
Sweden,2004,76.06793651
Sweden,2005,75.18746032
Sweden,2006,79.27285714
Sweden,2007,91.04507937
Sweden,2008,98.08539683
Sweden,2009,85.38015873
Sweden,2010,97.79761905
Sweden,2011,100.0250794
Sweden,2012,101.1993651
Sweden,2013,101.7325397
Sweden,2014,95.99857143
Sweden,2015,102.6714286
Sweden,2016,101.3293651
Sweden,2017,106.374127
Sweden,2018,114.9998413
Sweden,2019,
Switzerland,2000,102.3683529
Switzerland,2001,103.0976471
Switzerland,2002,104.3309412
Switzerland,2003,106.1544706
Switzerland,2004,101.7181522
Switzerland,2005,99.25565217
Switzerland,2006,99.86076087
Switzerland,2007,100.4509783
Switzerland,2008,106.9467391
Switzerland,2009,98.50130435
Switzerland,2010,98.81902174
Switzerland,2011,96.96344086
Switzerland,2012,98.25172043
Switzerland,2013,101.5626882
Switzerland,2014,99.64473118
Switzerland,2015,99.95537634
Switzerland,2016,100.4002151
Switzerland,2017,100.1307527
Switzerland,2018,100.5562366
Switzerland,2019,
Syrian Arab Republic,2000,49.98709402
Syrian Arab Republic,2001,54.4857265
Syrian Arab Republic,2002,51.57692308
Syrian Arab Republic,2003,53.92051282
Syrian Arab Republic,2004,56.87632479
Syrian Arab Republic,2005,58.81897436
Syrian Arab Republic,2006,64.38794872
Syrian Arab Republic,2007,70.1857265
Syrian Arab Republic,2008,84.43547009
Syrian Arab Republic,2009,93.57726496
Syrian Arab Republic,2010,97.02213675
Syrian Arab Republic,2011,110.9334188
Syrian Arab Republic,2012,105.5205983
Syrian Arab Republic,2013,81.90282051
Syrian Arab Republic,2014,83.63153846
Syrian Arab Republic,2015,104.3994872
Syrian Arab Republic,2016,111.9651282
Syrian Arab Republic,2017,130.7308929
Syrian Arab Republic,2018,
Syrian Arab Republic,2019,
Tajikistan,2000,24.22420455
Tajikistan,2001,31.97375
Tajikistan,2002,34.21775281
Tajikistan,2003,43.95595506
Tajikistan,2004,46.85157303
Tajikistan,2005,54.32730337
Tajikistan,2006,63.13505618
Tajikistan,2007,65.19978022
Tajikistan,2008,73.47659341
Tajikistan,2009,89.79703297
Tajikistan,2010,102.4071429
Tajikistan,2011,118.0805495
Tajikistan,2012,123.5386813
Tajikistan,2013,112.7214286
Tajikistan,2014,120.1006593
Tajikistan,2015,96.60457447
Tajikistan,2016,84.30884211
Tajikistan,2017,87.78168421
Tajikistan,2018,85.97926316
Tajikistan,2019,
Thailand,2000,51.60631579
Thailand,2001,52.68201754
Thailand,2002,54.05307018
Thailand,2003,57.13666667
Thailand,2004,57.53052632
Thailand,2005,63.83859649
Thailand,2006,65.1072807
Thailand,2007,69.78535088
Thailand,2008,76.08763158
Thailand,2009,75.86552632
Thailand,2010,88.9804386
Thailand,2011,97.53798246
Thailand,2012,96.665
Thailand,2013,99.84429825
Thailand,2014,98.60421053
Thailand,2015,99.87245614
Thailand,2016,101.5237719
Thailand,2017,93.88078947
Thailand,2018,88.87701754
Thailand,2019,
Timor-Leste,2000,
Timor-Leste,2001,
Timor-Leste,2002,
Timor-Leste,2003,
Timor-Leste,2004,
Timor-Leste,2005,
Timor-Leste,2006,
Timor-Leste,2007,
Timor-Leste,2008,48.96125
Timor-Leste,2009,62.2315
Timor-Leste,2010,70.46
Timor-Leste,2011,86.11
Timor-Leste,2012,93.286
Timor-Leste,2013,97.82
Timor-Leste,2014,101.77
Timor-Leste,2015,99.0095
Timor-Leste,2016,99.22
Timor-Leste,2017,95.73
Timor-Leste,2018,
Timor-Leste,2019,
Togo,2000,49.00555556
Togo,2001,52.44027778
Togo,2002,52.61916667
Togo,2003,50.23375
Togo,2004,54.67541667
Togo,2005,64.32402778
Togo,2006,60.48083333
Togo,2007,63.66458333
Togo,2008,80.38680556
Togo,2009,77.63111111
Togo,2010,77.37319444
Togo,2011,83.76319444
Togo,2012,96.70263889
Togo,2013,96.55138889
Togo,2014,102.2759722
Togo,2015,97.14054795
Togo,2016,100.6027027
Togo,2017,96.18432432
Togo,2018,105.2277778
Togo,2019,
Trinidad and Tobago,2000,48.12761194
Trinidad and Tobago,2001,44.66731343
Trinidad and Tobago,2002,48.39985075
Trinidad and Tobago,2003,50.50119403
Trinidad and Tobago,2004,63.10283582
Trinidad and Tobago,2005,58.46343284
Trinidad and Tobago,2006,69.53044776
Trinidad and Tobago,2007,72.57298507
Trinidad and Tobago,2008,80.53776119
Trinidad and Tobago,2009,88.84089552
Trinidad and Tobago,2010,91.36179104
Trinidad and Tobago,2011,91.19191176
Trinidad and Tobago,2012,91.98637681
Trinidad and Tobago,2013,94.91710145
Trinidad and Tobago,2014,95.26753623
Trinidad and Tobago,2015,97.73028986
Trinidad and Tobago,2016,106.89
Trinidad and Tobago,2017,103.9228571
Trinidad and Tobago,2018,97.29758621
Trinidad and Tobago,2019,
Tunisia,2000,56.98042017
Tunisia,2001,59.01420168
Tunisia,2002,60.94403361
Tunisia,2003,64.06411765
Tunisia,2004,64.78563025
Tunisia,2005,66.84336134
Tunisia,2006,68.2710084
Tunisia,2007,72.23193277
Tunisia,2008,75.59168067
Tunisia,2009,76.88285714
Tunisia,2010,81.96420168
Tunisia,2011,85.35327731
Tunisia,2012,92.61016807
Tunisia,2013,97.57806723
Tunisia,2014,97.43336134
Tunisia,2015,99.5902521
Tunisia,2016,102.9785714
Tunisia,2017,96.8202521
Tunisia,2018,
Tunisia,2019,
Turkey,2000,15.2862069
Turkey,2001,21.06875862
Turkey,2002,31.59675862
Turkey,2003,43.6182069
Turkey,2004,47.61172414
Turkey,2005,49.982
Turkey,2006,53.95006897
Turkey,2007,59.64648276
Turkey,2008,66.43
Turkey,2009,68.70372414
Turkey,2010,77.97296552
Turkey,2011,82.67910345
Turkey,2012,84.90889655
Turkey,2013,82.37255172
Turkey,2014,93.94262069
Turkey,2015,100.0371034
Turkey,2016,106.0206897
Turkey,2017,120.4112414
Turkey,2018,140.4755263
Turkey,2019,
Turkmenistan,2000,54.95465517
Turkmenistan,2001,57.82637931
Turkmenistan,2002,62.14689655
Turkmenistan,2003,68.84206897
Turkmenistan,2004,76.38051724
Turkmenistan,2005,80.02982759
Turkmenistan,2006,85.15344828
Turkmenistan,2007,95.87275862
Turkmenistan,2008,103.7387931
Turkmenistan,2009,91.37965517
Turkmenistan,2010,93.48775862
Turkmenistan,2011,105.507069
Turkmenistan,2012,114.2389655
Turkmenistan,2013,115.5565517
Turkmenistan,2014,116.2268966
Turkmenistan,2015,94.3562069
Turkmenistan,2016,89.24
Turkmenistan,2017,87.86
Turkmenistan,2018,
Turkmenistan,2019,
Ukraine,2000,13.04652174
Ukraine,2001,15.02695652
Ukraine,2002,15.02886957
Ukraine,2003,17.80869565
Ukraine,2004,19.31773913
Ukraine,2005,22.1833913
Ukraine,2006,24.23365217
Ukraine,2007,32.09747826
Ukraine,2008,37.91
Ukraine,2009,40.32678261
Ukraine,2010,50.25843478
Ukraine,2011,57.77686957
Ukraine,2012,58.92234783
Ukraine,2013,58.04773913
Ukraine,2014,69.74913043
Ukraine,2015,107.7606087
Ukraine,2016,122.4904348
Ukraine,2017,139.4993913
Ukraine,2018,147.4183077
Ukraine,2019,
United Kingdom of Great Britain and Northern Ireland,2000,59.14551282
United Kingdom of Great Britain and Northern Ireland,2001,64.64038462
United Kingdom of Great Britain and Northern Ireland,2002,63.23538462
United Kingdom of Great Britain and Northern Ireland,2003,67.015
United Kingdom of Great Britain and Northern Ireland,2004,66.6825641
United Kingdom of Great Britain and Northern Ireland,2005,63.99435897
United Kingdom of Great Britain and Northern Ireland,2006,65.96012821
United Kingdom of Great Britain and Northern Ireland,2007,74.77846154
United Kingdom of Great Britain and Northern Ireland,2008,87.81012821
United Kingdom of Great Britain and Northern Ireland,2009,84.81205128
United Kingdom of Great Britain and Northern Ireland,2010,92.18525641
United Kingdom of Great Britain and Northern Ireland,2011,100.5515385
United Kingdom of Great Britain and Northern Ireland,2012,105.6010256
United Kingdom of Great Britain and Northern Ireland,2013,112.0984615
United Kingdom of Great Britain and Northern Ireland,2014,101.9830769
United Kingdom of Great Britain and Northern Ireland,2015,96.76721519
United Kingdom of Great Britain and Northern Ireland,2016,101.2770886
United Kingdom of Great Britain and Northern Ireland,2017,105.3634615
United Kingdom of Great Britain and Northern Ireland,2018,120.7290244
United Kingdom of Great Britain and Northern Ireland,2019,
United Republic of Tanzania,2000,43.88571429
United Republic of Tanzania,2001,41.246
United Republic of Tanzania,2002,41.852
United Republic of Tanzania,2003,48.73057143
United Republic of Tanzania,2004,49.34914286
United Republic of Tanzania,2005,48.95714286
United Republic of Tanzania,2006,52.20514286
United Republic of Tanzania,2007,52.01171429
United Republic of Tanzania,2008,70.21171429
United Republic of Tanzania,2009,74.38771429
United Republic of Tanzania,2010,79.59485714
United Republic of Tanzania,2011,81.798
United Republic of Tanzania,2012,83.07954545
United Republic of Tanzania,2013,92.96977273
United Republic of Tanzania,2014,94.67
United Republic of Tanzania,2015,99.17613636
United Republic of Tanzania,2016,106.1577273
United Republic of Tanzania,2017,116.1520455
United Republic of Tanzania,2018,
United Republic of Tanzania,2019,
United States of America,2000,58.18410853
United States of America,2001,59.40387597
United States of America,2002,63.64124031
United States of America,2003,65.88775194
United States of America,2004,68.59307692
United States of America,2005,71.12269231
United States of America,2006,74.99738462
United States of America,2007,86.31553846
United States of America,2008,88.10084615
United States of America,2009,81.15784615
United States of America,2010,90.68384615
United States of America,2011,101.5015385
United States of America,2012,106.6313846
United States of America,2013,104.3092308
United States of America,2014,105.3441538
United States of America,2015,101.8621538
United States of America,2016,92.79376923
United States of America,2017,96.00423077
United States of America,2018,87.60257143
United States of America,2019,
Uruguay,2000,26.94037975
Uruguay,2001,25.64151899
Uruguay,2002,33.69189873
Uruguay,2003,47.01088608
Uruguay,2004,49.14101266
Uruguay,2005,45.38797468
Uruguay,2006,49.00632911
Uruguay,2007,62.36873418
Uruguay,2008,70.14202532
Uruguay,2009,71.10177215
Uruguay,2010,71.55417722
Uruguay,2011,79.32734177
Uruguay,2012,81.97544304
Uruguay,2013,92.59582278
Uruguay,2014,98.87468354
Uruguay,2015,98.47864198
Uruguay,2016,102.6183951
Uruguay,2017,103.3960494
Uruguay,2018,109.6291358
Uruguay,2019,
Vanuatu,2000,54.5555
Vanuatu,2001,54.893
Vanuatu,2002,56.059
Vanuatu,2003,66.1595
Vanuatu,2004,65.534
Vanuatu,2005,65.66
Vanuatu,2006,65.779
Vanuatu,2007,75.1415
Vanuatu,2008,75.851
Vanuatu,2009,76.02
Vanuatu,2010,87.38
Vanuatu,2011,102.81
Vanuatu,2012,108.51
Vanuatu,2013,106.12
Vanuatu,2014,104.34
Vanuatu,2015,99.03
Vanuatu,2016,96.62
Vanuatu,2017,102.91
Vanuatu,2018,104.19
Vanuatu,2019,
Venezuela (Bolivarian Republic of),2000,2.228191489
Venezuela (Bolivarian Republic of),2001,2.451595745
Venezuela (Bolivarian Republic of),2002,2.823297872
Venezuela (Bolivarian Republic of),2003,3.820425532
Venezuela (Bolivarian Republic of),2004,4.981170213
Venezuela (Bolivarian Republic of),2005,6.283510638
Venezuela (Bolivarian Republic of),2006,7.364583333
Venezuela (Bolivarian Republic of),2007,10.72583333
Venezuela (Bolivarian Republic of),2008,14.85802083
Venezuela (Bolivarian Republic of),2009,15.95020833
Venezuela (Bolivarian Republic of),2010,23.68145833
Venezuela (Bolivarian Republic of),2011,30.51381443
Venezuela (Bolivarian Republic of),2012,36.17329897
Venezuela (Bolivarian Republic of),2013,54.18278351
Venezuela (Bolivarian Republic of),2014,100
Venezuela (Bolivarian Republic of),2015,
Venezuela (Bolivarian Republic of),2016,
Venezuela (Bolivarian Republic of),2017,
Venezuela (Bolivarian Republic of),2018,
Venezuela (Bolivarian Republic of),2019,
Viet Nam,2000,30.88267606
Viet Nam,2001,29.47971831
Viet Nam,2002,29.57169014
Viet Nam,2003,30.42211268
Viet Nam,2004,35.90338028
Viet Nam,2005,40.89690141
Viet Nam,2006,39.78732394
Viet Nam,2007,41.68211268
Viet Nam,2008,52.28704225
Viet Nam,2009,56.27084507
Viet Nam,2010,64.22971831
Viet Nam,2011,83.14450704
Viet Nam,2012,84.57056338
Viet Nam,2013,89.61859155
Viet Nam,2014,93.83366197
Viet Nam,2015,95.24507042
Viet Nam,2016,110.9209859
Viet Nam,2017,113.3542254
Viet Nam,2018,114.6217544
Viet Nam,2019,
Yemen,2000,25.382625
Yemen,2001,27.367875
Yemen,2002,29.389625
Yemen,2003,32.283375
Yemen,2004,36.7445
Yemen,2005,41.364375
Yemen,2006,45.990125
Yemen,2007,51.404875
Yemen,2008,63.974625
Yemen,2009,77.634125
Yemen,2010,77.753875
Yemen,2011,87.039875
Yemen,2012,88.407
Yemen,2013,91.8755
Yemen,2014,95.3835
Yemen,2015,98.95938272
Yemen,2016,105.5949383
Yemen,2017,109.5844444
Yemen,2018,
Yemen,2019,
Zambia,2000,
Zambia,2001,
Zambia,2002,
Zambia,2003,
Zambia,2004,
Zambia,2005,57.636
Zambia,2006,49.23133333
Zambia,2007,44.826
Zambia,2008,65.06
Zambia,2009,71.08533333
Zambia,2010,59.43181818
Zambia,2011,65.70242424
Zambia,2012,70.57787879
Zambia,2013,76.64727273
Zambia,2014,91.95771429
Zambia,2015,94.812
Zambia,2016,113.2297143
Zambia,2017,137.7211429
Zambia,2018,118.1004545
Zambia,2019,
Zimbabwe,2000,6.989642857
Zimbabwe,2001,14.74232143
Zimbabwe,2002,30.08071429
Zimbabwe,2003,241.1594643
Zimbabwe,2004,1023.327857
Zimbabwe,2005,3775.021071
Zimbabwe,2006,53323.49732
Zimbabwe,2007,175987.9255
Zimbabwe,2008,
Zimbabwe,2009,
Zimbabwe,2010,64.178
Zimbabwe,2011,85.61785714
Zimbabwe,2012,94.79266667
Zimbabwe,2013,91.77538462
Zimbabwe,2014,99.66833333
Zimbabwe,2015,94.63789474
Zimbabwe,2016,105.5196491
Zimbabwe,2017,107.3149123
Zimbabwe,2018,
Zimbabwe,2019,
