Year,Month,Day,Day_num,Last_day_value,C1
2015,1,2015/1/2,42006,,-15.77676034
2015,1,2015/1/5,42009,-15.77676034,-16.49633038
2015,1,2015/1/6,42010,-16.49633038,-16.54855084
2015,1,2015/1/7,42011,-16.54855084,-13.48959019
2015,1,2015/1/8,42012,-13.48959019,-10.82468074
2015,1,2015/1/9,42013,-10.82468074,-12.40596842
2015,1,2015/1/12,42016,-12.40596842,-12.34954477
2015,1,2015/1/13,42017,-12.34954477,-12.65100814
2015,1,2015/1/14,42018,-12.65100814,-14.53931372
2015,1,2015/1/15,42019,-14.53931372,-14.10647882
2015,1,2015/1/16,42020,-14.10647882,-13.4545341
2015,1,2015/1/20,42024,-13.4545341,-13.37990131
2015,1,2015/1/21,42025,-13.37990131,-13.69953767
2015,1,2015/1/22,42026,-13.69953767,-11.37137166
2015,1,2015/1/23,42027,-11.37137166,-12.30808344
2015,1,2015/1/26,42030,-12.30808344,-12.4731471
2015,1,2015/1/27,42031,-12.4731471,-15.8844941
2015,1,2015/1/28,42032,-15.8844941,-17.60800826
2015,1,2015/1/29,42033,-17.60800826,-16.54668786
2015,1,2015/1/30,42034,-16.54668786,-20.26758035
2015,2,2015/2/2,42037,-20.26758035,-18.23186744
2015,2,2015/2/3,42038,-18.23186744,-17.05606242
2015,2,2015/2/4,42039,-17.05606242,-16.65448357
2015,2,2015/2/5,42040,-16.65448357,-15.69418866
2015,2,2015/2/6,42041,-15.69418866,-16.2693437
2015,2,2015/2/9,42044,-16.2693437,-17.89800072
2015,2,2015/2/10,42045,-17.89800072,-15.76614717
2015,2,2015/2/11,42046,-15.76614717,-15.23807472
2015,2,2015/2/12,42047,-15.23807472,-15.40282436
2015,2,2015/2/13,42048,-15.40282436,-16.04177002
2015,2,2015/2/17,42052,-16.04177002,-16.5223014
2015,2,2015/2/18,42053,-16.5223014,-15.45270767
2015,2,2015/2/19,42054,-15.45270767,-18.15877421
2015,2,2015/2/20,42055,-18.15877421,-17.68680792
2015,2,2015/2/23,42058,-17.68680792,-17.03321928
2015,2,2015/2/24,42059,-17.03321928,-16.90518947
2015,2,2015/2/25,42060,-16.90518947,-17.65374682
2015,2,2015/2/26,42061,-17.65374682,-17.80135959
2015,2,2015/2/27,42062,-17.80135959,-17.68289608
2015,3,2015/3/2,42065,-17.68289608,-17.26805584
2015,3,2015/3/3,42066,-17.26805584,-18.09782614
2015,3,2015/3/4,42067,-18.09782614,-19.59174197
2015,3,2015/3/5,42068,-19.59174197,-18.82451897
2015,3,2015/3/6,42069,-18.82451897,-21.15847821
2015,3,2015/3/9,42072,-21.15847821,-20.78776926
2015,3,2015/3/10,42073,-20.78776926,-22.98602978
2015,3,2015/3/11,42074,-22.98602978,-24.42182466
2015,3,2015/3/12,42075,-24.42182466,-22.25279104
2015,3,2015/3/13,42076,-22.25279104,-23.0703314
2015,3,2015/3/16,42079,-23.0703314,-20.61599156
2015,3,2015/3/17,42080,-20.61599156,-22.01954405
2015,3,2015/3/18,42081,-22.01954405,-21.3431663
2015,3,2015/3/19,42082,-21.3431663,-22.5374014
2015,3,2015/3/20,42083,-22.5374014,-19.99215446
2015,3,2015/3/23,42086,-19.99215446,-19.66001244
2015,3,2015/3/24,42087,-19.66001244,-20.38032485
2015,3,2015/3/25,42088,-20.38032485,-22.33626973
2015,3,2015/3/26,42089,-22.33626973,-22.28407456
2015,3,2015/3/27,42090,-22.28407456,-22.45378038
2015,3,2015/3/30,42093,-22.45378038,-21.12421204
2015,3,2015/3/31,42094,-21.12421204,-22.13947635
2015,4,2015/4/1,42095,-22.13947635,-23.60217883
2015,4,2015/4/2,42096,-23.60217883,-23.26777754
2015,4,2015/4/6,42100,-23.26777754,-22.35211765
2015,4,2015/4/7,42101,-22.35211765,-23.18748749
2015,4,2015/4/8,42102,-23.18748749,-22.70160735
2015,4,2015/4/9,42103,-22.70160735,-22.60829318
2015,4,2015/4/10,42104,-22.60829318,-22.56135026
2015,4,2015/4/13,42107,-22.56135026,-23.07030276
2015,4,2015/4/14,42108,-23.07030276,-22.676694
2015,4,2015/4/15,42109,-22.676694,-22.95905136
2015,4,2015/4/16,42110,-22.95905136,-23.36200621
2015,4,2015/4/17,42111,-23.36200621,-25.14679561
2015,4,2015/4/20,42114,-25.14679561,-24.44080777
2015,4,2015/4/21,42115,-24.44080777,-24.26362375
2015,4,2015/4/22,42116,-24.26362375,-23.71186231
2015,4,2015/4/23,42117,-23.71186231,-25.11538806
2015,4,2015/4/24,42118,-25.11538806,-24.88438818
2015,4,2015/4/27,42121,-24.88438818,-25.73080974
2015,4,2015/4/28,42122,-25.73080974,-26.05349545
2015,4,2015/4/29,42123,-26.05349545,-27.25601169
2015,4,2015/4/30,42124,-27.25601169,-27.00537202
2015,5,2015/5/1,42125,-27.00537202,-25.28410837
2015,5,2015/5/4,42128,-25.28410837,-24.68066639
2015,5,2015/5/5,42129,-24.68066639,-25.80696075
2015,5,2015/5/6,42130,-25.80696075,-25.9322516
2015,5,2015/5/7,42131,-25.9322516,-25.92363311
2015,5,2015/5/8,42132,-25.92363311,-24.51922478
2015,5,2015/5/11,42135,-24.51922478,-25.29302972
2015,5,2015/5/12,42136,-25.29302972,-24.97828356
2015,5,2015/5/13,42137,-24.97828356,-25.53615599
2015,5,2015/5/14,42138,-25.53615599,-23.92832937
2015,5,2015/5/15,42139,-23.92832937,-23.20520827
2015,5,2015/5/18,42142,-23.20520827,-23.01092043
2015,5,2015/5/19,42143,-23.01092043,-25.38729573
2015,5,2015/5/20,42144,-25.38729573,-26.05456865
2015,5,2015/5/21,42145,-26.05456865,-26.17493156
2015,5,2015/5/22,42146,-26.17493156,-27.01275182
2015,5,2015/5/26,42150,-27.01275182,-28.35211121
2015,5,2015/5/27,42151,-28.35211121,-27.74450616
2015,5,2015/5/28,42152,-27.74450616,-27.72209351
2015,5,2015/5/29,42153,-27.72209351,-28.93319895
2015,6,2015/6/1,42156,-28.93319895,-29.0712656
2015,6,2015/6/2,42157,-29.0712656,-29.34298292
2015,6,2015/6/3,42158,-29.34298292,-29.42217193
2015,6,2015/6/4,42159,-29.42217193,-30.68935555
2015,6,2015/6/5,42160,-30.68935555,-32.36318017
2015,6,2015/6/8,42163,-32.36318017,-32.59633994
2015,6,2015/6/9,42164,-32.59633994,-31.91645082
2015,6,2015/6/10,42165,-31.91645082,-30.95959957
2015,6,2015/6/11,42166,-30.95959957,-30.87870454
2015,6,2015/6/12,42167,-30.87870454,-31.69792748
2015,6,2015/6/15,42170,-31.69792748,-32.97713387
2015,6,2015/6/16,42171,-32.97713387,-31.69155604
2015,6,2015/6/17,42172,-31.69155604,-30.64254783
2015,6,2015/6/18,42173,-30.64254783,-29.50412342
2015,6,2015/6/19,42174,-29.50412342,-30.01271084
2015,6,2015/6/22,42177,-30.01271084,-29.70174664
2015,6,2015/6/23,42178,-29.70174664,-30.23551674
2015,6,2015/6/24,42179,-30.23551674,-30.67759516
2015,6,2015/6/25,42180,-30.67759516,-31.31713574
2015,6,2015/6/26,42181,-31.31713574,-31.13552538
2015,6,2015/6/29,42184,-31.13552538,-32.78042983
2015,6,2015/6/30,42185,-32.78042983,-33.32948273
2015,7,2015/7/1,42186,-33.32948273,-31.15972106
2015,7,2015/7/2,42187,-31.15972106,-30.99552614
2015,7,2015/7/6,42191,-30.99552614,-30.58993926
2015,7,2015/7/7,42192,-30.58993926,-27.83444524
2015,7,2015/7/8,42193,-27.83444524,-29.12794862
2015,7,2015/7/9,42194,-29.12794862,-29.93865013
2015,7,2015/7/10,42195,-29.93865013,-29.07796358
2015,7,2015/7/13,42198,-29.07796358,-27.26778451
2015,7,2015/7/14,42199,-27.26778451,-27.23932032
2015,7,2015/7/15,42200,-27.23932032,-27.61334793
2015,7,2015/7/16,42201,-27.61334793,-27.13071049
2015,7,2015/7/17,42202,-27.13071049,-27.54169406
2015,7,2015/7/20,42205,-27.54169406,-27.52539517
2015,7,2015/7/21,42206,-27.52539517,-28.27184347
2015,7,2015/7/22,42207,-28.27184347,-28.36482472
2015,7,2015/7/23,42208,-28.36482472,-29.01788343
2015,7,2015/7/24,42209,-29.01788343,-30.22522154
2015,7,2015/7/27,42212,-30.22522154,-30.75579144
2015,7,2015/7/28,42213,-30.75579144,-29.92228836
2015,7,2015/7/29,42214,-29.92228836,-29.42790991
2015,7,2015/7/30,42215,-29.42790991,-31.2598691
2015,7,2015/7/31,42216,-31.2598691,-31.83673453
2015,8,2015/8/3,42219,-31.83673453,-31.29944426
2015,8,2015/8/4,42220,-31.29944426,-31.33956628
2015,8,2015/8/5,42221,-31.33956628,-29.93416598
2015,8,2015/8/6,42222,-29.93416598,-30.48165885
2015,8,2015/8/7,42223,-30.48165885,-31.7178291
2015,8,2015/8/10,42226,-31.7178291,-31.06661244
2015,8,2015/8/11,42227,-31.06661244,-31.07397807
2015,8,2015/8/12,42228,-31.07397807,-30.66145537
2015,8,2015/8/13,42229,-30.66145537,-31.16747005
2015,8,2015/8/14,42230,-31.16747005,-30.86754057
2015,8,2015/8/17,42233,-30.86754057,-30.95688445
2015,8,2015/8/18,42234,-30.95688445,-32.88621481
2015,8,2015/8/19,42235,-32.88621481,-34.47052837
2015,8,2015/8/20,42236,-34.47052837,-35.14500514
2015,8,2015/8/21,42237,-35.14500514,-38.4607736
2015,8,2015/8/24,42240,-38.4607736,-43.78388382
2015,8,2015/8/25,42241,-43.78388382,-45.75714028
2015,8,2015/8/26,42242,-45.75714028,-41.86668026
2015,8,2015/8/27,42243,-41.86668026,-40.14862295
2015,8,2015/8/28,42244,-40.14862295,-41.09015515
2015,8,2015/8/31,42247,-41.09015515,-41.81121173
2015,9,2015/9/1,42248,-41.81121173,-43.53403739
2015,9,2015/9/2,42249,-43.53403739,-42.44691995
2015,9,2015/9/3,42250,-42.44691995,-41.8529705
2015,9,2015/9/4,42251,-41.8529705,-43.76696718
2015,9,2015/9/8,42255,-43.76696718,-40.71160307
2015,9,2015/9/9,42256,-40.71160307,-43.14787697
2015,9,2015/9/10,42257,-43.14787697,-43.80888978
2015,9,2015/9/11,42258,-43.80888978,-43.18058824
2015,9,2015/9/14,42261,-43.18058824,-43.82081574
2015,9,2015/9/15,42262,-43.82081574,-42.59448578
2015,9,2015/9/16,42263,-42.59448578,-41.46894971
2015,9,2015/9/17,42264,-41.46894971,-41.38585651
2015,9,2015/9/18,42265,-41.38585651,-42.50815208
2015,9,2015/9/21,42268,-42.50815208,-41.54047986
2015,9,2015/9/22,42269,-41.54047986,-42.50998386
2015,9,2015/9/23,42270,-42.50998386,-42.37201024
2015,9,2015/9/24,42271,-42.37201024,-41.60325924
2015,9,2015/9/25,42272,-41.60325924,-40.41562276
2015,9,2015/9/28,42275,-40.41562276,-41.44660282
2015,9,2015/9/29,42276,-41.44660282,-40.81687189
2015,9,2015/9/30,42277,-40.81687189,-39.69209968
2015,10,2015/10/1,42278,-39.69209968,-40.96407104
2015,10,2015/10/2,42279,-40.96407104,-40.01626426
2015,10,2015/10/5,42282,-40.01626426,-38.17834407
2015,10,2015/10/6,42283,-38.17834407,-37.6687352
2015,10,2015/10/7,42284,-37.6687352,-36.33798097
2015,10,2015/10/8,42285,-36.33798097,-35.35506864
2015,10,2015/10/9,42286,-35.35506864,-35.2197663
2015,10,2015/10/12,42289,-35.2197663,-35.28501159
2015,10,2015/10/13,42290,-35.28501159,-36.10963505
2015,10,2015/10/14,42291,-36.10963505,-40.81009424
2015,10,2015/10/15,42292,-40.81009424,-40.88763085
2015,10,2015/10/16,42293,-40.88763085,-40.20937356
2015,10,2015/10/19,42296,-40.20937356,-39.88621266
2015,10,2015/10/20,42297,-39.88621266,-40.29540943
2015,10,2015/10/21,42298,-40.29540943,-40.86433905
2015,10,2015/10/22,42299,-40.86433905,-38.64156554
2015,10,2015/10/23,42300,-38.64156554,-38.14915618
2015,10,2015/10/26,42303,-38.14915618,-38.05484746
2015,10,2015/10/27,42304,-38.05484746,-38.36192091
2015,10,2015/10/28,42305,-38.36192091,-38.7663426
2015,10,2015/10/29,42306,-38.7663426,-38.22747241
2015,10,2015/10/30,42307,-38.22747241,-39.39115713
2015,11,2015/11/2,42310,-39.39115713,-39.38438552
2015,11,2015/11/3,42311,-39.38438552,-39.00443631
2015,11,2015/11/4,42312,-39.00443631,-38.97117336
2015,11,2015/11/5,42313,-38.97117336,-39.15093051
2015,11,2015/11/6,42314,-39.15093051,-39.9216638
2015,11,2015/11/9,42317,-39.9216638,-40.62329772
2015,11,2015/11/10,42318,-40.62329772,-40.28123437
2015,11,2015/11/11,42319,-40.28123437,-40.63712871
2015,11,2015/11/12,42320,-40.63712871,-42.30820798
2015,11,2015/11/13,42321,-42.30820798,-43.22932564
2015,11,2015/11/16,42324,-43.22932564,-40.76446077
2015,11,2015/11/17,42325,-40.76446077,-39.8406888
2015,11,2015/11/18,42326,-39.8406888,-37.9954937
2015,11,2015/11/19,42327,-37.9954937,-37.59734708
2015,11,2015/11/20,42328,-37.59734708,-38.68490125
2015,11,2015/11/23,42331,-38.68490125,-38.08970946
2015,11,2015/11/24,42332,-38.08970946,-38.10226249
2015,11,2015/11/25,42333,-38.10226249,-38.25038943
2015,11,2015/11/27,42335,-38.25038943,-38.52163469
2015,11,2015/11/30,42338,-38.52163469,-40.03171057
2015,12,2015/12/1,42339,-40.03171057,-38.77189522
2015,12,2015/12/2,42340,-38.77189522,-39.98766326
2015,12,2015/12/3,42341,-39.98766326,-39.74647974
2015,12,2015/12/4,42342,-39.74647974,-37.20373783
2015,12,2015/12/7,42345,-37.20373783,-36.5030992
2015,12,2015/12/8,42346,-36.5030992,-37.69704534
2015,12,2015/12/9,42347,-37.69704534,-38.53926707
2015,12,2015/12/10,42348,-38.53926707,-38.28313182
2015,12,2015/12/11,42349,-38.28313182,-38.96124173
2015,12,2015/12/14,42352,-38.96124173,-37.87714928
2015,12,2015/12/15,42353,-37.87714928,-36.91637955
2015,12,2015/12/16,42354,-36.91637955,-34.9139975
2015,12,2015/12/17,42355,-34.9139975,-36.62787493
2015,12,2015/12/18,42356,-36.62787493,-39.03516266
2015,12,2015/12/21,42359,-39.03516266,-37.75342005
2015,12,2015/12/22,42360,-37.75342005,-36.14644362
2015,12,2015/12/23,42361,-36.14644362,-35.18690947
2015,12,2015/12/24,42362,-35.18690947,-35.49505295
2015,12,2015/12/28,42366,-35.49505295,-35.42134067
2015,12,2015/12/29,42367,-35.42134067,-34.2298917
2015,12,2015/12/30,42368,-34.2298917,-34.49035446
2015,12,2015/12/31,42369,-34.49035446,-35.71885844
2016,1,2016/1/4,42373,-35.71885844,-36.9001326
2016,1,2016/1/5,42374,-36.9001326,-35.45267605
2016,1,2016/1/6,42375,-35.45267605,-35.46369226
2016,1,2016/1/7,42376,-35.46369226,-35.73633113
2016,1,2016/1/8,42377,-35.73633113,-37.6041223
2016,1,2016/1/11,42380,-37.6041223,-36.63778328
2016,1,2016/1/12,42381,-36.63778328,-37.00168367
2016,1,2016/1/13,42382,-37.00168367,-39.04721732
2016,1,2016/1/14,42383,-39.04721732,-38.39356781
2016,1,2016/1/15,42384,-38.39356781,-40.67742274
2016,1,2016/1/19,42388,-40.67742274,-38.42034601
2016,1,2016/1/20,42389,-38.42034601,-41.02366174
2016,1,2016/1/21,42390,-41.02366174,-39.50813046
2016,1,2016/1/22,42391,-39.50813046,-37.92614945
2016,1,2016/1/25,42394,-37.92614945,-37.64557834
2016,1,2016/1/26,42395,-37.64557834,-36.0080775
2016,1,2016/1/27,42396,-36.0080775,-36.21057793
2016,1,2016/1/28,42397,-36.21057793,-34.74729069
2016,1,2016/1/29,42398,-34.74729069,-31.3946837
2016,2,2016/2/1,42401,-31.3946837,-30.80787948
2016,2,2016/2/2,42402,-30.80787948,-32.16729491
2016,2,2016/2/3,42403,-32.16729491,-31.82301533
2016,2,2016/2/4,42404,-31.82301533,-32.54036904
2016,2,2016/2/5,42405,-32.54036904,-31.90191532
2016,2,2016/2/8,42408,-31.90191532,-31.05932878
2016,2,2016/2/9,42409,-31.05932878,-31.39422546
2016,2,2016/2/10,42410,-31.39422546,-32.34969766
2016,2,2016/2/11,42411,-32.34969766,-33.96745285
2016,2,2016/2/12,42412,-33.96745285,-32.00343938
2016,2,2016/2/16,42416,-32.00343938,-31.84904331
2016,2,2016/2/17,42417,-31.84904331,-30.72864852
2016,2,2016/2/18,42418,-30.72864852,-32.30967159
2016,2,2016/2/19,42419,-32.30967159,-32.04814171
2016,2,2016/2/22,42422,-32.04814171,-31.05037756
2016,2,2016/2/23,42423,-31.05037756,-30.8200476
2016,2,2016/2/24,42424,-30.8200476,-30.4400254
2016,2,2016/2/25,42425,-30.4400254,-28.91752353
2016,2,2016/2/26,42426,-28.91752353,-31.76877659
2016,2,2016/2/29,42429,-31.76877659,-32.57611828
2016,3,2016/3/1,42430,-32.57611828,-31.31011222
2016,3,2016/3/2,42431,-31.31011222,-31.05431727
2016,3,2016/3/3,42432,-31.05431727,-30.55997925
2016,3,2016/3/4,42433,-30.55997925,-29.37757645
2016,3,2016/3/7,42436,-29.37757645,-29.17401982
2016,3,2016/3/8,42437,-29.17401982,-28.84936152
2016,3,2016/3/9,42438,-28.84936152,-29.00265519
2016,3,2016/3/10,42439,-29.00265519,-29.17304915
2016,3,2016/3/11,42440,-29.17304915,-29.41101929
2016,3,2016/3/14,42443,-29.41101929,-29.88354814
2016,3,2016/3/15,42444,-29.88354814,-29.09593568
2016,3,2016/3/16,42445,-29.09593568,-29.30581139
2016,3,2016/3/17,42446,-29.30581139,-28.35193218
2016,3,2016/3/18,42447,-28.35193218,-28.73589261
2016,3,2016/3/21,42450,-28.73589261,-27.82807336
2016,3,2016/3/22,42451,-27.82807336,-28.57422394
2016,3,2016/3/23,42452,-28.57422394,-28.79609501
2016,3,2016/3/24,42453,-28.79609501,-28.43087168
2016,3,2016/3/28,42457,-28.43087168,-28.34823822
2016,3,2016/3/29,42458,-28.34823822,-28.066204
2016,3,2016/3/30,42459,-28.066204,-27.02838255
2016,3,2016/3/31,42460,-27.02838255,-27.56011773
2016,4,2016/4/1,42461,-27.56011773,-25.83696952
2016,4,2016/4/4,42464,-25.83696952,-25.96661681
2016,4,2016/4/5,42465,-25.96661681,-26.65833223
2016,4,2016/4/6,42466,-26.65833223,-25.6451721
2016,4,2016/4/7,42467,-25.6451721,-26.70284655
2016,4,2016/4/8,42468,-26.70284655,-26.14143936
2016,4,2016/4/11,42471,-26.14143936,-27.24034802
2016,4,2016/4/12,42472,-27.24034802,-25.94223406
2016,4,2016/4/13,42473,-25.94223406,-26.31886028
2016,4,2016/4/14,42474,-26.31886028,-27.24853698
2016,4,2016/4/15,42475,-27.24853698,-26.61502687
2016,4,2016/4/18,42478,-26.61502687,-25.77802238
2016,4,2016/4/19,42479,-25.77802238,-25.28552573
2016,4,2016/4/20,42480,-25.28552573,-27.69701015
2016,4,2016/4/21,42481,-27.69701015,-29.32782282
2016,4,2016/4/22,42482,-29.32782282,-28.55026137
2016,4,2016/4/25,42485,-28.55026137,-27.40649662
2016,4,2016/4/26,42486,-27.40649662,-28.67866175
2016,4,2016/4/27,42487,-28.67866175,-28.37552723
2016,4,2016/4/28,42488,-28.37552723,-28.65603936
2016,4,2016/4/29,42489,-28.65603936,-29.83155563
2016,5,2016/5/2,42492,-29.83155563,-29.158262
2016,5,2016/5/3,42493,-29.158262,-29.44685241
2016,5,2016/5/4,42494,-29.44685241,-28.82130246
2016,5,2016/5/5,42495,-28.82130246,-28.88648644
2016,5,2016/5/6,42496,-28.88648644,-27.35617822
2016,5,2016/5/9,42499,-27.35617822,-26.75459758
2016,5,2016/5/10,42500,-26.75459758,-26.04920484
2016,5,2016/5/11,42501,-26.04920484,-28.25848206
2016,5,2016/5/12,42502,-28.25848206,-27.60730469
2016,5,2016/5/13,42503,-27.60730469,-30.45748403
2016,5,2016/5/16,42506,-30.45748403,-29.48644041
2016,5,2016/5/17,42507,-29.48644041,-31.53795631
2016,5,2016/5/18,42508,-31.53795631,-33.96286611
2016,5,2016/5/19,42509,-33.96286611,-29.47616783
2016,5,2016/5/20,42510,-29.47616783,-29.69181734
2016,5,2016/5/23,42513,-29.69181734,-29.69587851
2016,5,2016/5/24,42514,-29.69587851,-28.42359971
2016,5,2016/5/25,42515,-28.42359971,-27.97063856
2016,5,2016/5/26,42516,-27.97063856,-27.48206372
2016,5,2016/5/27,42517,-27.48206372,-27.39613435
2016,5,2016/5/31,42521,-27.39613435,-27.95592974
2016,6,2016/6/1,42522,-27.95592974,-27.3839821
2016,6,2016/6/2,42523,-27.3839821,-26.79884561
2016,6,2016/6/3,42524,-26.79884561,-26.29667003
2016,6,2016/6/6,42527,-26.29667003,-25.8952917
2016,6,2016/6/7,42528,-25.8952917,-26.25900842
2016,6,2016/6/8,42529,-26.25900842,-25.57959159
2016,6,2016/6/9,42530,-25.57959159,-25.18600467
2016,6,2016/6/10,42531,-25.18600467,-25.26084981
2016,6,2016/6/13,42534,-25.26084981,-26.23522661
2016,6,2016/6/14,42535,-26.23522661,-25.44336871
2016,6,2016/6/15,42536,-25.44336871,-25.71591442
2016,6,2016/6/16,42537,-25.71591442,-24.87397851
2016,6,2016/6/17,42538,-24.87397851,-25.51712418
2016,6,2016/6/20,42541,-25.51712418,-25.46216669
2016,6,2016/6/21,42542,-25.46216669,-24.68510568
2016,6,2016/6/22,42543,-24.68510568,-24.572568
2016,6,2016/6/23,42544,-24.572568,-23.64658374
2016,6,2016/6/24,42545,-23.64658374,-26.02842629
2016,6,2016/6/27,42548,-26.02842629,-26.87577854
2016,6,2016/6/28,42549,-26.87577854,-26.12667471
2016,6,2016/6/29,42550,-26.12667471,-24.20855882
2016,6,2016/6/30,42551,-24.20855882,-22.08495624
2016,7,2016/7/1,42552,-22.08495624,-21.8641761
2016,7,2016/7/5,42556,-21.8641761,-20.89200119
2016,7,2016/7/6,42557,-20.89200119,-20.89209202
2016,7,2016/7/7,42558,-20.89209202,-20.54582601
2016,7,2016/7/8,42559,-20.54582601,-19.43566749
2016,7,2016/7/11,42562,-19.43566749,-19.00027298
2016,7,2016/7/12,42563,-19.00027298,-19.59033477
2016,7,2016/7/13,42564,-19.59033477,-18.77217252
2016,7,2016/7/14,42565,-18.77217252,-18.71271106
2016,7,2016/7/15,42566,-18.71271106,-18.78995518
2016,7,2016/7/18,42569,-18.78995518,-18.91302434
2016,7,2016/7/19,42570,-18.91302434,-18.76246549
2016,7,2016/7/20,42571,-18.76246549,-19.42965265
2016,7,2016/7/21,42572,-19.42965265,-19.80095526
2016,7,2016/7/22,42573,-19.80095526,-19.21656373
2016,7,2016/7/25,42576,-19.21656373,-19.13629394
2016,7,2016/7/26,42577,-19.13629394,-19.87751956
2016,7,2016/7/27,42578,-19.87751956,-21.08571492
2016,7,2016/7/28,42579,-21.08571492,-20.63540473
2016,7,2016/7/29,42580,-20.63540473,-20.04093283
2016,8,2016/8/1,42583,-20.04093283,-19.12238227
2016,8,2016/8/2,42584,-19.12238227,-19.45040595
2016,8,2016/8/3,42585,-19.45040595,-20.30744444
2016,8,2016/8/4,42586,-20.30744444,-19.86675439
2016,8,2016/8/5,42587,-19.86675439,-19.60493519
2016,8,2016/8/8,42590,-19.60493519,-20.13149054
2016,8,2016/8/9,42591,-20.13149054,-19.80144582
2016,8,2016/8/10,42592,-19.80144582,-19.09284169
2016,8,2016/8/11,42593,-19.09284169,-19.08946023
2016,8,2016/8/12,42594,-19.08946023,-18.77517195
2016,8,2016/8/15,42597,-18.77517195,-19.09686246
2016,8,2016/8/16,42598,-19.09686246,-19.993752
2016,8,2016/8/17,42599,-19.993752,-19.52431985
2016,8,2016/8/18,42600,-19.52431985,-18.39536922
2016,8,2016/8/19,42601,-18.39536922,-19.55310215
2016,8,2016/8/22,42604,-19.55310215,-19.99801476
2016,8,2016/8/23,42605,-19.99801476,-20.20843255
2016,8,2016/8/24,42606,-20.20843255,-19.98258528
2016,8,2016/8/25,42607,-19.98258528,-20.45770295
2016,8,2016/8/26,42608,-20.45770295,-20.91633464
2016,8,2016/8/29,42611,-20.91633464,-20.07559373
2016,8,2016/8/30,42612,-20.07559373,-20.93497029
2016,8,2016/8/31,42613,-20.93497029,-21.15376732
2016,9,2016/9/1,42614,-21.15376732,-19.3349963
2016,9,2016/9/2,42615,-19.3349963,-19.34565107
2016,9,2016/9/6,42619,-19.34565107,-18.72012502
2016,9,2016/9/7,42620,-18.72012502,-20.0739237
2016,9,2016/9/8,42621,-20.0739237,-20.47030008
2016,9,2016/9/9,42622,-20.47030008,-23.75197549
2016,9,2016/9/12,42625,-23.75197549,-20.54818453
2016,9,2016/9/13,42626,-20.54818453,-22.26865089
2016,9,2016/9/14,42627,-22.26865089,-22.07042294
2016,9,2016/9/15,42628,-22.07042294,-20.6641469
2016,9,2016/9/16,42629,-20.6641469,-20.45893624
2016,9,2016/9/19,42632,-20.45893624,-20.64705121
2016,9,2016/9/20,42633,-20.64705121,-20.31281808
2016,9,2016/9/21,42634,-20.31281808,-20.22470481
2016,9,2016/9/22,42635,-20.22470481,-19.15402921
2016,9,2016/9/23,42636,-19.15402921,-20.0247539
2016,9,2016/9/26,42639,-20.0247539,-20.68082209
2016,9,2016/9/27,42640,-20.68082209,-19.65119162
2016,9,2016/9/28,42641,-19.65119162,-19.49385211
2016,9,2016/9/29,42642,-19.49385211,-20.7614398
2016,9,2016/9/30,42643,-20.7614398,-18.48717312
2016,10,2016/10/3,42646,-18.48717312,-19.23075828
2016,10,2016/10/4,42647,-19.23075828,-20.0996525
2016,10,2016/10/5,42648,-20.0996525,-20.3450141
2016,10,2016/10/6,42649,-20.3450141,-21.55610015
2016,10,2016/10/7,42650,-21.55610015,-21.74084127
2016,10,2016/10/10,42653,-21.74084127,-22.66415249
2016,10,2016/10/11,42654,-22.66415249,-23.66144104
2016,10,2016/10/12,42655,-23.66144104,-23.35084705
2016,10,2016/10/13,42656,-23.35084705,-23.08257272
2016,10,2016/10/14,42657,-23.08257272,-22.44256711
2016,10,2016/10/17,42660,-22.44256711,-22.93740893
2016,10,2016/10/18,42661,-22.93740893,-22.62494836
2016,10,2016/10/19,42662,-22.62494836,-23.97863533
2016,10,2016/10/20,42663,-23.97863533,-24.61347735
2016,10,2016/10/21,42664,-24.61347735,-25.30467517
2016,10,2016/10/24,42667,-25.30467517,-24.07907871
2016,10,2016/10/25,42668,-24.07907871,-22.37893465
2016,10,2016/10/26,42669,-22.37893465,-22.05887283
2016,10,2016/10/27,42670,-22.05887283,-22.58241768
2016,10,2016/10/28,42671,-22.58241768,-22.12475629
2016,10,2016/10/31,42674,-22.12475629,-22.05239156
2016,11,2016/11/1,42675,-22.05239156,-23.0576138
2016,11,2016/11/2,42676,-23.0576138,-23.02490032
2016,11,2016/11/3,42677,-23.02490032,-23.01770595
2016,11,2016/11/4,42678,-23.01770595,-24.58730943
2016,11,2016/11/7,42681,-24.58730943,-22.74900333
2016,11,2016/11/8,42682,-22.74900333,-21.42975671
2016,11,2016/11/9,42683,-21.42975671,-22.09905876
2016,11,2016/11/10,42684,-22.09905876,-25.44662342
2016,11,2016/11/11,42685,-25.44662342,-25.22185691
2016,11,2016/11/14,42688,-25.22185691,-26.81536974
2016,11,2016/11/15,42689,-26.81536974,-25.60267861
2016,11,2016/11/16,42690,-25.60267861,-25.94585188
2016,11,2016/11/17,42691,-25.94585188,-27.56977547
2016,11,2016/11/18,42692,-27.56977547,-28.77423662
2016,11,2016/11/21,42695,-28.77423662,-27.38780313
2016,11,2016/11/22,42696,-27.38780313,-26.53528706
2016,11,2016/11/23,42697,-26.53528706,-26.70899644
2016,11,2016/11/25,42699,-26.70899644,-25.67507334
2016,11,2016/11/28,42702,-25.67507334,-25.6315205
2016,11,2016/11/29,42703,-25.6315205,-25.78308111
2016,11,2016/11/30,42704,-25.78308111,-27.8062418
2016,12,2016/12/1,42705,-27.8062418,-29.02846908
2016,12,2016/12/2,42706,-29.02846908,-27.88279319
2016,12,2016/12/5,42709,-27.88279319,-28.11584997
2016,12,2016/12/6,42710,-28.11584997,-27.5175899
2016,12,2016/12/7,42711,-27.5175899,-26.01534766
2016,12,2016/12/8,42712,-26.01534766,-26.89498417
2016,12,2016/12/9,42713,-26.89498417,-25.85853558
2016,12,2016/12/12,42716,-25.85853558,-23.85882757
2016,12,2016/12/13,42717,-23.85882757,-23.36475585
2016,12,2016/12/14,42718,-23.36475585,-24.69591236
2016,12,2016/12/15,42719,-24.69591236,-24.30374985
2016,12,2016/12/16,42720,-24.30374985,-24.1057338
2016,12,2016/12/19,42723,-24.1057338,-23.88497659
2016,12,2016/12/20,42724,-23.88497659,-24.02107857
2016,12,2016/12/21,42725,-24.02107857,-24.67684254
2016,12,2016/12/22,42726,-24.67684254,-25.41817516
2016,12,2016/12/23,42727,-25.41817516,-25.28225791
2016,12,2016/12/27,42731,-25.28225791,-25.35797774
2016,12,2016/12/28,42732,-25.35797774,-26.16725779
2016,12,2016/12/29,42733,-26.16725779,-25.86102272
2016,12,2016/12/30,42734,-25.86102272,-26.27944428
2017,1,2017/1/3,42738,-26.27944428,-26.46045096
2017,1,2017/1/4,42739,-26.46045096,-25.94796888
2017,1,2017/1/5,42740,-25.94796888,-25.57881287
2017,1,2017/1/6,42741,-25.57881287,-26.31016566
2017,1,2017/1/9,42744,-26.31016566,-26.87835782
2017,1,2017/1/10,42745,-26.87835782,-28.3926105
2017,1,2017/1/11,42746,-28.3926105,-28.10882543
2017,1,2017/1/12,42747,-28.10882543,-28.43828725
2017,1,2017/1/13,42748,-28.43828725,-29.04844083
2017,1,2017/1/17,42752,-29.04844083,-27.17722768
2017,1,2017/1/18,42753,-27.17722768,-27.30235321
2017,1,2017/1/19,42754,-27.30235321,-27.94687541
2017,1,2017/1/20,42755,-27.94687541,-26.29552235
2017,1,2017/1/23,42758,-26.29552235,-26.59028841
2017,1,2017/1/24,42759,-26.59028841,-25.21724778
2017,1,2017/1/25,42760,-25.21724778,-25.98002862
2017,1,2017/1/26,42761,-25.98002862,-26.64172027
2017,1,2017/1/27,42762,-26.64172027,-27.62808698
2017,1,2017/1/30,42765,-27.62808698,-27.00927992
2017,1,2017/1/31,42766,-27.00927992,-26.25138111
2017,2,2017/2/1,42767,-26.25138111,-26.83976923
2017,2,2017/2/2,42768,-26.83976923,-25.82117676
2017,2,2017/2/3,42769,-25.82117676,-25.67467896
2017,2,2017/2/6,42772,-25.67467896,-25.97920283
2017,2,2017/2/7,42773,-25.97920283,-24.81499956
2017,2,2017/2/8,42774,-24.81499956,-23.95861106
2017,2,2017/2/9,42775,-23.95861106,-22.86223751
2017,2,2017/2/10,42776,-22.86223751,-23.99792607
2017,2,2017/2/13,42779,-23.99792607,-23.79125132
2017,2,2017/2/14,42780,-23.79125132,-23.27500978
2017,2,2017/2/15,42781,-23.27500978,-21.50522727
2017,2,2017/2/16,42782,-21.50522727,-20.88711704
2017,2,2017/2/17,42783,-20.88711704,-20.36011425
2017,2,2017/2/21,42787,-20.36011425,-18.06583235
2017,2,2017/2/22,42788,-18.06583235,-17.98145251
2017,2,2017/2/23,42789,-17.98145251,-18.3670955
2017,2,2017/2/24,42790,-18.3670955,-17.53682189
2017,2,2017/2/27,42793,-17.53682189,-18.32431505
2017,2,2017/2/28,42794,-18.32431505,-18.26583981
2017,3,2017/3/1,42795,-18.26583981,-18.68307108
2017,3,2017/3/2,42796,-18.68307108,-18.69752222
2017,3,2017/3/3,42797,-18.69752222,-19.23245095
2017,3,2017/3/6,42800,-19.23245095,-19.84168546
2017,3,2017/3/7,42801,-19.84168546,-20.04791586
2017,3,2017/3/8,42802,-20.04791586,-20.18904006
2017,3,2017/3/9,42803,-20.18904006,-20.15148476
2017,3,2017/3/10,42804,-20.15148476,-19.30148446
2017,3,2017/3/13,42807,-19.30148446,-19.37415533
2017,3,2017/3/14,42808,-19.37415533,-19.06012992
2017,3,2017/3/15,42809,-19.06012992,-18.1506255
2017,3,2017/3/16,42810,-18.1506255,-18.19660349
2017,3,2017/3/17,42811,-18.19660349,-18.73671525
2017,3,2017/3/20,42814,-18.73671525,-18.6382124
2017,3,2017/3/21,42815,-18.6382124,-18.4078334
2017,3,2017/3/22,42816,-18.4078334,-18.18704187
2017,3,2017/3/23,42817,-18.18704187,-18.70379533
2017,3,2017/3/24,42818,-18.70379533,-18.84630632
2017,3,2017/3/27,42821,-18.84630632,-18.96065977
2017,3,2017/3/28,42822,-18.96065977,-18.07835768
2017,3,2017/3/29,42823,-18.07835768,-17.89163589
2017,3,2017/3/30,42824,-17.89163589,-17.62537459
2017,3,2017/3/31,42825,-17.62537459,-17.64372881
2017,4,2017/4/3,42828,-17.64372881,-17.97957793
2017,4,2017/4/4,42829,-17.97957793,-17.60268283
2017,4,2017/4/5,42830,-17.60268283,-17.88688568
2017,4,2017/4/6,42831,-17.88688568,-18.50332218
2017,4,2017/4/7,42832,-18.50332218,-17.58916514
2017,4,2017/4/10,42835,-17.58916514,-17.14768797
2017,4,2017/4/11,42836,-17.14768797,-16.84824362
2017,4,2017/4/12,42837,-16.84824362,-15.71268869
2017,4,2017/4/13,42838,-15.71268869,-16.48595889
2017,4,2017/4/17,42842,-16.48595889,-15.74427855
2017,4,2017/4/18,42843,-15.74427855,-14.78136386
2017,4,2017/4/19,42844,-14.78136386,-15.6477071
2017,4,2017/4/20,42845,-15.6477071,-15.32983826
2017,4,2017/4/21,42846,-15.32983826,-15.70632475
2017,4,2017/4/24,42849,-15.70632475,-14.88399389
2017,4,2017/4/25,42850,-14.88399389,-14.53291547
2017,4,2017/4/26,42851,-14.53291547,-15.89336388
2017,4,2017/4/27,42852,-15.89336388,-16.23713098
2017,4,2017/4/28,42853,-16.23713098,-16.3269087
2017,5,2017/5/1,42856,-16.3269087,-16.80483234
2017,5,2017/5/2,42857,-16.80483234,-17.07537163
2017,5,2017/5/3,42858,-17.07537163,-17.01602034
2017,5,2017/5/4,42859,-17.01602034,-16.06750728
2017,5,2017/5/5,42860,-16.06750728,-15.81469745
2017,5,2017/5/8,42863,-15.81469745,-16.02424428
2017,5,2017/5/9,42864,-16.02424428,-15.95598976
2017,5,2017/5/10,42865,-15.95598976,-15.86059092
2017,5,2017/5/11,42866,-15.86059092,-16.33344857
2017,5,2017/5/12,42867,-16.33344857,-16.67364516
2017,5,2017/5/15,42870,-16.67364516,-15.739399
2017,5,2017/5/16,42871,-15.739399,-16.64758515
2017,5,2017/5/17,42872,-16.64758515,-16.64234074
2017,5,2017/5/18,42873,-16.64234074,-15.09926786
2017,5,2017/5/19,42874,-15.09926786,-14.18617988
2017,5,2017/5/22,42877,-14.18617988,-13.88762407
2017,5,2017/5/23,42878,-13.88762407,-13.82836921
2017,5,2017/5/24,42879,-13.82836921,-13.31859661
2017,5,2017/5/25,42880,-13.31859661,-12.33121205
2017,5,2017/5/26,42881,-12.33121205,-12.07225257
2017,5,2017/5/30,42885,-12.07225257,-11.92644815
2017,5,2017/5/31,42886,-11.92644815,-11.71658717
2017,6,2017/6/1,42887,-11.71658717,-10.39476004
2017,6,2017/6/2,42888,-10.39476004,-10.06422474
2017,6,2017/6/5,42891,-10.06422474,-9.441156812
2017,6,2017/6/6,42892,-9.441156812,-10.39408522
2017,6,2017/6/7,42893,-10.39408522,-10.59194902
2017,6,2017/6/8,42894,-10.59194902,-11.80291604
2017,6,2017/6/9,42895,-11.80291604,-11.25112468
2017,6,2017/6/12,42898,-11.25112468,-11.20276653
2017,6,2017/6/13,42899,-11.20276653,-11.10696201
2017,6,2017/6/14,42900,-11.10696201,-10.1510309
2017,6,2017/6/15,42901,-10.1510309,-10.37057483
2017,6,2017/6/16,42902,-10.37057483,-12.86273234
2017,6,2017/6/19,42905,-12.86273234,-12.37932008
2017,6,2017/6/20,42906,-12.37932008,-12.17246264
2017,6,2017/6/21,42907,-12.17246264,-12.09511947
2017,6,2017/6/22,42908,-12.09511947,-13.3593776
2017,6,2017/6/23,42909,-13.3593776,-13.23478847
2017,6,2017/6/26,42912,-13.23478847,-12.72953137
2017,6,2017/6/27,42913,-12.72953137,-13.35466651
2017,6,2017/6/28,42914,-13.35466651,-12.92985582
2017,6,2017/6/29,42915,-12.92985582,-14.67557052
2017,6,2017/6/30,42916,-14.67557052,-14.62012713
2017,7,2017/7/3,42919,-14.62012713,-14.4086088
2017,7,2017/7/5,42921,-14.4086088,-14.52929149
2017,7,2017/7/6,42922,-14.52929149,-14.71510081
2017,7,2017/7/7,42923,-14.71510081,-14.48986272
2017,7,2017/7/10,42926,-14.48986272,-16.77558355
2017,7,2017/7/11,42927,-16.77558355,-17.02629144
2017,7,2017/7/12,42928,-17.02629144,-16.13458181
2017,7,2017/7/13,42929,-16.13458181,-15.85544426
2017,7,2017/7/14,42930,-15.85544426,-14.3293758
2017,7,2017/7/17,42933,-14.3293758,-14.0493504
2017,7,2017/7/18,42934,-14.0493504,-13.52191629
2017,7,2017/7/19,42935,-13.52191629,-13.75141639
2017,7,2017/7/20,42936,-13.75141639,-13.43562384
2017,7,2017/7/21,42937,-13.43562384,-12.83567088
2017,7,2017/7/24,42940,-12.83567088,-12.80934013
2017,7,2017/7/25,42941,-12.80934013,-10.97293031
2017,7,2017/7/26,42942,-10.97293031,-10.24992065
2017,7,2017/7/27,42943,-10.24992065,-8.763887015
2017,7,2017/7/28,42944,-8.763887015,-9.335406487
2017,7,2017/7/31,42947,-9.335406487,-8.88646023
2017,8,2017/8/1,42948,-8.88646023,-9.094878598
2017,8,2017/8/2,42949,-9.094878598,-9.253828015
2017,8,2017/8/3,42950,-9.253828015,-8.817224789
2017,8,2017/8/4,42951,-8.817224789,-9.179075849
2017,8,2017/8/7,42954,-9.179075849,-7.928503579
2017,8,2017/8/8,42955,-7.928503579,-7.749871129
2017,8,2017/8/9,42956,-7.749871129,-7.579781315
2017,8,2017/8/10,42957,-7.579781315,-8.421596464
2017,8,2017/8/11,42958,-8.421596464,-8.785239961
2017,8,2017/8/14,42961,-8.785239961,-7.809276626
2017,8,2017/8/15,42962,-7.809276626,-6.921521093
2017,8,2017/8/16,42963,-6.921521093,-6.585480196
2017,8,2017/8/17,42964,-6.585480196,-8.01132889
2017,8,2017/8/18,42965,-8.01132889,-8.412868119
2017,8,2017/8/21,42968,-8.412868119,-7.633932794
2017,8,2017/8/22,42969,-7.633932794,-7.617020702
2017,8,2017/8/23,42970,-7.617020702,-8.133701987
2017,8,2017/8/24,42971,-8.133701987,-9.811170412
2017,8,2017/8/25,42972,-9.811170412,-9.619762707
2017,8,2017/8/28,42975,-9.619762707,-10.20192603
2017,8,2017/8/29,42976,-10.20192603,-9.648786063
2017,8,2017/8/30,42977,-9.648786063,-10.36387894
2017,8,2017/8/31,42978,-10.36387894,-10.1915613
2017,9,2017/9/1,42979,-10.1915613,-9.518009296
2017,9,2017/9/5,42983,-9.518009296,-8.40618317
2017,9,2017/9/6,42984,-8.40618317,-8.003757363
2017,9,2017/9/7,42985,-8.003757363,-7.524701278
2017,9,2017/9/8,42986,-7.524701278,-9.283168249
2017,9,2017/9/11,42989,-9.283168249,-8.193155668
2017,9,2017/9/12,42990,-8.193155668,-8.378061887
2017,9,2017/9/13,42991,-8.378061887,-8.405581043
2017,9,2017/9/14,42992,-8.405581043,-8.722964898
2017,9,2017/9/15,42993,-8.722964898,-8.11103637
2017,9,2017/9/18,42996,-8.11103637,-8.385513539
2017,9,2017/9/19,42997,-8.385513539,-8.004986806
2017,9,2017/9/20,42998,-8.004986806,-7.981775206
2017,9,2017/9/21,42999,-7.981775206,-9.68766073
2017,9,2017/9/22,43000,-9.68766073,-10.64102814
2017,9,2017/9/25,43003,-10.64102814,-10.56895553
2017,9,2017/9/26,43004,-10.56895553,-10.51365795
2017,9,2017/9/27,43005,-10.51365795,-11.9940043
2017,9,2017/9/28,43006,-11.9940043,-11.95282571
2017,9,2017/9/29,43007,-11.95282571,-12.53475521
2017,10,2017/10/2,43010,-12.53475521,-13.37740902
2017,10,2017/10/3,43011,-13.37740902,-12.60739812
2017,10,2017/10/4,43012,-12.60739812,-12.402618
2017,10,2017/10/5,43013,-12.402618,-11.92372704
2017,10,2017/10/6,43014,-11.92372704,-12.0590716
2017,10,2017/10/9,43017,-12.0590716,-11.30974176
2017,10,2017/10/10,43018,-11.30974176,-8.752195215
2017,10,2017/10/11,43019,-8.752195215,-7.410449733
2017,10,2017/10/12,43020,-7.410449733,-6.361893096
2017,10,2017/10/13,43021,-6.361893096,-5.423371588
2017,10,2017/10/16,43024,-5.423371588,-5.510572742
2017,10,2017/10/17,43025,-5.510572742,-6.14438447
2017,10,2017/10/18,43026,-6.14438447,-6.113913417
2017,10,2017/10/19,43027,-6.113913417,-6.326411622
2017,10,2017/10/20,43028,-6.326411622,-7.982098069
2017,10,2017/10/23,43031,-7.982098069,-7.664393622
2017,10,2017/10/24,43032,-7.664393622,-8.722946575
2017,10,2017/10/25,43033,-8.722946575,-8.75651263
2017,10,2017/10/26,43034,-8.75651263,-7.995497646
2017,10,2017/10/27,43035,-7.995497646,-8.635913817
2017,10,2017/10/30,43038,-8.635913817,-10.33603292
2017,10,2017/10/31,43039,-10.33603292,-9.787673692
2017,11,2017/11/1,43040,-9.787673692,-8.79762911
2017,11,2017/11/2,43041,-8.79762911,-8.450810783
2017,11,2017/11/3,43042,-8.450810783,-7.727371114
2017,11,2017/11/6,43045,-7.727371114,-9.163840041
2017,11,2017/11/7,43046,-9.163840041,-7.89543071
2017,11,2017/11/8,43047,-7.89543071,-5.97660043
2017,11,2017/11/9,43048,-5.97660043,-6.055067835
2017,11,2017/11/10,43049,-6.055067835,-4.836095035
2017,11,2017/11/13,43052,-4.836095035,-3.738376484
2017,11,2017/11/14,43053,-3.738376484,-2.925125735
2017,11,2017/11/15,43054,-2.925125735,-4.498597902
2017,11,2017/11/16,43055,-4.498597902,2.789970578
2017,11,2017/11/17,43056,2.789970578,0.530709284
2017,11,2017/11/20,43059,0.530709284,0.519216785
2017,11,2017/11/21,43060,0.519216785,0.643926357
2017,11,2017/11/22,43061,0.643926357,-0.063027651
2017,11,2017/11/24,43063,-0.063027651,0.505921881
2017,11,2017/11/27,43066,0.505921881,0.774540436
2017,11,2017/11/28,43067,0.774540436,1.514405859
2017,11,2017/11/29,43068,1.514405859,2.03692386
2017,11,2017/11/30,43069,2.03692386,2.04741098
2017,12,2017/12/1,43070,2.04741098,2.602973968
2017,12,2017/12/4,43073,2.602973968,3.285066095
2017,12,2017/12/5,43074,3.285066095,3.898612736
2017,12,2017/12/6,43075,3.898612736,4.023630524
2017,12,2017/12/7,43076,4.023630524,2.024793238
2017,12,2017/12/8,43077,2.024793238,1.900289555
2017,12,2017/12/11,43080,1.900289555,2.436323716
2017,12,2017/12/12,43081,2.436323716,2.064660577
2017,12,2017/12/13,43082,2.064660577,3.608651563
2017,12,2017/12/14,43083,3.608651563,3.35517153
2017,12,2017/12/15,43084,3.35517153,4.378709975
2017,12,2017/12/18,43087,4.378709975,4.379969436
2017,12,2017/12/19,43088,4.379969436,5.144628291
2017,12,2017/12/20,43089,5.144628291,5.197088158
2017,12,2017/12/21,43090,5.197088158,4.425367843
2017,12,2017/12/22,43091,4.425367843,4.933027177
2017,12,2017/12/26,43095,4.933027177,5.928203666
2017,12,2017/12/27,43096,5.928203666,5.971634797
2017,12,2017/12/28,43097,5.971634797,6.049069144
2017,12,2017/12/29,43098,6.049069144,5.760991314
2018,1,2018/1/2,43102,5.760991314,4.348110556
2018,1,2018/1/3,43103,4.348110556,4.728743059
2018,1,2018/1/4,43104,4.728743059,5.471011334
2018,1,2018/1/5,43105,5.471011334,6.053223421
2018,1,2018/1/8,43108,6.053223421,7.034144046
2018,1,2018/1/9,43109,7.034144046,5.886491518
2018,1,2018/1/10,43110,5.886491518,4.79136004
2018,1,2018/1/11,43111,4.79136004,4.5877568
2018,1,2018/1/12,43112,4.5877568,5.090652303
2018,1,2018/1/16,43116,5.090652303,5.560324214
2018,1,2018/1/17,43117,5.560324214,8.086614119
2018,1,2018/1/18,43118,8.086614119,8.553577219
2018,1,2018/1/19,43119,8.553577219,9.76731499
2018,1,2018/1/22,43122,9.76731499,11.41904945
2018,1,2018/1/23,43123,11.41904945,10.03960797
2018,1,2018/1/24,43124,10.03960797,9.518849101
2018,1,2018/1/25,43125,9.518849101,9.986500842
2018,1,2018/1/26,43126,9.986500842,11.30977409
2018,1,2018/1/29,43129,11.30977409,10.61965686
2018,1,2018/1/30,43130,10.61965686,9.491150151
2018,1,2018/1/31,43131,9.491150151,8.571346138
2018,2,2018/2/1,43132,8.571346138,7.088060645
2018,2,2018/2/2,43133,7.088060645,4.693728599
2018,2,2018/2/5,43136,4.693728599,-2.119446171
2018,2,2018/2/6,43137,-2.119446171,-1.232746592
2018,2,2018/2/7,43138,-1.232746592,-0.24399855
2018,2,2018/2/8,43139,-0.24399855,-4.693491365
2018,2,2018/2/9,43140,-4.693491365,-4.85950246
2018,2,2018/2/12,43143,-4.85950246,-3.525990842
2018,2,2018/2/13,43144,-3.525990842,-2.3391965
2018,2,2018/2/14,43145,-2.3391965,-3.626459659
2018,2,2018/2/15,43146,-3.626459659,-0.729334727
2018,2,2018/2/16,43147,-0.729334727,0.496797167
2018,2,2018/2/20,43151,0.496797167,-8.288727082
2018,2,2018/2/21,43152,-8.288727082,-11.3868143
2018,2,2018/2/22,43153,-11.3868143,-9.631840558
2018,2,2018/2/23,43154,-9.631840558,-9.19389204
2018,2,2018/2/26,43157,-9.19389204,-8.167281283
2018,2,2018/2/27,43158,-8.167281283,-9.941321271
2018,2,2018/2/28,43159,-9.941321271,-12.65646433
2018,3,2018/3/1,43160,-12.65646433,-14.03337498
2018,3,2018/3/2,43161,-14.03337498,-13.36527243
2018,3,2018/3/5,43164,-13.36527243,-11.90640954
2018,3,2018/3/6,43165,-11.90640954,-12.61807353
2018,3,2018/3/7,43166,-12.61807353,-13.9048904
2018,3,2018/3/8,43167,-13.9048904,-12.29071814
2018,3,2018/3/9,43168,-12.29071814,-11.32536259
2018,3,2018/3/12,43171,-11.32536259,-11.95294019
2018,3,2018/3/13,43172,-11.95294019,-11.50422775
2018,3,2018/3/14,43173,-11.50422775,-12.85338358
2018,3,2018/3/15,43174,-12.85338358,-13.42816277
2018,3,2018/3/16,43175,-13.42816277,-12.29891928
2018,3,2018/3/19,43178,-12.29891928,-14.22183771
2018,3,2018/3/20,43179,-14.22183771,-14.28720436
2018,3,2018/3/21,43180,-14.28720436,-15.36470058
2018,3,2018/3/22,43181,-15.36470058,-16.80145042
2018,3,2018/3/23,43182,-16.80145042,-19.07643541
2018,3,2018/3/26,43185,-19.07643541,-17.05030924
2018,3,2018/3/27,43186,-17.05030924,-16.88163198
2018,3,2018/3/28,43187,-16.88163198,-14.40381758
2018,3,2018/3/29,43188,-14.40381758,-13.336976
2018,4,2018/4/2,43192,-13.336976,-17.34696244
2018,4,2018/4/3,43193,-17.34696244,-15.3264799
2018,4,2018/4/4,43194,-15.3264799,-13.75549176
2018,4,2018/4/5,43195,-13.75549176,-13.30835463
2018,4,2018/4/6,43196,-13.30835463,-14.8815188
2018,4,2018/4/9,43199,-14.8815188,-15.28921811
2018,4,2018/4/10,43200,-15.28921811,-15.02858152
2018,4,2018/4/11,43201,-15.02858152,-15.76412282
2018,4,2018/4/12,43202,-15.76412282,-16.51808247
2018,4,2018/4/13,43203,-16.51808247,-15.32615336
2018,4,2018/4/16,43206,-15.32615336,-14.32779527
2018,4,2018/4/17,43207,-14.32779527,-14.13657475
2018,4,2018/4/18,43208,-14.13657475,-15.34657942
2018,4,2018/4/19,43209,-15.34657942,-17.5928473
2018,4,2018/4/20,43210,-17.5928473,-20.25735549
2018,4,2018/4/23,43213,-20.25735549,-21.24086987
2018,4,2018/4/24,43214,-21.24086987,-21.81967802
2018,4,2018/4/25,43215,-21.81967802,-21.69001873
2018,4,2018/4/26,43216,-21.69001873,-19.96593255
2018,4,2018/4/27,43217,-19.96593255,-20.98327634
2018,4,2018/4/30,43220,-20.98327634,-20.79254877
2018,5,2018/5/1,43221,-20.79254877,-22.6431308
2018,5,2018/5/2,43222,-22.6431308,-24.82619582
2018,5,2018/5/3,43223,-24.82619582,-24.52307308
2018,5,2018/5/4,43224,-24.52307308,-22.38106467
2018,5,2018/5/7,43227,-22.38106467,-24.39322351
2018,5,2018/5/8,43228,-24.39322351,-25.17029437
2018,5,2018/5/9,43229,-25.17029437,-26.74985854
2018,5,2018/5/10,43230,-26.74985854,-26.0401931
2018,5,2018/5/11,43231,-26.0401931,-25.38018724
2018,5,2018/5/14,43234,-25.38018724,-24.87290753
2018,5,2018/5/15,43235,-24.87290753,-25.15605954
2018,5,2018/5/16,43236,-25.15605954,-23.57952733
2018,5,2018/5/17,43237,-23.57952733,-24.0605273
2018,5,2018/5/18,43238,-24.0605273,-25.11865879
2018,5,2018/5/21,43241,-25.11865879,-23.29311144
2018,5,2018/5/22,43242,-23.29311144,-23.92476711
2018,5,2018/5/23,43243,-23.92476711,-23.84546481
2018,5,2018/5/24,43244,-23.84546481,-24.31130223
2018,5,2018/5/25,43245,-24.31130223,-24.20794482
2018,5,2018/5/29,43249,-24.20794482,-24.02485249
2018,5,2018/5/30,43250,-24.02485249,-22.01260503
2018,5,2018/5/31,43251,-22.01260503,-24.75789477
2018,6,2018/6/1,43252,-24.75789477,-24.30531506
2018,6,2018/6/4,43255,-24.30531506,-22.24976287
2018,6,2018/6/5,43256,-22.24976287,-22.91700988
2018,6,2018/6/6,43257,-22.91700988,-22.43819059
2018,6,2018/6/7,43258,-22.43819059,-21.23557664
2018,6,2018/6/8,43259,-21.23557664,-20.20795799
2018,6,2018/6/11,43262,-20.20795799,-19.72140848
2018,6,2018/6/12,43263,-19.72140848,-19.44394943
2018,6,2018/6/13,43264,-19.44394943,-19.57001766
2018,6,2018/6/14,43265,-19.57001766,-20.17132568
2018,6,2018/6/15,43266,-20.17132568,-18.32028831
2018,6,2018/6/18,43269,-18.32028831,-20.69094457
2018,6,2018/6/19,43270,-20.69094457,-19.74229433
2018,6,2018/6/20,43271,-19.74229433,-20.11487791
2018,6,2018/6/21,43272,-20.11487791,-18.77405101
2018,6,2018/6/22,43273,-18.77405101,-17.29404375
2018,6,2018/6/25,43276,-17.29404375,-15.66108042
2018,6,2018/6/26,43277,-15.66108042,-16.30935818
2018,6,2018/6/27,43278,-16.30935818,-15.79642204
2018,6,2018/6/28,43279,-15.79642204,-16.07632161
2018,6,2018/6/29,43280,-16.07632161,-16.0898789
2018,7,2018/7/2,43283,-16.0898789,-16.69305081
2018,7,2018/7/3,43284,-16.69305081,-16.81113709
2018,7,2018/7/5,43286,-16.81113709,-15.58667001
2018,7,2018/7/6,43287,-15.58667001,-15.56902579
2018,7,2018/7/9,43290,-15.56902579,-16.22016783
2018,7,2018/7/10,43291,-16.22016783,-11.96627266
2018,7,2018/7/11,43292,-11.96627266,-12.97367587
2018,7,2018/7/12,43293,-12.97367587,-13.58134261
2018,7,2018/7/13,43294,-13.58134261,-12.03084518
2018,7,2018/7/16,43297,-12.03084518,-11.83227976
2018,7,2018/7/17,43298,-11.83227976,-10.29038918
2018,7,2018/7/18,43299,-10.29038918,-10.58303471
2018,7,2018/7/19,43300,-10.58303471,-10.97698377
2018,7,2018/7/20,43301,-10.97698377,-10.65117979
2018,7,2018/7/23,43304,-10.65117979,-11.77486366
2018,7,2018/7/24,43305,-11.77486366,-11.09399634
2018,7,2018/7/25,43306,-11.09399634,-10.57131674
2018,7,2018/7/26,43307,-10.57131674,-10.07012382
2018,7,2018/7/27,43308,-10.07012382,-10.17530212
2018,7,2018/7/30,43311,-10.17530212,-9.918719653
2018,7,2018/7/31,43312,-9.918719653,-8.898904336
2018,8,2018/8/1,43313,-8.898904336,-10.14517011
2018,8,2018/8/2,43314,-10.14517011,-8.584991204
2018,8,2018/8/3,43315,-8.584991204,-7.083384427
2018,8,2018/8/6,43318,-7.083384427,-6.459511336
2018,8,2018/8/7,43319,-6.459511336,-7.701831297
2018,8,2018/8/8,43320,-7.701831297,-8.027023185
2018,8,2018/8/9,43321,-8.027023185,-9.161416082
2018,8,2018/8/10,43322,-9.161416082,-8.732629051
2018,8,2018/8/13,43325,-8.732629051,-9.012973642
2018,8,2018/8/14,43326,-9.012973642,-8.264372121
2018,8,2018/8/15,43327,-8.264372121,-7.964012665
2018,8,2018/8/16,43328,-7.964012665,-1.069780715
2018,8,2018/8/17,43329,-1.069780715,-1.261956432
2018,8,2018/8/20,43332,-1.261956432,-2.591021907
2018,8,2018/8/21,43333,-2.591021907,-2.927641558
2018,8,2018/8/22,43334,-2.927641558,-4.164987223
2018,8,2018/8/23,43335,-4.164987223,-4.742833791
2018,8,2018/8/24,43336,-4.742833791,-4.744875261
2018,8,2018/8/27,43339,-4.744875261,-4.861073529
2018,8,2018/8/28,43340,-4.861073529,-4.362977304
2018,8,2018/8/29,43341,-4.362977304,-4.275956586
2018,8,2018/8/30,43342,-4.275956586,-4.087037479
2018,8,2018/8/31,43343,-4.087037479,-4.530329679
2018,9,2018/9/4,43347,-4.530329679,-5.911059712
2018,9,2018/9/5,43348,-5.911059712,-3.736497491
2018,9,2018/9/6,43349,-3.736497491,-4.007905454
2018,9,2018/9/7,43350,-4.007905454,-5.18214944
2018,9,2018/9/10,43353,-5.18214944,-3.791494647
2018,9,2018/9/11,43354,-3.791494647,-4.285756241
2018,9,2018/9/12,43355,-4.285756241,-3.87406059
2018,9,2018/9/13,43356,-3.87406059,-3.815513251
2018,9,2018/9/14,43357,-3.815513251,-4.250739639
2018,9,2018/9/17,43360,-4.250739639,-3.338729649
2018,9,2018/9/18,43361,-3.338729649,-3.717763648
2018,9,2018/9/19,43362,-3.717763648,-3.934764295
2018,9,2018/9/20,43363,-3.934764295,-2.119777792
2018,9,2018/9/21,43364,-2.119777792,-1.897719109
2018,9,2018/9/24,43367,-1.897719109,-4.635432206
2018,9,2018/9/25,43368,-4.635432206,-5.333543849
2018,9,2018/9/26,43369,-5.333543849,-5.786876175
2018,9,2018/9/27,43370,-5.786876175,-6.503474867
2018,9,2018/9/28,43371,-6.503474867,-6.101949567
2018,10,2018/10/1,43374,-6.101949567,-5.809591487
2018,10,2018/10/2,43375,-5.809591487,-5.73525236
2018,10,2018/10/3,43376,-5.73525236,-7.810401437
2018,10,2018/10/4,43377,-7.810401437,-8.736055699
2018,10,2018/10/5,43378,-8.736055699,-9.26917477
2018,10,2018/10/8,43381,-9.26917477,-7.38788415
2018,10,2018/10/9,43382,-7.38788415,-5.908839651
2018,10,2018/10/10,43383,-5.908839651,-7.652529724
2018,10,2018/10/11,43384,-7.652529724,-11.45575604
2018,10,2018/10/12,43385,-11.45575604,-10.64159224
2018,10,2018/10/15,43388,-10.64159224,-10.53753077
2018,10,2018/10/16,43389,-10.53753077,-7.860263875
2018,10,2018/10/17,43390,-7.860263875,-6.431471801
2018,10,2018/10/18,43391,-6.431471801,-7.803503032
2018,10,2018/10/19,43392,-7.803503032,-2.052159017
2018,10,2018/10/22,43395,-2.052159017,-2.876948769
2018,10,2018/10/23,43396,-2.876948769,-1.7531056
2018,10,2018/10/24,43397,-1.7531056,0.641829178
2018,10,2018/10/25,43398,0.641829178,1.416946946
2018,10,2018/10/26,43399,1.416946946,-0.489178367
2018,10,2018/10/29,43402,-0.489178367,1.422930336
2018,10,2018/10/30,43403,1.422930336,4.254551593
2018,10,2018/10/31,43404,4.254551593,1.933288691
2018,11,2018/11/1,43405,1.933288691,2.35607237
2018,11,2018/11/2,43406,2.35607237,2.880881314
2018,11,2018/11/5,43409,2.880881314,6.200622575
2018,11,2018/11/6,43410,6.200622575,7.061460462
2018,11,2018/11/7,43411,7.061460462,7.813816669
2018,11,2018/11/8,43412,7.813816669,8.425353592
2018,11,2018/11/9,43413,8.425353592,10.13264481
2018,11,2018/11/12,43416,10.13264481,8.943228814
2018,11,2018/11/13,43417,8.943228814,8.815234791
2018,11,2018/11/14,43418,8.815234791,7.641710544
2018,11,2018/11/15,43419,7.641710544,6.537406261
2018,11,2018/11/16,43420,6.537406261,5.983302953
2018,11,2018/11/19,43423,5.983302953,5.384004081
2018,11,2018/11/20,43424,5.384004081,1.503063884
2018,11,2018/11/21,43425,1.503063884,0.739410619
2018,11,2018/11/23,43427,0.739410619,1.535317497
2018,11,2018/11/26,43430,1.535317497,1.973047967
2018,11,2018/11/27,43431,1.973047967,2.642633383
2018,11,2018/11/28,43432,2.642633383,5.383620437
2018,11,2018/11/29,43433,5.383620437,4.981953973
2018,11,2018/11/30,43434,4.981953973,7.918030507
2018,12,2018/12/3,43437,7.918030507,6.71746818
2018,12,2018/12/4,43438,6.71746818,4.1837965
2018,12,2018/12/6,43440,4.1837965,3.173714551
2018,12,2018/12/7,43441,3.173714551,1.002581625
2018,12,2018/12/10,43444,1.002581625,2.017972813
2018,12,2018/12/11,43445,2.017972813,2.960142984
2018,12,2018/12/12,43446,2.960142984,2.362927694
2018,12,2018/12/13,43447,2.362927694,4.258711131
2018,12,2018/12/14,43448,4.258711131,1.674804051
2018,12,2018/12/17,43451,1.674804051,-1.823102424
2018,12,2018/12/18,43452,-1.823102424,-2.214610421
2018,12,2018/12/19,43453,-2.214610421,-3.810159825
2018,12,2018/12/20,43454,-3.810159825,-6.44918269
2018,12,2018/12/21,43455,-6.44918269,-6.894524045
2018,12,2018/12/24,43458,-6.894524045,-11.46342365
2018,12,2018/12/26,43460,-11.46342365,-5.689998278
2018,12,2018/12/27,43461,-5.689998278,-3.260578362
2018,12,2018/12/28,43462,-3.260578362,-2.996816433
2018,12,2018/12/31,43465,-2.996816433,-1.814473862
2019,1,2019/1/2,43467,-1.814473862,-1.996593405
2019,1,2019/1/3,43468,-1.996593405,-3.156867513
2019,1,2019/1/4,43469,-3.156867513,-0.658364346
2019,1,2019/1/7,43472,-0.658364346,-0.592933788
2019,1,2019/1/8,43473,-0.592933788,0.559787589
2019,1,2019/1/9,43474,0.559787589,-1.935195612
2019,1,2019/1/10,43475,-1.935195612,-1.424458349
2019,1,2019/1/11,43476,-1.424458349,-1.133983198
2019,1,2019/1/14,43479,-1.133983198,-1.791673601
2019,1,2019/1/15,43480,-1.791673601,0.347016773
2019,1,2019/1/16,43481,0.347016773,-0.296774846
2019,1,2019/1/17,43482,-0.296774846,-0.04821741
2019,1,2019/1/18,43483,-0.04821741,1.494263704
2019,1,2019/1/22,43487,1.494263704,0.719933065
2019,1,2019/1/23,43488,0.719933065,4.450780392
2019,1,2019/1/24,43489,4.450780392,3.313778839
2019,1,2019/1/25,43490,3.313778839,1.84953596
2019,1,2019/1/28,43493,1.84953596,1.636156821
2019,1,2019/1/29,43494,1.636156821,1.510993972
2019,1,2019/1/30,43495,1.510993972,1.594620131
2019,1,2019/1/31,43496,1.594620131,4.225809384
2019,2,2019/2/1,43497,4.225809384,2.860914636
2019,2,2019/2/4,43500,2.860914636,4.246086865
2019,2,2019/2/5,43501,4.246086865,4.398826729
2019,2,2019/2/6,43502,4.398826729,4.761856816
2019,2,2019/2/7,43503,4.761856816,5.100237309
2019,2,2019/2/8,43504,5.100237309,4.615390669
2019,2,2019/2/11,43507,4.615390669,5.345346191
2019,2,2019/2/12,43508,5.345346191,6.789052081
2019,2,2019/2/13,43509,6.789052081,7.596425174
2019,2,2019/2/14,43510,7.596425174,6.437080209
2019,2,2019/2/15,43511,6.437080209,8.845225473
2019,2,2019/2/19,43515,8.845225473,11.17111518
2019,2,2019/2/20,43516,11.17111518,9.172220763
2019,2,2019/2/21,43517,9.172220763,9.318786803
2019,2,2019/2/22,43518,9.318786803,9.915051072
2019,2,2019/2/25,43521,9.915051072,8.898842016
2019,2,2019/2/26,43522,8.898842016,8.686156598
2019,2,2019/2/27,43523,8.686156598,7.539073158
2019,2,2019/2/28,43524,7.539073158,8.096404973
2019,3,2019/3/1,43525,8.096404973,7.357229369
2019,3,2019/3/4,43528,7.357229369,7.570395323
2019,3,2019/3/5,43529,7.570395323,7.963441222
2019,3,2019/3/6,43530,7.963441222,8.073756615
2019,3,2019/3/7,43531,8.073756615,7.046271696
2019,3,2019/3/8,43532,7.046271696,6.640087885
2019,3,2019/3/11,43535,6.640087885,8.640016863
2019,3,2019/3/12,43536,8.640016863,8.807604764
2019,3,2019/3/13,43537,8.807604764,9.919126004
2019,3,2019/3/14,43538,9.919126004,8.923196829
2019,3,2019/3/15,43539,8.923196829,9.717829991
2019,3,2019/3/18,43542,9.717829991,10.74524465
2019,3,2019/3/19,43543,10.74524465,11.46493693
2019,3,2019/3/20,43544,11.46493693,10.63297522
2019,3,2019/3/21,43545,10.63297522,11.83518443
2019,3,2019/3/22,43546,11.83518443,11.4311601
2019,3,2019/3/25,43549,11.4311601,11.59234272
2019,3,2019/3/26,43550,11.59234272,12.86382157
2019,3,2019/3/27,43551,12.86382157,11.97884741
2019,3,2019/3/28,43552,11.97884741,12.26647905
2019,3,2019/3/29,43553,12.26647905,13.15836063
2019,4,2019/4/1,43556,13.15836063,12.99535723
2019,4,2019/4/2,43557,12.99535723,12.30240292
2019,4,2019/4/3,43558,12.30240292,12.34521028
2019,4,2019/4/4,43559,12.34521028,12.82030647
2019,4,2019/4/5,43560,12.82030647,13.49973909
2019,4,2019/4/8,43563,13.49973909,14.6907524
2019,4,2019/4/9,43564,14.6907524,14.23326342
2019,4,2019/4/10,43565,14.23326342,14.78968563
2019,4,2019/4/11,43566,14.78968563,15.51363329
2019,4,2019/4/12,43567,15.51363329,16.45226785
2019,4,2019/4/15,43570,16.45226785,18.0692551
2019,4,2019/4/16,43571,18.0692551,18.25608307
2019,4,2019/4/17,43572,18.25608307,20.10983298
2019,4,2019/4/18,43573,20.10983298,20.29260068
2019,4,2019/4/22,43577,20.29260068,19.42808183
2019,4,2019/4/23,43578,19.42808183,18.66463223
2019,4,2019/4/24,43579,18.66463223,19.17980537
2019,4,2019/4/25,43580,19.17980537,18.5857405
2019,4,2019/4/26,43581,18.5857405,18.84582137
2019,4,2019/4/29,43584,18.84582137,18.39877035
2019,4,2019/4/30,43585,18.39877035,20.88839159
2019,5,2019/5/1,43586,20.88839159,18.12938736
2019,5,2019/5/2,43587,18.12938736,18.14335024
2019,5,2019/5/3,43588,18.14335024,19.46987316
2019,5,2019/5/6,43591,19.46987316,19.30393198
2019,5,2019/5/7,43592,19.30393198,17.35144553
2019,5,2019/5/8,43593,17.35144553,16.87855472
2019,5,2019/5/9,43594,16.87855472,15.85504706
2019,5,2019/5/10,43595,15.85504706,19.40335336
2019,5,2019/5/13,43598,19.40335336,17.69897788
2019,5,2019/5/14,43599,17.69897788,17.86125598
2019,5,2019/5/15,43600,17.86125598,19.09184215
2019,5,2019/5/16,43601,19.09184215,21.30443632
2019,5,2019/5/17,43602,21.30443632,20.68671029
2019,5,2019/5/20,43605,20.68671029,20.80750676
2019,5,2019/5/21,43606,20.80750676,19.55997102
2019,5,2019/5/22,43607,19.55997102,21.06905629
2019,5,2019/5/23,43608,21.06905629,20.81758598
2019,5,2019/5/24,43609,20.81758598,21.10251907
2019,5,2019/5/28,43613,21.10251907,18.81115963
2019,5,2019/5/29,43614,18.81115963,18.63347851
2019,5,2019/5/30,43615,18.63347851,19.58409939
2019,5,2019/5/31,43616,19.58409939,17.42944348
2019,6,2019/6/3,43619,17.42944348,19.22376302
2019,6,2019/6/4,43620,19.22376302,20.17135725
2019,6,2019/6/5,43621,20.17135725,23.68364067
2019,6,2019/6/6,43622,23.68364067,24.84338452
2019,6,2019/6/7,43623,24.84338452,26.92901774
2019,6,2019/6/10,43626,26.92901774,27.93748448
2019,6,2019/6/11,43627,27.93748448,28.42344488
2019,6,2019/6/12,43628,28.42344488,29.201482
2019,6,2019/6/13,43629,29.201482,29.63848983
2019,6,2019/6/14,43630,29.63848983,30.01803425
2019,6,2019/6/17,43633,30.01803425,29.82266981
2019,6,2019/6/18,43634,29.82266981,29.14908062
2019,6,2019/6/19,43635,29.14908062,29.98423017
2019,6,2019/6/20,43636,29.98423017,31.83083598
2019,6,2019/6/21,43637,31.83083598,31.98083318
2019,6,2019/6/24,43640,31.98083318,32.81177184
2019,6,2019/6/25,43641,32.81177184,31.95264338
2019,6,2019/6/26,43642,31.95264338,29.73484426
2019,6,2019/6/27,43643,29.73484426,29.44621565
2019,6,2019/6/28,43644,29.44621565,29.38036579
2019,7,2019/7/1,43647,29.38036579,30.31890959
2019,7,2019/7/2,43648,30.31890959,31.82971575
2019,7,2019/7/3,43649,31.82971575,34.47502784
2019,7,2019/7/5,43651,34.47502784,33.30066231
2019,7,2019/7/8,43654,33.30066231,34.10397379
2019,7,2019/7/9,43655,34.10397379,33.1715411
2019,7,2019/7/10,43656,33.1715411,34.89000741
2019,7,2019/7/11,43657,34.89000741,35.88560894
2019,7,2019/7/12,43658,35.88560894,36.24184995
2019,7,2019/7/15,43661,36.24184995,37.15411951
2019,7,2019/7/16,43662,37.15411951,37.08565085
2019,7,2019/7/17,43663,37.08565085,36.56930796
2019,7,2019/7/18,43664,36.56930796,36.39573028
2019,7,2019/7/19,43665,36.39573028,34.32098987
2019,7,2019/7/22,43668,34.32098987,33.81078551
2019,7,2019/7/23,43669,33.81078551,33.02899913
2019,7,2019/7/24,43670,33.02899913,31.54252358
2019,7,2019/7/25,43671,31.54252358,31.61692812
2019,7,2019/7/26,43672,31.61692812,34.35051125
2019,7,2019/7/29,43675,34.35051125,34.66969165
2019,7,2019/7/30,43676,34.66969165,36.53480041
2019,7,2019/7/31,43677,36.53480041,32.78023693
2019,8,2019/8/1,43678,32.78023693,31.59272692
2019,8,2019/8/2,43679,31.59272692,31.81136097
2019,8,2019/8/5,43682,31.81136097,25.87846124
2019,8,2019/8/6,43683,25.87846124,28.49705765
2019,8,2019/8/7,43684,28.49705765,30.50427288
2019,8,2019/8/8,43685,30.50427288,32.59078083
2019,8,2019/8/9,43686,32.59078083,30.96710147
2019,8,2019/8/12,43689,30.96710147,29.00536246
2019,8,2019/8/13,43690,29.00536246,31.90324477
2019,8,2019/8/14,43691,31.90324477,29.84812124
2019,8,2019/8/15,43692,29.84812124,35.96819063
2019,8,2019/8/16,43693,35.96819063,37.69070372
2019,8,2019/8/19,43696,37.69070372,39.22870814
2019,8,2019/8/20,43697,39.22870814,36.96258849
2019,8,2019/8/21,43698,36.96258849,37.25606423
2019,8,2019/8/22,43699,37.25606423,37.48541303
2019,8,2019/8/23,43700,37.48541303,34.45056643
2019,8,2019/8/26,43703,34.45056643,37.95451685
2019,8,2019/8/27,43704,37.95451685,39.40190223
2019,8,2019/8/28,43705,39.40190223,40.31438593
2019,8,2019/8/29,43706,40.31438593,41.47003418
2019,8,2019/8/30,43707,41.47003418,41.36142303
2019,9,2019/9/3,43711,41.36142303,42.62123976
2019,9,2019/9/4,43712,42.62123976,45.31255128
2019,9,2019/9/5,43713,45.31255128,43.30061916
2019,9,2019/9/6,43714,43.30061916,43.48902111
2019,9,2019/9/9,43717,43.48902111,43.69112327
2019,9,2019/9/10,43718,43.69112327,41.96097401
2019,9,2019/9/11,43719,41.96097401,42.98107815
2019,9,2019/9/12,43720,42.98107815,44.8804111
2019,9,2019/9/13,43721,44.8804111,44.40303007
2019,9,2019/9/16,43724,44.40303007,41.08967953
2019,9,2019/9/17,43725,41.08967953,42.91158031
2019,9,2019/9/18,43726,42.91158031,43.40929175
2019,9,2019/9/19,43727,43.40929175,43.67468278
2019,9,2019/9/20,43728,43.67468278,43.37987243
2019,9,2019/9/23,43731,43.37987243,44.709889
2019,9,2019/9/24,43732,44.709889,45.44558366
2019,9,2019/9/25,43733,45.44558366,45.02972348
2019,9,2019/9/26,43734,45.02972348,45.93753452
2019,9,2019/9/27,43735,45.93753452,46.1263811
2019,9,2019/9/30,43738,46.1263811,46.83679585
2019,10,2019/10/1,43739,46.83679585,45.74377657
2019,10,2019/10/2,43740,45.74377657,41.3495483
2019,10,2019/10/3,43741,41.3495483,43.65426652
2019,10,2019/10/4,43742,43.65426652,47.28256798
2019,10,2019/10/7,43745,47.28256798,45.08361519
2019,10,2019/10/8,43746,45.08361519,43.73840864
2019,10,2019/10/9,43747,43.73840864,45.54319394
2019,10,2019/10/10,43748,45.54319394,45.98372585
2019,10,2019/10/11,43749,45.98372585,45.78709735
2019,10,2019/10/14,43752,45.78709735,44.3872924
2019,10,2019/10/15,43753,44.3872924,42.56368005
2019,10,2019/10/16,43754,42.56368005,42.71155067
2019,10,2019/10/17,43755,42.71155067,42.7553851
2019,10,2019/10/18,43756,42.7553851,42.55307701
2019,10,2019/10/21,43759,42.55307701,43.75627519
2019,10,2019/10/22,43760,43.75627519,45.58918829
2019,10,2019/10/23,43761,45.58918829,46.32138869
2019,10,2019/10/24,43762,46.32138869,47.34792413
2019,10,2019/10/25,43763,47.34792413,45.80524647
2019,10,2019/10/28,43766,45.80524647,46.0083454
2019,10,2019/10/29,43767,46.0083454,44.43413116
2019,10,2019/10/30,43768,44.43413116,46.25043763
2019,10,2019/10/31,43769,46.25043763,45.60356341
2019,11,2019/11/1,43770,45.60356341,45.39541635
2019,11,2019/11/4,43773,45.39541635,41.80531102
2019,11,2019/11/5,43774,41.80531102,42.01636581
2019,11,2019/11/6,43775,42.01636581,43.48180579
2019,11,2019/11/7,43776,43.48180579,43.04689148
2019,11,2019/11/8,43777,43.04689148,42.46207473
2019,11,2019/11/11,43780,42.46207473,41.6209155
2019,11,2019/11/12,43781,41.6209155,41.45083356
2019,11,2019/11/13,43782,41.45083356,44.14073143
2019,11,2019/11/14,43783,44.14073143,43.87179348
2019,11,2019/11/15,43784,43.87179348,42.89021702
2019,11,2019/11/18,43787,42.89021702,44.74165076
2019,11,2019/11/19,43788,44.74165076,44.45567935
2019,11,2019/11/20,43789,44.45567935,44.0854537
2019,11,2019/11/21,43790,44.0854537,43.52780683
2019,11,2019/11/22,43791,43.52780683,43.23472305
2019,11,2019/11/25,43794,43.23472305,42.97567322
2019,11,2019/11/26,43795,42.97567322,45.02806093
2019,11,2019/11/27,43796,45.02806093,44.54803797
2019,11,2019/11/29,43798,44.54803797,44.84865902
2019,12,2019/12/2,43801,44.84865902,45.12103768
2019,12,2019/12/3,43802,45.12103768,44.65878891
2019,12,2019/12/4,43803,44.65878891,46.41094024
2019,12,2019/12/5,43804,46.41094024,46.0166338
2019,12,2019/12/6,43805,46.0166338,47.00316125
2019,12,2019/12/9,43808,47.00316125,46.97622438
2019,12,2019/12/10,43809,46.97622438,46.07102109
2019,12,2019/12/11,43810,46.07102109,46.57294907
2019,12,2019/12/12,43811,46.57294907,47.09614666
2019,12,2019/12/13,43812,47.09614666,48.32423001
2019,12,2019/12/16,43815,48.32423001,48.16643716
2019,12,2019/12/17,43816,48.16643716,48.14690979
2019,12,2019/12/18,43817,48.14690979,46.30168698
2019,12,2019/12/19,43818,46.30168698,47.22577014
2019,12,2019/12/20,43819,47.22577014,48.31312705
2019,12,2019/12/23,43822,48.31312705,46.8071932
2019,12,2019/12/24,43823,46.8071932,47.22930718
2019,12,2019/12/26,43825,47.22930718,47.18353936
2019,12,2019/12/27,43826,47.18353936,48.12480384
2019,12,2019/12/30,43829,48.12480384,46.75690206
2019,12,2019/12/31,43830,46.75690206,46.56568134
2020,1,2020/1/2,43832,46.56568134,45.41687507
2020,1,2020/1/3,43833,45.41687507,44.11678673
2020,1,2020/1/6,43836,44.11678673,44.27088759
2020,1,2020/1/7,43837,44.27088759,42.12946745
2020,1,2020/1/8,43838,42.12946745,42.45825627
2020,1,2020/1/9,43839,42.45825627,44.18048014
2020,1,2020/1/10,43840,44.18048014,43.48762045
2020,1,2020/1/13,43843,43.48762045,44.58724859
2020,1,2020/1/14,43844,44.58724859,44.80863553
2020,1,2020/1/15,43845,44.80863553,46.00014358
2020,1,2020/1/16,43846,46.00014358,46.67534445
2020,1,2020/1/17,43847,46.67534445,46.94973918
2020,1,2020/1/21,43851,46.94973918,47.48276851
2020,1,2020/1/22,43852,47.48276851,48.65813549
2020,1,2020/1/23,43853,48.65813549,47.85493934
2020,1,2020/1/24,43854,47.85493934,46.62116041
2020,1,2020/1/27,43857,46.62116041,47.59554902
2020,1,2020/1/28,43858,47.59554902,48.37118239
2020,1,2020/1/29,43859,48.37118239,47.03257577
2020,1,2020/1/30,43860,47.03257577,49.1120958
2020,1,2020/1/31,43861,49.1120958,46.10388747
2020,2,2020/2/3,43864,46.10388747,46.30666303
2020,2,2020/2/4,43865,46.30666303,47.63429815
2020,2,2020/2/5,43866,47.63429815,49.80185666
2020,2,2020/2/6,43867,49.80185666,49.67491697
2020,2,2020/2/7,43868,49.67491697,49.64189021
2020,2,2020/2/10,43871,49.64189021,49.0590643
2020,2,2020/2/11,43872,49.0590643,48.19010858
2020,2,2020/2/12,43873,48.19010858,48.07691201
2020,2,2020/2/13,43874,48.07691201,50.20508732
2020,2,2020/2/14,43875,50.20508732,51.43971963
2020,2,2020/2/18,43879,51.43971963,51.26593611
2020,2,2020/2/19,43880,51.26593611,50.25218933
2020,2,2020/2/20,43881,50.25218933,50.73787903
2020,2,2020/2/21,43882,50.73787903,51.75522302
2020,2,2020/2/24,43885,51.75522302,46.74792597
2020,2,2020/2/25,43886,46.74792597,43.6202872
2020,2,2020/2/26,43887,43.6202872,42.84205558
2020,2,2020/2/27,43888,42.84205558,34.06551633
2020,2,2020/2/28,43889,34.06551633,30.02892566
2020,3,2020/3/2,43892,30.02892566,42.3263823
2020,3,2020/3/3,43893,42.3263823,38.66657665
2020,3,2020/3/4,43894,38.66657665,48.12236625
2020,3,2020/3/5,43895,48.12236625,43.83570021
2020,3,2020/3/6,43896,43.83570021,44.224571
2020,3,2020/3/9,43899,44.224571,37.5853188
2020,3,2020/3/10,43900,37.5853188,43.82739199
2020,3,2020/3/11,43901,43.82739199,33.05821183
2020,3,2020/3/12,43902,33.05821183,13.70578419
2020,3,2020/3/13,43903,13.70578419,32.83643704
2020,3,2020/3/16,43906,32.83643704,18.14130562
2020,3,2020/3/17,43907,18.14130562,38.69109197
2020,3,2020/3/18,43908,38.69109197,37.32815802
2020,3,2020/3/19,43909,37.32815802,29.58198087
2020,3,2020/3/20,43910,29.58198087,14.9335433
2020,3,2020/3/23,43913,14.9335433,12.93270385
2020,3,2020/3/24,43914,12.93270385,20.52802819
2020,3,2020/3/25,43915,20.52802819,15.01334006
2020,3,2020/3/26,43916,15.01334006,22.58364752
2020,3,2020/3/27,43917,22.58364752,23.92104817
2020,3,2020/3/30,43920,23.92104817,32.88047375
2020,3,2020/3/31,43921,32.88047375,26.58456581
2020,4,2020/4/1,43922,26.58456581,27.71471736
2020,4,2020/4/2,43923,27.71471736,36.3298991
2020,4,2020/4/3,43924,36.3298991,37.58228647
2020,4,2020/4/6,43927,37.58228647,46.76357395
2020,4,2020/4/7,43928,46.76357395,40.82110626
2020,4,2020/4/8,43929,40.82110626,43.09462736
2020,4,2020/4/9,43930,43.09462736,43.38645469
2020,4,2020/4/13,43934,43.38645469,45.09925792
2020,4,2020/4/14,43935,45.09925792,53.90777828
2020,4,2020/4/15,43936,53.90777828,52.2960647
2020,4,2020/4/16,43937,52.2960647,55.09945737
2020,4,2020/4/17,43938,55.09945737,57.6848805
2020,4,2020/4/20,43941,57.6848805,52.36620326
2020,4,2020/4/21,43942,52.36620326,49.7289051
2020,4,2020/4/22,43943,49.7289051,51.95256065
2020,4,2020/4/23,43944,51.95256065,48.77975116
2020,4,2020/4/24,43945,48.77975116,50.85730747
2020,4,2020/4/27,43948,50.85730747,49.51732224
2020,4,2020/4/28,43949,49.51732224,49.79364756
2020,4,2020/4/29,43950,49.79364756,45.66188423
2020,4,2020/4/30,43951,45.66188423,44.11365676
2020,5,2020/5/1,43952,44.11365676,43.16842615
2020,5,2020/5/4,43955,43.16842615,43.39441059
2020,5,2020/5/5,43956,43.39441059,44.58471166
2020,5,2020/5/6,43957,44.58471166,41.5108762
2020,5,2020/5/7,43958,41.5108762,40.33857236
2020,5,2020/5/8,43959,40.33857236,44.50905704
2020,5,2020/5/11,43962,44.50905704,44.64894662
2020,5,2020/5/12,43963,44.64894662,43.59610236
2020,5,2020/5/13,43964,43.59610236,43.10574134
2020,5,2020/5/14,43965,43.10574134,42.87131041
2020,5,2020/5/15,43966,42.87131041,46.23315237
2020,5,2020/5/18,43969,46.23315237,48.31118831
2020,5,2020/5/19,43970,48.31118831,42.65152815
2020,5,2020/5/20,43971,42.65152815,43.41107857
2020,5,2020/5/21,43972,43.41107857,41.62890034
2020,5,2020/5/22,43973,41.62890034,41.83286313
2020,5,2020/5/26,43977,41.83286313,40.9903293
2020,5,2020/5/27,43978,40.9903293,41.62471343
2020,5,2020/5/28,43979,41.62471343,44.35331692
2020,5,2020/5/29,43980,44.35331692,44.16346836
2020,6,2020/6/1,43983,44.16346836,45.01436752
2020,6,2020/6/2,43984,45.01436752,45.29319179
2020,6,2020/6/3,43985,45.29319179,45.42801216
2020,6,2020/6/4,43986,45.42801216,42.13122536
2020,6,2020/6/5,43987,42.13122536,43.97613477
2020,6,2020/6/8,43990,43.97613477,44.14749248
2020,6,2020/6/9,43991,44.14749248,44.05708674
2020,6,2020/6/10,43992,44.05708674,44.88875374
2020,6,2020/6/11,43993,44.88875374,39.43572216
2020,6,2020/6/12,43994,39.43572216,37.97621958
2020,6,2020/6/15,43997,37.97621958,39.52646218
2020,6,2020/6/16,43998,39.52646218,41.97556336
2020,6,2020/6/17,43999,41.97556336,41.45747098
2020,6,2020/6/18,44000,41.45747098,41.99382812
2020,6,2020/6/19,44001,41.99382812,42.30881722
2020,6,2020/6/22,44004,42.30881722,42.7681499
2020,6,2020/6/23,44005,42.7681499,42.46312198
2020,6,2020/6/24,44006,42.46312198,40.31436136
2020,6,2020/6/25,44007,40.31436136,41.56942015
2020,6,2020/6/26,44008,41.56942015,37.90172855
2020,6,2020/6/29,44011,37.90172855,1.639169961
2020,6,2020/6/30,44012,1.639169961,1.639169961
2020,7,2020/7/1,44013,1.639169961,43.7165697
2020,7,2020/7/2,44014,43.7165697,44.11477738
2020,7,2020/7/6,44018,44.11477738,44.55173096
2020,7,2020/7/7,44019,44.55173096,50.50258029
2020,7,2020/7/8,44020,50.50258029,49.4320796
2020,7,2020/7/9,44021,49.4320796,50.68399717
2020,7,2020/7/10,44022,50.68399717,54.36965566
2020,7,2020/7/13,44025,54.36965566,53.87276165
2020,7,2020/7/14,44026,53.87276165,56.49042321
2020,7,2020/7/15,44027,56.49042321,55.41907136
2020,7,2020/7/16,44028,55.41907136,55.75724945
2020,7,2020/7/17,44029,55.75724945,56.34331688
2020,7,2020/7/20,44032,56.34331688,55.19470087
2020,7,2020/7/21,44033,55.19470087,56.37200042
2020,7,2020/7/22,44034,56.37200042,58.02140834
2020,7,2020/7/23,44035,58.02140834,57.77576752
2020,7,2020/7/24,44036,57.77576752,56.9728054
2020,7,2020/7/27,44039,56.9728054,57.84851476
2020,7,2020/7/28,44040,57.84851476,58.94747699
2020,7,2020/7/29,44041,58.94747699,58.67942063
2020,7,2020/7/30,44042,58.67942063,59.90723475
2020,7,2020/7/31,44043,59.90723475,59.18447326
2020,8,2020/8/3,44046,59.18447326,58.79469162
2020,8,2020/8/4,44047,58.79469162,62.17843693
2020,8,2020/8/5,44048,62.17843693,60.26283689
2020,8,2020/8/6,44049,60.26283689,59.39658943
2020,8,2020/8/7,44050,59.39658943,60.70830572
2020,8,2020/8/10,44053,60.70830572,61.98679691
2020,8,2020/8/11,44054,61.98679691,60.00044802
2020,8,2020/8/12,44055,60.00044802,63.6231174
2020,8,2020/8/13,44056,63.6231174,63.90040424
2020,8,2020/8/14,44057,63.90040424,63.80333534
2020,8,2020/8/17,44060,63.80333534,66.20680562
2020,8,2020/8/18,44061,66.20680562,66.27412982
2020,8,2020/8/19,44062,66.27412982,63.45639371
2020,8,2020/8/20,44063,63.45639371,62.92412204
2020,8,2020/8/21,44064,62.92412204,63.86141902
2020,8,2020/8/24,44067,63.86141902,64.84426481
2020,8,2020/8/25,44068,64.84426481,64.52382671
2020,8,2020/8/26,44069,64.52382671,64.72469747
2020,8,2020/8/27,44070,64.72469747,68.64953582
2020,8,2020/8/28,44071,68.64953582,72.30898585
2020,8,2020/8/31,44074,72.30898585,71.08963401
2020,9,2020/9/1,44075,71.08963401,76.03618466
2020,9,2020/9/2,44076,76.03618466,79.40514506
2020,9,2020/9/3,44077,79.40514506,74.2238397
2020,9,2020/9/4,44078,74.2238397,72.68460276
2020,9,2020/9/8,44082,72.68460276,67.03615379
2020,9,2020/9/9,44083,67.03615379,69.98104441
2020,9,2020/9/10,44084,69.98104441,66.02559958
2020,9,2020/9/11,44085,66.02559958,67.33120521
2020,9,2020/9/14,44088,67.33120521,68.36400445
2020,9,2020/9/15,44089,68.36400445,67.97558566
2020,9,2020/9/16,44090,67.97558566,66.3952527
2020,9,2020/9/17,44091,66.3952527,65.79393065
2020,9,2020/9/18,44092,65.79393065,63.99673809
2020,9,2020/9/21,44095,63.99673809,64.59282889
2020,9,2020/9/22,44096,64.59282889,66.59945785
2020,9,2020/9/23,44097,66.59945785,63.43064043
2020,9,2020/9/24,44098,63.43064043,64.56304584
2020,9,2020/9/25,44099,64.56304584,66.19887233
2020,9,2020/9/28,44102,66.19887233,68.37139195
2020,9,2020/9/29,44103,68.37139195,67.48456918
2020,9,2020/9/30,44104,67.48456918,71.02240219
2020,10,2020/10/1,44105,71.02240219,74.06599915
2020,10,2020/10/2,44106,74.06599915,70.5103255
2020,10,2020/10/5,44109,70.5103255,72.06129455
2020,10,2020/10/6,44110,72.06129455,70.37770292
2020,10,2020/10/7,44111,70.37770292,71.80266287
2020,10,2020/10/8,44112,71.80266287,73.11972277
2020,10,2020/10/9,44113,73.11972277,75.09876311
2020,10,2020/10/12,44116,75.09876311,78.61000625
2020,10,2020/10/13,44117,78.61000625,80.3172931
2020,10,2020/10/14,44118,80.3172931,78.20714641
2020,10,2020/10/15,44119,78.20714641,78.00748102
2020,10,2020/10/16,44120,78.00748102,78.58027537
2020,10,2020/10/19,44123,78.58027537,75.04994858
2020,10,2020/10/20,44124,75.04994858,76.10174562
2020,10,2020/10/21,44125,76.10174562,76.80237147
2020,10,2020/10/22,44126,76.80237147,75.2846303
2020,10,2020/10/23,44127,75.2846303,75.9757532
2020,10,2020/10/26,44130,75.9757532,73.48727915
2020,10,2020/10/27,44131,73.48727915,75.03841834
2020,10,2020/10/28,44132,75.03841834,68.10790015
2020,10,2020/10/29,44133,68.10790015,67.90405657
2020,10,2020/10/30,44134,67.90405657,66.54235961
2020,11,2020/11/2,44137,66.54235961,69.70650507
2020,11,2020/11/3,44138,69.70650507,69.70650507
2020,11,2020/11/4,44139,69.70650507,73.2079379
2020,11,2020/11/5,44140,73.2079379,75.33275274
2020,11,2020/11/6,44141,75.33275274,77.52655087
2020,11,2020/11/9,44144,77.52655087,73.41327298
2020,11,2020/11/10,44145,73.41327298,77.63684547
2020,11,2020/11/11,44146,77.63684547,81.20767985
2020,11,2020/11/12,44147,81.20767985,81.33589208
2020,11,2020/11/13,44148,81.33589208,84.53873623
2020,11,2020/11/16,44151,84.53873623,85.28733206
2020,11,2020/11/17,44152,85.28733206,82.63793531
2020,11,2020/11/18,44153,82.63793531,80.29791715
2020,11,2020/11/19,44154,80.29791715,82.30135427
2020,11,2020/11/20,44155,82.30135427,80.88101327
2020,11,2020/11/23,44158,80.88101327,80.87587568
2020,11,2020/11/24,44159,80.87587568,81.40927194
2020,11,2020/11/25,44160,81.40927194,81.96372726
2020,11,2020/11/26,44161,81.96372726,
2020,11,2020/11/27,44162,,
2020,11,2020/11/28,44163,,
2020,11,2020/11/29,44164,,
2020,11,2020/11/30,44165,,
2020,12,2020/12/1,44166,,
2020,12,2020/12/2,44167,,
2020,12,2020/12/3,44168,,
2020,12,2020/12/4,44169,,
2020,12,2020/12/5,44170,,
2020,12,2020/12/6,44171,,
2020,12,2020/12/7,44172,,
2020,12,2020/12/8,44173,,
2020,12,2020/12/9,44174,,
2020,12,2020/12/10,44175,,
2020,12,2020/12/11,44176,,
2020,12,2020/12/12,44177,,
2020,12,2020/12/13,44178,,
2020,12,2020/12/14,44179,,
2020,12,2020/12/15,44180,,
2020,12,2020/12/16,44181,,
2020,12,2020/12/17,44182,,s
2020,12,2020/12/18,44183,,
2020,12,2020/12/19,44184,,
2020,12,2020/12/20,44185,,
2020,12,2020/12/21,44186,,
2020,12,2020/12/22,44187,,
2020,12,2020/12/23,44188,,
2020,12,2020/12/24,44189,,
2020,12,2020/12/25,44190,,
2020,12,2020/12/26,44191,,
2020,12,2020/12/27,44192,,
2020,12,2020/12/28,44193,,
2020,12,2020/12/29,44194,,
2020,12,2020/12/30,44195,,
2020,12,2020/12/31,44196,,
2021,1,2021/1/1,44197,,
2021,1,2021/1/2,44198,,
2021,1,2021/1/3,44199,,
2021,1,2021/1/4,44200,,
2021,1,2021/1/5,44201,,
2021,1,2021/1/6,44202,,
2021,1,2021/1/7,44203,,
2021,1,2021/1/8,44204,,
2021,1,2021/1/9,44205,,
2021,1,2021/1/10,44206,,
2021,1,2021/1/11,44207,,
2021,1,2021/1/12,44208,,
2021,1,2021/1/13,44209,,
2021,1,2021/1/14,44210,,
2021,1,2021/1/15,44211,,
2021,1,2021/1/16,44212,,
2021,1,2021/1/17,44213,,
2021,1,2021/1/18,44214,,
2021,1,2021/1/19,44215,,
2021,1,2021/1/20,44216,,
2021,1,2021/1/21,44217,,
2021,1,2021/1/22,44218,,
2021,1,2021/1/23,44219,,
2021,1,2021/1/24,44220,,
2021,1,2021/1/25,44221,,
2021,1,2021/1/26,44222,,
2021,1,2021/1/27,44223,,
2021,1,2021/1/28,44224,,
2021,1,2021/1/29,44225,,
2021,1,2021/1/30,44226,,
2021,1,2021/1/31,44227,,
2021,2,2021/2/1,44228,,
2021,2,2021/2/2,44229,,
2021,2,2021/2/3,44230,,
2021,2,2021/2/4,44231,,
2021,2,2021/2/5,44232,,
2021,2,2021/2/6,44233,,
2021,2,2021/2/7,44234,,
2021,2,2021/2/8,44235,,
2021,2,2021/2/9,44236,,
2021,2,2021/2/10,44237,,
2021,2,2021/2/11,44238,,
2021,2,2021/2/12,44239,,
2021,2,2021/2/13,44240,,
2021,2,2021/2/14,44241,,
2021,2,2021/2/15,44242,,
2021,2,2021/2/16,44243,,
2021,2,2021/2/17,44244,,
2021,2,2021/2/18,44245,,
2021,2,2021/2/19,44246,,
2021,2,2021/2/20,44247,,
2021,2,2021/2/21,44248,,
2021,2,2021/2/22,44249,,
2021,2,2021/2/23,44250,,
2021,2,2021/2/24,44251,,
2021,2,2021/2/25,44252,,
2021,2,2021/2/26,44253,,
2021,2,2021/2/27,44254,,
2021,2,2021/2/28,44255,,
2021,3,2021/3/1,44256,,
2021,3,2021/3/2,44257,,
2021,3,2021/3/3,44258,,
2021,3,2021/3/4,44259,,
2021,3,2021/3/5,44260,,
2021,3,2021/3/6,44261,,
2021,3,2021/3/7,44262,,
2021,3,2021/3/8,44263,,
2021,3,2021/3/9,44264,,
2021,3,2021/3/10,44265,,
2021,3,2021/3/11,44266,,
2021,3,2021/3/12,44267,,
2021,3,2021/3/13,44268,,
2021,3,2021/3/14,44269,,
2021,3,2021/3/15,44270,,
2021,3,2021/3/16,44271,,
2021,3,2021/3/17,44272,,
2021,3,2021/3/18,44273,,
2021,3,2021/3/19,44274,,
2021,3,2021/3/20,44275,,
2021,3,2021/3/21,44276,,
2021,3,2021/3/22,44277,,
2021,3,2021/3/23,44278,,
2021,3,2021/3/24,44279,,
2021,3,2021/3/25,44280,,
2021,3,2021/3/26,44281,,
2021,3,2021/3/27,44282,,
2021,3,2021/3/28,44283,,
2021,3,2021/3/29,44284,,
2021,3,2021/3/30,44285,,
2021,3,2021/3/31,44286,,
2021,4,2021/4/1,44287,,
2021,4,2021/4/2,44288,,
2021,4,2021/4/3,44289,,
2021,4,2021/4/4,44290,,
2021,4,2021/4/5,44291,,
2021,4,2021/4/6,44292,,
2021,4,2021/4/7,44293,,
2021,4,2021/4/8,44294,,
2021,4,2021/4/9,44295,,
2021,4,2021/4/10,44296,,
2021,4,2021/4/11,44297,,
2021,4,2021/4/12,44298,,
2021,4,2021/4/13,44299,,
2021,4,2021/4/14,44300,,
2021,4,2021/4/15,44301,,
2021,4,2021/4/16,44302,,
2021,4,2021/4/17,44303,,
2021,4,2021/4/18,44304,,
2021,4,2021/4/19,44305,,
2021,4,2021/4/20,44306,,
2021,4,2021/4/21,44307,,
2021,4,2021/4/22,44308,,
2021,4,2021/4/23,44309,,
2021,4,2021/4/24,44310,,
2021,4,2021/4/25,44311,,
2021,4,2021/4/26,44312,,
2021,4,2021/4/27,44313,,
2021,4,2021/4/28,44314,,
2021,4,2021/4/29,44315,,
2021,4,2021/4/30,44316,,
2021,5,2021/5/1,44317,,
2021,5,2021/5/2,44318,,
2021,5,2021/5/3,44319,,
2021,5,2021/5/4,44320,,
2021,5,2021/5/5,44321,,
2021,5,2021/5/6,44322,,
2021,5,2021/5/7,44323,,
2021,5,2021/5/8,44324,,
2021,5,2021/5/9,44325,,
2021,5,2021/5/10,44326,,
2021,5,2021/5/11,44327,,
2021,5,2021/5/12,44328,,
2021,5,2021/5/13,44329,,
2021,5,2021/5/14,44330,,
2021,5,2021/5/15,44331,,
2021,5,2021/5/16,44332,,
2021,5,2021/5/17,44333,,
2021,5,2021/5/18,44334,,
2021,5,2021/5/19,44335,,
2021,5,2021/5/20,44336,,
2021,5,2021/5/21,44337,,
2021,5,2021/5/22,44338,,
2021,5,2021/5/23,44339,,
2021,5,2021/5/24,44340,,
2021,5,2021/5/25,44341,,
2021,5,2021/5/26,44342,,
2021,5,2021/5/27,44343,,
2021,5,2021/5/28,44344,,
2021,5,2021/5/29,44345,,
2021,5,2021/5/30,44346,,
2021,5,2021/5/31,44347,,
2021,6,2021/6/1,44348,,
2021,6,2021/6/2,44349,,
2021,6,2021/6/3,44350,,
2021,6,2021/6/4,44351,,
2021,6,2021/6/5,44352,,
2021,6,2021/6/6,44353,,
2021,6,2021/6/7,44354,,
2021,6,2021/6/8,44355,,
2021,6,2021/6/9,44356,,
2021,6,2021/6/10,44357,,
2021,6,2021/6/11,44358,,
2021,6,2021/6/12,44359,,
2021,6,2021/6/13,44360,,
2021,6,2021/6/14,44361,,
2021,6,2021/6/15,44362,,
2021,6,2021/6/16,44363,,
2021,6,2021/6/17,44364,,
2021,6,2021/6/18,44365,,
2021,6,2021/6/19,44366,,
2021,6,2021/6/20,44367,,
2021,6,2021/6/21,44368,,
2021,6,2021/6/22,44369,,
2021,6,2021/6/23,44370,,
2021,6,2021/6/24,44371,,
2021,6,2021/6/25,44372,,
2021,6,2021/6/26,44373,,
2021,6,2021/6/27,44374,,
2021,6,2021/6/28,44375,,
2021,6,2021/6/29,44376,,
2021,6,2021/6/30,44377,,
2021,7,2021/7/1,44378,,
2021,7,2021/7/2,44379,,
2021,7,2021/7/3,44380,,
2021,7,2021/7/4,44381,,
2021,7,2021/7/5,44382,,
2021,7,2021/7/6,44383,,
2021,7,2021/7/7,44384,,
2021,7,2021/7/8,44385,,
2021,7,2021/7/9,44386,,
2021,7,2021/7/10,44387,,
2021,7,2021/7/11,44388,,
2021,7,2021/7/12,44389,,
2021,7,2021/7/13,44390,,
2021,7,2021/7/14,44391,,
2021,7,2021/7/15,44392,,
2021,7,2021/7/16,44393,,
2021,7,2021/7/17,44394,,
2021,7,2021/7/18,44395,,
2021,7,2021/7/19,44396,,
2021,7,2021/7/20,44397,,
2021,7,2021/7/21,44398,,
2021,7,2021/7/22,44399,,
2021,7,2021/7/23,44400,,
2021,7,2021/7/24,44401,,
2021,7,2021/7/25,44402,,
2021,7,2021/7/26,44403,,
2021,7,2021/7/27,44404,,
2021,7,2021/7/28,44405,,
2021,7,2021/7/29,44406,,
2021,7,2021/7/30,44407,,
2021,7,2021/7/31,44408,,
2021,8,2021/8/1,44409,,
2021,8,2021/8/2,44410,,
2021,8,2021/8/3,44411,,
2021,8,2021/8/4,44412,,
2021,8,2021/8/5,44413,,
2021,8,2021/8/6,44414,,
2021,8,2021/8/7,44415,,
2021,8,2021/8/8,44416,,
2021,8,2021/8/9,44417,,
2021,8,2021/8/10,44418,,
2021,8,2021/8/11,44419,,
2021,8,2021/8/12,44420,,
2021,8,2021/8/13,44421,,
2021,8,2021/8/14,44422,,
2021,8,2021/8/15,44423,,
2021,8,2021/8/16,44424,,
2021,8,2021/8/17,44425,,
2021,8,2021/8/18,44426,,
2021,8,2021/8/19,44427,,
2021,8,2021/8/20,44428,,
2021,8,2021/8/21,44429,,
2021,8,2021/8/22,44430,,
2021,8,2021/8/23,44431,,
2021,8,2021/8/24,44432,,
2021,8,2021/8/25,44433,,
2021,8,2021/8/26,44434,,
2021,8,2021/8/27,44435,,
2021,8,2021/8/28,44436,,
2021,8,2021/8/29,44437,,
2021,8,2021/8/30,44438,,
2021,8,2021/8/31,44439,,
2021,9,2021/9/1,44440,,
2021,9,2021/9/2,44441,,
2021,9,2021/9/3,44442,,
2021,9,2021/9/4,44443,,
2021,9,2021/9/5,44444,,
2021,9,2021/9/6,44445,,
2021,9,2021/9/7,44446,,
2021,9,2021/9/8,44447,,
2021,9,2021/9/9,44448,,
2021,9,2021/9/10,44449,,
2021,9,2021/9/11,44450,,
2021,9,2021/9/12,44451,,
2021,9,2021/9/13,44452,,
2021,9,2021/9/14,44453,,
2021,9,2021/9/15,44454,,
2021,9,2021/9/16,44455,,
2021,9,2021/9/17,44456,,
2021,9,2021/9/18,44457,,
2021,9,2021/9/19,44458,,
2021,9,2021/9/20,44459,,
2021,9,2021/9/21,44460,,
2021,9,2021/9/22,44461,,
2021,9,2021/9/23,44462,,
2021,9,2021/9/24,44463,,
2021,9,2021/9/25,44464,,
2021,9,2021/9/26,44465,,
2021,9,2021/9/27,44466,,
2021,9,2021/9/28,44467,,
2021,9,2021/9/29,44468,,
2021,9,2021/9/30,44469,,
2021,10,2021/10/1,44470,,
2021,10,2021/10/2,44471,,
2021,10,2021/10/3,44472,,
2021,10,2021/10/4,44473,,
2021,10,2021/10/5,44474,,
2021,10,2021/10/6,44475,,
2021,10,2021/10/7,44476,,
2021,10,2021/10/8,44477,,
2021,10,2021/10/9,44478,,
2021,10,2021/10/10,44479,,
2021,10,2021/10/11,44480,,
2021,10,2021/10/12,44481,,
2021,10,2021/10/13,44482,,
2021,10,2021/10/14,44483,,
2021,10,2021/10/15,44484,,
2021,10,2021/10/16,44485,,
2021,10,2021/10/17,44486,,
2021,10,2021/10/18,44487,,
2021,10,2021/10/19,44488,,
2021,10,2021/10/20,44489,,
2021,10,2021/10/21,44490,,
2021,10,2021/10/22,44491,,
2021,10,2021/10/23,44492,,
2021,10,2021/10/24,44493,,
2021,10,2021/10/25,44494,,
2021,10,2021/10/26,44495,,
2021,10,2021/10/27,44496,,
2021,10,2021/10/28,44497,,
2021,10,2021/10/29,44498,,
2021,10,2021/10/30,44499,,
2021,10,2021/10/31,44500,,
2021,11,2021/11/1,44501,,
2021,11,2021/11/2,44502,,
2021,11,2021/11/3,44503,,
2021,11,2021/11/4,44504,,
2021,11,2021/11/5,44505,,
2021,11,2021/11/6,44506,,
2021,11,2021/11/7,44507,,
2021,11,2021/11/8,44508,,
2021,11,2021/11/9,44509,,
2021,11,2021/11/10,44510,,
2021,11,2021/11/11,44511,,
2021,11,2021/11/12,44512,,
2021,11,2021/11/13,44513,,
2021,11,2021/11/14,44514,,
2021,11,2021/11/15,44515,,
2021,11,2021/11/16,44516,,
2021,11,2021/11/17,44517,,
2021,11,2021/11/18,44518,,
2021,11,2021/11/19,44519,,
2021,11,2021/11/20,44520,,
2021,11,2021/11/21,44521,,
2021,11,2021/11/22,44522,,
2021,11,2021/11/23,44523,,
2021,11,2021/11/24,44524,,
2021,11,2021/11/25,44525,,
2021,11,2021/11/26,44526,,
2021,11,2021/11/27,44527,,
2021,11,2021/11/28,44528,,
