Year,Month,Day,Day_num,Close_Last_Day,Close
2015,1,2015/1/2,42006,,17832.99023
2015,1,2015/1/5,42009,17832.99023,17501.65039
2015,1,2015/1/6,42010,17501.65039,17371.64063
2015,1,2015/1/7,42011,17371.64063,17584.51953
2015,1,2015/1/8,42012,17584.51953,17907.86914
2015,1,2015/1/9,42013,17907.86914,17737.36914
2015,1,2015/1/12,42016,17737.36914,17640.83984
2015,1,2015/1/13,42017,17640.83984,17613.67969
2015,1,2015/1/14,42018,17613.67969,17427.08984
2015,1,2015/1/15,42019,17427.08984,17320.71094
2015,1,2015/1/16,42020,17320.71094,17511.57031
2015,1,2015/1/20,42024,17511.57031,17515.23047
2015,1,2015/1/21,42025,17515.23047,17554.2793
2015,1,2015/1/22,42026,17554.2793,17813.98047
2015,1,2015/1/23,42027,17813.98047,17672.59961
2015,1,2015/1/26,42030,17672.59961,17678.69922
2015,1,2015/1/27,42031,17678.69922,17387.21094
2015,1,2015/1/28,42032,17387.21094,17191.36914
2015,1,2015/1/29,42033,17191.36914,17416.84961
2015,1,2015/1/30,42034,17416.84961,17164.94922
2015,2,2015/2/2,42037,17164.94922,17361.03906
2015,2,2015/2/3,42038,17361.03906,17666.40039
2015,2,2015/2/4,42039,17666.40039,17673.01953
2015,2,2015/2/5,42040,17673.01953,17884.88086
2015,2,2015/2/6,42041,17884.88086,17824.28906
2015,2,2015/2/9,42044,17824.28906,17729.21094
2015,2,2015/2/10,42045,17729.21094,17868.75977
2015,2,2015/2/11,42046,17868.75977,17862.14063
2015,2,2015/2/12,42047,17862.14063,17972.38086
2015,2,2015/2/13,42048,17972.38086,18019.34961
2015,2,2015/2/17,42052,18019.34961,18047.58008
2015,2,2015/2/18,42053,18047.58008,18029.84961
2015,2,2015/2/19,42054,18029.84961,17985.76953
2015,2,2015/2/20,42055,17985.76953,18140.43945
2015,2,2015/2/23,42058,18140.43945,18116.83984
2015,2,2015/2/24,42059,18116.83984,18209.18945
2015,2,2015/2/25,42060,18209.18945,18224.57031
2015,2,2015/2/26,42061,18224.57031,18214.41992
2015,2,2015/2/27,42062,18214.41992,18132.69922
2015,3,2015/3/2,42065,18132.69922,18288.63086
2015,3,2015/3/3,42066,18288.63086,18203.36914
2015,3,2015/3/4,42067,18203.36914,18096.90039
2015,3,2015/3/5,42068,18096.90039,18135.7207
2015,3,2015/3/6,42069,18135.7207,17856.7793
2015,3,2015/3/9,42072,17856.7793,17995.7207
2015,3,2015/3/10,42073,17995.7207,17662.93945
2015,3,2015/3/11,42074,17662.93945,17635.39063
2015,3,2015/3/12,42075,17635.39063,17895.2207
2015,3,2015/3/13,42076,17895.2207,17749.31055
2015,3,2015/3/16,42079,17749.31055,17977.41992
2015,3,2015/3/17,42080,17977.41992,17849.08008
2015,3,2015/3/18,42081,17849.08008,18076.18945
2015,3,2015/3/19,42082,18076.18945,17959.0293
2015,3,2015/3/20,42083,17959.0293,18127.65039
2015,3,2015/3/23,42086,18127.65039,18116.03906
2015,3,2015/3/24,42087,18116.03906,18011.14063
2015,3,2015/3/25,42088,18011.14063,17718.53906
2015,3,2015/3/26,42089,17718.53906,17678.23047
2015,3,2015/3/27,42090,17678.23047,17712.66016
2015,3,2015/3/30,42093,17712.66016,17976.31055
2015,3,2015/3/31,42094,17976.31055,17776.11914
2015,4,2015/4/1,42095,17776.11914,17698.17969
2015,4,2015/4/2,42096,17698.17969,17763.24023
2015,4,2015/4/6,42100,17763.24023,17880.84961
2015,4,2015/4/7,42101,17880.84961,17875.41992
2015,4,2015/4/8,42102,17875.41992,17902.50977
2015,4,2015/4/9,42103,17902.50977,17958.73047
2015,4,2015/4/10,42104,17958.73047,18057.65039
2015,4,2015/4/13,42107,18057.65039,17977.03906
2015,4,2015/4/14,42108,17977.03906,18036.69922
2015,4,2015/4/15,42109,18036.69922,18112.60938
2015,4,2015/4/16,42110,18112.60938,18105.76953
2015,4,2015/4/17,42111,18105.76953,17826.30078
2015,4,2015/4/20,42114,17826.30078,18034.92969
2015,4,2015/4/21,42115,18034.92969,17949.58984
2015,4,2015/4/22,42116,17949.58984,18038.26953
2015,4,2015/4/23,42117,18038.26953,18058.68945
2015,4,2015/4/24,42118,18058.68945,18080.14063
2015,4,2015/4/27,42121,18080.14063,18037.9707
2015,4,2015/4/28,42122,18037.9707,18110.14063
2015,4,2015/4/29,42123,18110.14063,18035.5293
2015,4,2015/4/30,42124,18035.5293,17840.51953
2015,5,2015/5/1,42125,17840.51953,18024.06055
2015,5,2015/5/4,42128,18024.06055,18070.40039
2015,5,2015/5/5,42129,18070.40039,17928.19922
2015,5,2015/5/6,42130,17928.19922,17841.98047
2015,5,2015/5/7,42131,17841.98047,17924.06055
2015,5,2015/5/8,42132,17924.06055,18191.10938
2015,5,2015/5/11,42135,18191.10938,18105.16992
2015,5,2015/5/12,42136,18105.16992,18068.23047
2015,5,2015/5/13,42137,18068.23047,18060.49023
2015,5,2015/5/14,42138,18060.49023,18252.24023
2015,5,2015/5/15,42139,18252.24023,18272.56055
2015,5,2015/5/18,42142,18272.56055,18298.88086
2015,5,2015/5/19,42143,18298.88086,18312.39063
2015,5,2015/5/20,42144,18312.39063,18285.40039
2015,5,2015/5/21,42145,18285.40039,18285.74023
2015,5,2015/5/22,42146,18285.74023,18232.01953
2015,5,2015/5/26,42150,18232.01953,18041.53906
2015,5,2015/5/27,42151,18041.53906,18162.99023
2015,5,2015/5/28,42152,18162.99023,18126.11914
2015,5,2015/5/29,42153,18126.11914,18010.67969
2015,6,2015/6/1,42156,18010.67969,18040.36914
2015,6,2015/6/2,42157,18040.36914,18011.93945
2015,6,2015/6/3,42158,18011.93945,18076.26953
2015,6,2015/6/4,42159,18076.26953,17905.58008
2015,6,2015/6/5,42160,17905.58008,17849.46094
2015,6,2015/6/8,42163,17849.46094,17766.55078
2015,6,2015/6/9,42164,17766.55078,17764.03906
2015,6,2015/6/10,42165,17764.03906,18000.40039
2015,6,2015/6/11,42166,18000.40039,18039.36914
2015,6,2015/6/12,42167,18039.36914,17898.83984
2015,6,2015/6/15,42170,17898.83984,17791.16992
2015,6,2015/6/16,42171,17791.16992,17904.48047
2015,6,2015/6/17,42172,17904.48047,17935.74023
2015,6,2015/6/18,42173,17935.74023,18115.83984
2015,6,2015/6/19,42174,18115.83984,18015.94922
2015,6,2015/6/22,42177,18015.94922,18119.7793
2015,6,2015/6/23,42178,18119.7793,18144.07031
2015,6,2015/6/24,42179,18144.07031,17966.07031
2015,6,2015/6/25,42180,17966.07031,17890.35938
2015,6,2015/6/26,42181,17890.35938,17946.67969
2015,6,2015/6/29,42184,17946.67969,17596.34961
2015,6,2015/6/30,42185,17596.34961,17619.50977
2015,7,2015/7/1,42186,17619.50977,17757.91016
2015,7,2015/7/2,42187,17757.91016,17730.10938
2015,7,2015/7/6,42191,17730.10938,17683.58008
2015,7,2015/7/7,42192,17683.58008,17776.91016
2015,7,2015/7/8,42193,17776.91016,17515.41992
2015,7,2015/7/9,42194,17515.41992,17548.61914
2015,7,2015/7/10,42195,17548.61914,17760.41016
2015,7,2015/7/13,42198,17760.41016,17977.67969
2015,7,2015/7/14,42199,17977.67969,18053.58008
2015,7,2015/7/15,42200,18053.58008,18050.16992
2015,7,2015/7/16,42201,18050.16992,18120.25
2015,7,2015/7/17,42202,18120.25,18086.44922
2015,7,2015/7/20,42205,18086.44922,18100.41016
2015,7,2015/7/21,42206,18100.41016,17919.28906
2015,7,2015/7/22,42207,17919.28906,17851.03906
2015,7,2015/7/23,42208,17851.03906,17731.91992
2015,7,2015/7/24,42209,17731.91992,17568.5293
2015,7,2015/7/27,42212,17568.5293,17440.58984
2015,7,2015/7/28,42213,17440.58984,17630.26953
2015,7,2015/7/29,42214,17630.26953,17751.39063
2015,7,2015/7/30,42215,17751.39063,17745.98047
2015,7,2015/7/31,42216,17745.98047,17689.85938
2015,8,2015/8/3,42219,17689.85938,17598.19922
2015,8,2015/8/4,42220,17598.19922,17550.68945
2015,8,2015/8/5,42221,17550.68945,17540.4707
2015,8,2015/8/6,42222,17540.4707,17419.75
2015,8,2015/8/7,42223,17419.75,17373.38086
2015,8,2015/8/10,42226,17373.38086,17615.16992
2015,8,2015/8/11,42227,17615.16992,17402.83984
2015,8,2015/8/12,42228,17402.83984,17402.50977
2015,8,2015/8/13,42229,17402.50977,17408.25
2015,8,2015/8/14,42230,17408.25,17477.40039
2015,8,2015/8/17,42233,17477.40039,17545.17969
2015,8,2015/8/18,42234,17545.17969,17511.33984
2015,8,2015/8/19,42235,17511.33984,17348.73047
2015,8,2015/8/20,42236,17348.73047,16990.68945
2015,8,2015/8/21,42237,16990.68945,16459.75
2015,8,2015/8/24,42240,16459.75,15871.34961
2015,8,2015/8/25,42241,15871.34961,15666.44043
2015,8,2015/8/26,42242,15666.44043,16285.50977
2015,8,2015/8/27,42243,16285.50977,16654.76953
2015,8,2015/8/28,42244,16654.76953,16643.00977
2015,8,2015/8/31,42247,16643.00977,16528.0293
2015,9,2015/9/1,42248,16528.0293,16058.34961
2015,9,2015/9/2,42249,16058.34961,16351.37988
2015,9,2015/9/3,42250,16351.37988,16374.75977
2015,9,2015/9/4,42251,16374.75977,16102.37988
2015,9,2015/9/8,42255,16102.37988,16492.67969
2015,9,2015/9/9,42256,16492.67969,16253.57031
2015,9,2015/9/10,42257,16253.57031,16330.40039
2015,9,2015/9/11,42258,16330.40039,16433.08984
2015,9,2015/9/14,42261,16433.08984,16370.95996
2015,9,2015/9/15,42262,16370.95996,16599.84961
2015,9,2015/9/16,42263,16599.84961,16739.94922
2015,9,2015/9/17,42264,16739.94922,16674.74023
2015,9,2015/9/18,42265,16674.74023,16384.58008
2015,9,2015/9/21,42268,16384.58008,16510.18945
2015,9,2015/9/22,42269,16510.18945,16330.46973
2015,9,2015/9/23,42270,16330.46973,16279.88965
2015,9,2015/9/24,42271,16279.88965,16201.32031
2015,9,2015/9/25,42272,16201.32031,16314.66992
2015,9,2015/9/28,42275,16314.66992,16001.88965
2015,9,2015/9/29,42276,16001.88965,16049.12988
2015,9,2015/9/30,42277,16049.12988,16284.7002
2015,10,2015/10/1,42278,16284.7002,16272.00977
2015,10,2015/10/2,42279,16272.00977,16472.36914
2015,10,2015/10/5,42282,16472.36914,16776.42969
2015,10,2015/10/6,42283,16776.42969,16790.18945
2015,10,2015/10/7,42284,16790.18945,16912.28906
2015,10,2015/10/8,42285,16912.28906,17050.75
2015,10,2015/10/9,42286,17050.75,17084.49023
2015,10,2015/10/12,42289,17084.49023,17131.85938
2015,10,2015/10/13,42290,17131.85938,17081.89063
2015,10,2015/10/14,42291,17081.89063,16924.75
2015,10,2015/10/15,42292,16924.75,17141.75
2015,10,2015/10/16,42293,17141.75,17215.9707
2015,10,2015/10/19,42296,17215.9707,17230.53906
2015,10,2015/10/20,42297,17230.53906,17217.10938
2015,10,2015/10/21,42298,17217.10938,17168.60938
2015,10,2015/10/22,42299,17168.60938,17489.16016
2015,10,2015/10/23,42300,17489.16016,17646.69922
2015,10,2015/10/26,42303,17646.69922,17623.05078
2015,10,2015/10/27,42304,17623.05078,17581.42969
2015,10,2015/10/28,42305,17581.42969,17779.51953
2015,10,2015/10/29,42306,17779.51953,17755.80078
2015,10,2015/10/30,42307,17755.80078,17663.53906
2015,11,2015/11/2,42310,17663.53906,17828.75977
2015,11,2015/11/3,42311,17828.75977,17918.15039
2015,11,2015/11/4,42312,17918.15039,17867.58008
2015,11,2015/11/5,42313,17867.58008,17863.42969
2015,11,2015/11/6,42314,17863.42969,17910.33008
2015,11,2015/11/9,42317,17910.33008,17730.48047
2015,11,2015/11/10,42318,17730.48047,17758.21094
2015,11,2015/11/11,42319,17758.21094,17702.2207
2015,11,2015/11/12,42320,17702.2207,17448.07031
2015,11,2015/11/13,42321,17448.07031,17245.24023
2015,11,2015/11/16,42324,17245.24023,17483.00977
2015,11,2015/11/17,42325,17483.00977,17489.5
2015,11,2015/11/18,42326,17489.5,17737.16016
2015,11,2015/11/19,42327,17737.16016,17732.75
2015,11,2015/11/20,42328,17732.75,17823.81055
2015,11,2015/11/23,42331,17823.81055,17792.67969
2015,11,2015/11/24,42332,17792.67969,17812.18945
2015,11,2015/11/25,42333,17812.18945,17813.39063
2015,11,2015/11/27,42335,17813.39063,17813.39063
2015,11,2015/11/30,42338,17813.39063,17719.91992
2015,12,2015/12/1,42339,17719.91992,17888.34961
2015,12,2015/12/2,42340,17888.34961,17729.67969
2015,12,2015/12/3,42341,17729.67969,17477.66992
2015,12,2015/12/4,42342,17477.66992,17847.63086
2015,12,2015/12/7,42345,17847.63086,17730.50977
2015,12,2015/12/8,42346,17730.50977,17568
2015,12,2015/12/9,42347,17568,17492.30078
2015,12,2015/12/10,42348,17492.30078,17574.75
2015,12,2015/12/11,42349,17574.75,17265.21094
2015,12,2015/12/14,42352,17265.21094,17368.5
2015,12,2015/12/15,42353,17368.5,17524.91016
2015,12,2015/12/16,42354,17524.91016,17749.08984
2015,12,2015/12/17,42355,17749.08984,17495.83984
2015,12,2015/12/18,42356,17495.83984,17128.55078
2015,12,2015/12/21,42359,17128.55078,17251.61914
2015,12,2015/12/22,42360,17251.61914,17417.26953
2015,12,2015/12/23,42361,17417.26953,17602.60938
2015,12,2015/12/24,42362,17602.60938,17552.16992
2015,12,2015/12/28,42366,17552.16992,17528.26953
2015,12,2015/12/29,42367,17528.26953,17720.98047
2015,12,2015/12/30,42368,17720.98047,17603.86914
2015,12,2015/12/31,42369,17603.86914,17425.0293
2016,1,2016/1/4,42373,17425.0293,17148.93945
2016,1,2016/1/5,42374,17148.93945,17158.66016
2016,1,2016/1/6,42375,17158.66016,16906.50977
2016,1,2016/1/7,42376,16906.50977,16514.09961
2016,1,2016/1/8,42377,16514.09961,16346.4502
2016,1,2016/1/11,42380,16346.4502,16398.57031
2016,1,2016/1/12,42381,16398.57031,16516.2207
2016,1,2016/1/13,42382,16516.2207,16151.41016
2016,1,2016/1/14,42383,16151.41016,16379.04981
2016,1,2016/1/15,42384,16379.04981,15988.08008
2016,1,2016/1/19,42388,15988.08008,16016.01953
2016,1,2016/1/20,42389,16016.01953,15766.74023
2016,1,2016/1/21,42390,15766.74023,15882.67969
2016,1,2016/1/22,42391,15882.67969,16093.50977
2016,1,2016/1/25,42394,16093.50977,15885.21973
2016,1,2016/1/26,42395,15885.21973,16167.23047
2016,1,2016/1/27,42396,16167.23047,15944.45996
2016,1,2016/1/28,42397,15944.45996,16069.63965
2016,1,2016/1/29,42398,16069.63965,16466.30078
2016,2,2016/2/1,42401,16466.30078,16449.17969
2016,2,2016/2/2,42402,16449.17969,16153.54004
2016,2,2016/2/3,42403,16153.54004,16336.66016
2016,2,2016/2/4,42404,16336.66016,16416.58008
2016,2,2016/2/5,42405,16416.58008,16204.96973
2016,2,2016/2/8,42408,16204.96973,16027.04981
2016,2,2016/2/9,42409,16027.04981,16014.37988
2016,2,2016/2/10,42410,16014.37988,15914.74023
2016,2,2016/2/11,42411,15914.74023,15660.17969
2016,2,2016/2/12,42412,15660.17969,15973.83984
2016,2,2016/2/16,42416,15973.83984,16196.41016
2016,2,2016/2/17,42417,16196.41016,16453.83008
2016,2,2016/2/18,42418,16453.83008,16413.42969
2016,2,2016/2/19,42419,16413.42969,16391.99023
2016,2,2016/2/22,42422,16391.99023,16620.66016
2016,2,2016/2/23,42423,16620.66016,16431.7793
2016,2,2016/2/24,42424,16431.7793,16484.99023
2016,2,2016/2/25,42425,16484.99023,16697.28906
2016,2,2016/2/26,42426,16697.28906,16639.9707
2016,2,2016/2/29,42429,16639.9707,16516.5
2016,3,2016/3/1,42430,16516.5,16865.08008
2016,3,2016/3/2,42431,16865.08008,16899.32031
2016,3,2016/3/3,42432,16899.32031,16943.90039
2016,3,2016/3/4,42433,16943.90039,17006.76953
2016,3,2016/3/7,42436,17006.76953,17073.94922
2016,3,2016/3/8,42437,17073.94922,16964.09961
2016,3,2016/3/9,42438,16964.09961,17000.35938
2016,3,2016/3/10,42439,17000.35938,16995.13086
2016,3,2016/3/11,42440,16995.13086,17213.31055
2016,3,2016/3/14,42443,17213.31055,17229.13086
2016,3,2016/3/15,42444,17229.13086,17251.5293
2016,3,2016/3/16,42445,17251.5293,17325.75977
2016,3,2016/3/17,42446,17325.75977,17481.49023
2016,3,2016/3/18,42447,17481.49023,17602.30078
2016,3,2016/3/21,42450,17602.30078,17623.86914
2016,3,2016/3/22,42451,17623.86914,17582.57031
2016,3,2016/3/23,42452,17582.57031,17502.58984
2016,3,2016/3/24,42453,17502.58984,17515.73047
2016,3,2016/3/28,42457,17515.73047,17535.39063
2016,3,2016/3/29,42458,17535.39063,17633.10938
2016,3,2016/3/30,42459,17633.10938,17716.66016
2016,3,2016/3/31,42460,17716.66016,17685.08984
2016,4,2016/4/1,42461,17685.08984,17792.75
2016,4,2016/4/4,42464,17792.75,17737
2016,4,2016/4/5,42465,17737,17603.32031
2016,4,2016/4/6,42466,17603.32031,17716.05078
2016,4,2016/4/7,42467,17716.05078,17541.96094
2016,4,2016/4/8,42468,17541.96094,17576.96094
2016,4,2016/4/11,42471,17576.96094,17556.41016
2016,4,2016/4/12,42472,17556.41016,17721.25
2016,4,2016/4/13,42473,17721.25,17908.2793
2016,4,2016/4/14,42474,17908.2793,17926.42969
2016,4,2016/4/15,42475,17926.42969,17897.46094
2016,4,2016/4/18,42478,17897.46094,18004.16016
2016,4,2016/4/19,42479,18004.16016,18053.59961
2016,4,2016/4/20,42480,18053.59961,18096.26953
2016,4,2016/4/21,42481,18096.26953,17982.51953
2016,4,2016/4/22,42482,17982.51953,18003.75
2016,4,2016/4/25,42485,18003.75,17977.24023
2016,4,2016/4/26,42486,17977.24023,17990.32031
2016,4,2016/4/27,42487,17990.32031,18041.55078
2016,4,2016/4/28,42488,18041.55078,17830.75977
2016,4,2016/4/29,42489,17830.75977,17773.64063
2016,5,2016/5/2,42492,17773.64063,17891.16016
2016,5,2016/5/3,42493,17891.16016,17750.91016
2016,5,2016/5/4,42494,17750.91016,17651.25977
2016,5,2016/5/5,42495,17651.25977,17660.71094
2016,5,2016/5/6,42496,17660.71094,17740.63086
2016,5,2016/5/9,42499,17740.63086,17705.91016
2016,5,2016/5/10,42500,17705.91016,17928.34961
2016,5,2016/5/11,42501,17928.34961,17711.11914
2016,5,2016/5/12,42502,17711.11914,17720.5
2016,5,2016/5/13,42503,17720.5,17535.32031
2016,5,2016/5/16,42506,17535.32031,17710.71094
2016,5,2016/5/17,42507,17710.71094,17529.98047
2016,5,2016/5/18,42508,17529.98047,17526.61914
2016,5,2016/5/19,42509,17526.61914,17435.40039
2016,5,2016/5/20,42510,17435.40039,17500.93945
2016,5,2016/5/23,42513,17500.93945,17492.92969
2016,5,2016/5/24,42514,17492.92969,17706.05078
2016,5,2016/5/25,42515,17706.05078,17851.50977
2016,5,2016/5/26,42516,17851.50977,17828.28906
2016,5,2016/5/27,42517,17828.28906,17873.2207
2016,5,2016/5/31,42521,17873.2207,17787.19922
2016,6,2016/6/1,42522,17787.19922,17789.66992
2016,6,2016/6/2,42523,17789.66992,17838.56055
2016,6,2016/6/3,42524,17838.56055,17807.06055
2016,6,2016/6/6,42527,17807.06055,17920.33008
2016,6,2016/6/7,42528,17920.33008,17938.2793
2016,6,2016/6/8,42529,17938.2793,18005.05078
2016,6,2016/6/9,42530,18005.05078,17985.18945
2016,6,2016/6/10,42531,17985.18945,17865.33984
2016,6,2016/6/13,42534,17865.33984,17732.48047
2016,6,2016/6/14,42535,17732.48047,17674.82031
2016,6,2016/6/15,42536,17674.82031,17640.16992
2016,6,2016/6/16,42537,17640.16992,17733.09961
2016,6,2016/6/17,42538,17733.09961,17675.16016
2016,6,2016/6/20,42541,17675.16016,17804.86914
2016,6,2016/6/21,42542,17804.86914,17829.73047
2016,6,2016/6/22,42543,17829.73047,17780.83008
2016,6,2016/6/23,42544,17780.83008,18011.07031
2016,6,2016/6/24,42545,18011.07031,17400.75
2016,6,2016/6/27,42548,17400.75,17140.24023
2016,6,2016/6/28,42549,17140.24023,17409.7207
2016,6,2016/6/29,42550,17409.7207,17694.67969
2016,6,2016/6/30,42551,17694.67969,17929.99023
2016,7,2016/7/1,42552,17929.99023,17949.36914
2016,7,2016/7/5,42556,17949.36914,17840.61914
2016,7,2016/7/6,42557,17840.61914,17918.61914
2016,7,2016/7/7,42558,17918.61914,17895.88086
2016,7,2016/7/8,42559,17895.88086,18146.74023
2016,7,2016/7/11,42562,18146.74023,18226.92969
2016,7,2016/7/12,42563,18226.92969,18347.66992
2016,7,2016/7/13,42564,18347.66992,18372.11914
2016,7,2016/7/14,42565,18372.11914,18506.41016
2016,7,2016/7/15,42566,18506.41016,18516.55078
2016,7,2016/7/18,42569,18516.55078,18533.05078
2016,7,2016/7/19,42570,18533.05078,18559.00977
2016,7,2016/7/20,42571,18559.00977,18595.0293
2016,7,2016/7/21,42572,18595.0293,18517.23047
2016,7,2016/7/22,42573,18517.23047,18570.84961
2016,7,2016/7/25,42576,18570.84961,18493.06055
2016,7,2016/7/26,42577,18493.06055,18473.75
2016,7,2016/7/27,42578,18473.75,18472.16992
2016,7,2016/7/28,42579,18472.16992,18456.34961
2016,7,2016/7/29,42580,18456.34961,18432.24023
2016,8,2016/8/1,42583,18432.24023,18404.50977
2016,8,2016/8/2,42584,18404.50977,18313.76953
2016,8,2016/8/3,42585,18313.76953,18355
2016,8,2016/8/4,42586,18355,18352.05078
2016,8,2016/8/5,42587,18352.05078,18543.5293
2016,8,2016/8/8,42590,18543.5293,18529.28906
2016,8,2016/8/9,42591,18529.28906,18533.05078
2016,8,2016/8/10,42592,18533.05078,18495.66016
2016,8,2016/8/11,42593,18495.66016,18613.51953
2016,8,2016/8/12,42594,18613.51953,18576.4707
2016,8,2016/8/15,42597,18576.4707,18636.05078
2016,8,2016/8/16,42598,18636.05078,18552.01953
2016,8,2016/8/17,42599,18552.01953,18573.93945
2016,8,2016/8/18,42600,18573.93945,18597.69922
2016,8,2016/8/19,42601,18597.69922,18552.57031
2016,8,2016/8/22,42604,18552.57031,18529.41992
2016,8,2016/8/23,42605,18529.41992,18547.30078
2016,8,2016/8/24,42606,18547.30078,18481.48047
2016,8,2016/8/25,42607,18481.48047,18448.41016
2016,8,2016/8/26,42608,18448.41016,18395.40039
2016,8,2016/8/29,42611,18395.40039,18502.99023
2016,8,2016/8/30,42612,18502.99023,18454.30078
2016,8,2016/8/31,42613,18454.30078,18400.88086
2016,9,2016/9/1,42614,18400.88086,18419.30078
2016,9,2016/9/2,42615,18419.30078,18491.96094
2016,9,2016/9/6,42619,18491.96094,18538.11914
2016,9,2016/9/7,42620,18538.11914,18526.14063
2016,9,2016/9/8,42621,18526.14063,18479.91016
2016,9,2016/9/9,42622,18479.91016,18085.44922
2016,9,2016/9/12,42625,18085.44922,18325.07031
2016,9,2016/9/13,42626,18325.07031,18066.75
2016,9,2016/9/14,42627,18066.75,18034.76953
2016,9,2016/9/15,42628,18034.76953,18212.48047
2016,9,2016/9/16,42629,18212.48047,18123.80078
2016,9,2016/9/19,42632,18123.80078,18120.16992
2016,9,2016/9/20,42633,18120.16992,18129.96094
2016,9,2016/9/21,42634,18129.96094,18293.69922
2016,9,2016/9/22,42635,18293.69922,18392.46094
2016,9,2016/9/23,42636,18392.46094,18261.44922
2016,9,2016/9/26,42639,18261.44922,18094.83008
2016,9,2016/9/27,42640,18094.83008,18228.30078
2016,9,2016/9/28,42641,18228.30078,18339.24023
2016,9,2016/9/29,42642,18339.24023,18143.44922
2016,9,2016/9/30,42643,18143.44922,18308.15039
2016,10,2016/10/3,42646,18308.15039,18253.84961
2016,10,2016/10/4,42647,18253.84961,18168.44922
2016,10,2016/10/5,42648,18168.44922,18281.0293
2016,10,2016/10/6,42649,18281.0293,18268.5
2016,10,2016/10/7,42650,18268.5,18240.49023
2016,10,2016/10/10,42653,18240.49023,18329.03906
2016,10,2016/10/11,42654,18329.03906,18128.66016
2016,10,2016/10/12,42655,18128.66016,18144.19922
2016,10,2016/10/13,42656,18144.19922,18098.93945
2016,10,2016/10/14,42657,18098.93945,18138.38086
2016,10,2016/10/17,42660,18138.38086,18086.40039
2016,10,2016/10/18,42661,18086.40039,18161.93945
2016,10,2016/10/19,42662,18161.93945,18202.61914
2016,10,2016/10/20,42663,18202.61914,18162.34961
2016,10,2016/10/21,42664,18162.34961,18145.71094
2016,10,2016/10/24,42667,18145.71094,18223.0293
2016,10,2016/10/25,42668,18223.0293,18169.26953
2016,10,2016/10/26,42669,18169.26953,18199.33008
2016,10,2016/10/27,42670,18199.33008,18169.67969
2016,10,2016/10/28,42671,18169.67969,18161.18945
2016,10,2016/10/31,42674,18161.18945,18142.41992
2016,11,2016/11/1,42675,18142.41992,18037.09961
2016,11,2016/11/2,42676,18037.09961,17959.64063
2016,11,2016/11/3,42677,17959.64063,17930.66992
2016,11,2016/11/4,42678,17930.66992,17888.2793
2016,11,2016/11/7,42681,17888.2793,18259.59961
2016,11,2016/11/8,42682,18259.59961,18332.74023
2016,11,2016/11/9,42683,18332.74023,18589.68945
2016,11,2016/11/10,42684,18589.68945,18807.88086
2016,11,2016/11/11,42685,18807.88086,18847.66016
2016,11,2016/11/14,42688,18847.66016,18868.68945
2016,11,2016/11/15,42689,18868.68945,18923.06055
2016,11,2016/11/16,42690,18923.06055,18868.14063
2016,11,2016/11/17,42691,18868.14063,18903.82031
2016,11,2016/11/18,42692,18903.82031,18867.92969
2016,11,2016/11/21,42695,18867.92969,18956.68945
2016,11,2016/11/22,42696,18956.68945,19023.86914
2016,11,2016/11/23,42697,19023.86914,19083.17969
2016,11,2016/11/25,42699,19083.17969,19152.14063
2016,11,2016/11/28,42702,19152.14063,19097.90039
2016,11,2016/11/29,42703,19097.90039,19121.59961
2016,11,2016/11/30,42704,19121.59961,19123.58008
2016,12,2016/12/1,42705,19123.58008,19191.92969
2016,12,2016/12/2,42706,19191.92969,19170.41992
2016,12,2016/12/5,42709,19170.41992,19216.24023
2016,12,2016/12/6,42710,19216.24023,19251.7793
2016,12,2016/12/7,42711,19251.7793,19549.61914
2016,12,2016/12/8,42712,19549.61914,19614.81055
2016,12,2016/12/9,42713,19614.81055,19756.84961
2016,12,2016/12/12,42716,19756.84961,19796.42969
2016,12,2016/12/13,42717,19796.42969,19911.21094
2016,12,2016/12/14,42718,19911.21094,19792.5293
2016,12,2016/12/15,42719,19792.5293,19852.24023
2016,12,2016/12/16,42720,19852.24023,19843.41016
2016,12,2016/12/19,42723,19843.41016,19883.06055
2016,12,2016/12/20,42724,19883.06055,19974.61914
2016,12,2016/12/21,42725,19974.61914,19941.96094
2016,12,2016/12/22,42726,19941.96094,19918.88086
2016,12,2016/12/23,42727,19918.88086,19933.81055
2016,12,2016/12/27,42731,19933.81055,19945.03906
2016,12,2016/12/28,42732,19945.03906,19833.67969
2016,12,2016/12/29,42733,19833.67969,19819.7793
2016,12,2016/12/30,42734,19819.7793,19762.59961
2017,1,2017/1/3,42738,19762.59961,19881.75977
2017,1,2017/1/4,42739,19881.75977,19942.16016
2017,1,2017/1/5,42740,19942.16016,19899.28906
2017,1,2017/1/6,42741,19899.28906,19963.80078
2017,1,2017/1/9,42744,19963.80078,19887.38086
2017,1,2017/1/10,42745,19887.38086,19855.5293
2017,1,2017/1/11,42746,19855.5293,19954.2793
2017,1,2017/1/12,42747,19954.2793,19891
2017,1,2017/1/13,42748,19891,19885.73047
2017,1,2017/1/17,42752,19885.73047,19826.76953
2017,1,2017/1/18,42753,19826.76953,19804.7207
2017,1,2017/1/19,42754,19804.7207,19732.40039
2017,1,2017/1/20,42755,19732.40039,19827.25
2017,1,2017/1/23,42758,19827.25,19799.84961
2017,1,2017/1/24,42759,19799.84961,19912.71094
2017,1,2017/1/25,42760,19912.71094,20068.50977
2017,1,2017/1/26,42761,20068.50977,20100.91016
2017,1,2017/1/27,42762,20100.91016,20093.7793
2017,1,2017/1/30,42765,20093.7793,19971.13086
2017,1,2017/1/31,42766,19971.13086,19864.08984
2017,2,2017/2/1,42767,19864.08984,19890.93945
2017,2,2017/2/2,42768,19890.93945,19884.91016
2017,2,2017/2/3,42769,19884.91016,20071.46094
2017,2,2017/2/6,42772,20071.46094,20052.41992
2017,2,2017/2/7,42773,20052.41992,20090.28906
2017,2,2017/2/8,42774,20090.28906,20054.33984
2017,2,2017/2/9,42775,20054.33984,20172.40039
2017,2,2017/2/10,42776,20172.40039,20269.36914
2017,2,2017/2/13,42779,20269.36914,20412.16016
2017,2,2017/2/14,42780,20412.16016,20504.41016
2017,2,2017/2/15,42781,20504.41016,20611.85938
2017,2,2017/2/16,42782,20611.85938,20619.76953
2017,2,2017/2/17,42783,20619.76953,20624.05078
2017,2,2017/2/21,42787,20624.05078,20743
2017,2,2017/2/22,42788,20743,20775.59961
2017,2,2017/2/23,42789,20775.59961,20810.32031
2017,2,2017/2/24,42790,20810.32031,20821.75977
2017,2,2017/2/27,42793,20821.75977,20837.43945
2017,2,2017/2/28,42794,20837.43945,20812.24023
2017,3,2017/3/1,42795,20812.24023,21115.55078
2017,3,2017/3/2,42796,21115.55078,21002.9707
2017,3,2017/3/3,42797,21002.9707,21005.71094
2017,3,2017/3/6,42800,21005.71094,20954.33984
2017,3,2017/3/7,42801,20954.33984,20924.75977
2017,3,2017/3/8,42802,20924.75977,20855.73047
2017,3,2017/3/9,42803,20855.73047,20858.18945
2017,3,2017/3/10,42804,20858.18945,20902.98047
2017,3,2017/3/13,42807,20902.98047,20881.48047
2017,3,2017/3/14,42808,20881.48047,20837.36914
2017,3,2017/3/15,42809,20837.36914,20950.09961
2017,3,2017/3/16,42810,20950.09961,20934.55078
2017,3,2017/3/17,42811,20934.55078,20914.61914
2017,3,2017/3/20,42814,20914.61914,20905.85938
2017,3,2017/3/21,42815,20905.85938,20668.00977
2017,3,2017/3/22,42816,20668.00977,20661.30078
2017,3,2017/3/23,42817,20661.30078,20656.58008
2017,3,2017/3/24,42818,20656.58008,20596.7207
2017,3,2017/3/27,42821,20596.7207,20550.98047
2017,3,2017/3/28,42822,20550.98047,20701.5
2017,3,2017/3/29,42823,20701.5,20659.32031
2017,3,2017/3/30,42824,20659.32031,20728.49023
2017,3,2017/3/31,42825,20728.49023,20663.2207
2017,4,2017/4/3,42828,20663.2207,20650.21094
2017,4,2017/4/4,42829,20650.21094,20689.24023
2017,4,2017/4/5,42830,20689.24023,20648.15039
2017,4,2017/4/6,42831,20648.15039,20662.94922
2017,4,2017/4/7,42832,20662.94922,20656.09961
2017,4,2017/4/10,42835,20656.09961,20658.01953
2017,4,2017/4/11,42836,20658.01953,20651.30078
2017,4,2017/4/12,42837,20651.30078,20591.85938
2017,4,2017/4/13,42838,20591.85938,20453.25
2017,4,2017/4/17,42842,20453.25,20636.91992
2017,4,2017/4/18,42843,20636.91992,20523.2793
2017,4,2017/4/19,42844,20523.2793,20404.49023
2017,4,2017/4/20,42845,20404.49023,20578.71094
2017,4,2017/4/21,42846,20578.71094,20547.75977
2017,4,2017/4/24,42849,20547.75977,20763.89063
2017,4,2017/4/25,42850,20763.89063,20996.11914
2017,4,2017/4/26,42851,20996.11914,20975.08984
2017,4,2017/4/27,42852,20975.08984,20981.33008
2017,4,2017/4/28,42853,20981.33008,20940.50977
2017,5,2017/5/1,42856,20940.50977,20913.46094
2017,5,2017/5/2,42857,20913.46094,20949.89063
2017,5,2017/5/3,42858,20949.89063,20957.90039
2017,5,2017/5/4,42859,20957.90039,20951.4707
2017,5,2017/5/5,42860,20951.4707,21006.93945
2017,5,2017/5/8,42863,21006.93945,21012.2793
2017,5,2017/5/9,42864,21012.2793,20975.7793
2017,5,2017/5/10,42865,20975.7793,20943.10938
2017,5,2017/5/11,42866,20943.10938,20919.41992
2017,5,2017/5/12,42867,20919.41992,20896.60938
2017,5,2017/5/15,42870,20896.60938,20981.93945
2017,5,2017/5/16,42871,20981.93945,20979.75
2017,5,2017/5/17,42872,20979.75,20606.92969
2017,5,2017/5/18,42873,20606.92969,20663.01953
2017,5,2017/5/19,42874,20663.01953,20804.83984
2017,5,2017/5/22,42877,20804.83984,20894.83008
2017,5,2017/5/23,42878,20894.83008,20937.91016
2017,5,2017/5/24,42879,20937.91016,21012.41992
2017,5,2017/5/25,42880,21012.41992,21082.94922
2017,5,2017/5/26,42881,21082.94922,21080.2793
2017,5,2017/5/30,42885,21080.2793,21029.4707
2017,5,2017/5/31,42886,21029.4707,21008.65039
2017,6,2017/6/1,42887,21008.65039,21144.17969
2017,6,2017/6/2,42888,21144.17969,21206.28906
2017,6,2017/6/5,42891,21206.28906,21184.03906
2017,6,2017/6/6,42892,21184.03906,21136.23047
2017,6,2017/6/7,42893,21136.23047,21173.68945
2017,6,2017/6/8,42894,21173.68945,21182.5293
2017,6,2017/6/9,42895,21182.5293,21271.9707
2017,6,2017/6/12,42898,21271.9707,21235.66992
2017,6,2017/6/13,42899,21235.66992,21328.4707
2017,6,2017/6/14,42900,21328.4707,21374.56055
2017,6,2017/6/15,42901,21374.56055,21359.90039
2017,6,2017/6/16,42902,21359.90039,21384.2793
2017,6,2017/6/19,42905,21384.2793,21528.99023
2017,6,2017/6/20,42906,21528.99023,21467.14063
2017,6,2017/6/21,42907,21467.14063,21410.0293
2017,6,2017/6/22,42908,21410.0293,21397.28906
2017,6,2017/6/23,42909,21397.28906,21394.75977
2017,6,2017/6/26,42912,21394.75977,21409.55078
2017,6,2017/6/27,42913,21409.55078,21310.66016
2017,6,2017/6/28,42914,21310.66016,21454.60938
2017,6,2017/6/29,42915,21454.60938,21287.0293
2017,6,2017/6/30,42916,21287.0293,21349.63086
2017,7,2017/7/3,42919,21349.63086,21479.26953
2017,7,2017/7/5,42921,21479.26953,21478.16992
2017,7,2017/7/6,42922,21478.16992,21320.03906
2017,7,2017/7/7,42923,21320.03906,21414.33984
2017,7,2017/7/10,42926,21414.33984,21408.51953
2017,7,2017/7/11,42927,21408.51953,21409.07031
2017,7,2017/7/12,42928,21409.07031,21532.14063
2017,7,2017/7/13,42929,21532.14063,21553.08984
2017,7,2017/7/14,42930,21553.08984,21637.74023
2017,7,2017/7/17,42933,21637.74023,21629.7207
2017,7,2017/7/18,42934,21629.7207,21574.73047
2017,7,2017/7/19,42935,21574.73047,21640.75
2017,7,2017/7/20,42936,21640.75,21611.7793
2017,7,2017/7/21,42937,21611.7793,21580.07031
2017,7,2017/7/24,42940,21580.07031,21513.16992
2017,7,2017/7/25,42941,21513.16992,21613.42969
2017,7,2017/7/26,42942,21613.42969,21711.00977
2017,7,2017/7/27,42943,21711.00977,21796.55078
2017,7,2017/7/28,42944,21796.55078,21830.31055
2017,7,2017/7/31,42947,21830.31055,21891.11914
2017,8,2017/8/1,42948,21891.11914,21963.91992
2017,8,2017/8/2,42949,21963.91992,22016.24023
2017,8,2017/8/3,42950,22016.24023,22026.09961
2017,8,2017/8/4,42951,22026.09961,22092.81055
2017,8,2017/8/7,42954,22092.81055,22118.41992
2017,8,2017/8/8,42955,22118.41992,22085.33984
2017,8,2017/8/9,42956,22085.33984,22048.69922
2017,8,2017/8/10,42957,22048.69922,21844.00977
2017,8,2017/8/11,42958,21844.00977,21858.32031
2017,8,2017/8/14,42961,21858.32031,21993.71094
2017,8,2017/8/15,42962,21993.71094,21998.99023
2017,8,2017/8/16,42963,21998.99023,22024.86914
2017,8,2017/8/17,42964,22024.86914,21750.73047
2017,8,2017/8/18,42965,21750.73047,21674.50977
2017,8,2017/8/21,42968,21674.50977,21703.75
2017,8,2017/8/22,42969,21703.75,21899.89063
2017,8,2017/8/23,42970,21899.89063,21812.08984
2017,8,2017/8/24,42971,21812.08984,21783.40039
2017,8,2017/8/25,42972,21783.40039,21813.66992
2017,8,2017/8/28,42975,21813.66992,21808.40039
2017,8,2017/8/29,42976,21808.40039,21865.36914
2017,8,2017/8/30,42977,21865.36914,21892.42969
2017,8,2017/8/31,42978,21892.42969,21948.09961
2017,9,2017/9/1,42979,21948.09961,21987.56055
2017,9,2017/9/5,42983,21987.56055,21753.31055
2017,9,2017/9/6,42984,21753.31055,21807.64063
2017,9,2017/9/7,42985,21807.64063,21784.7793
2017,9,2017/9/8,42986,21784.7793,21797.78906
2017,9,2017/9/11,42989,21797.78906,22057.36914
2017,9,2017/9/12,42990,22057.36914,22118.85938
2017,9,2017/9/13,42991,22118.85938,22158.17969
2017,9,2017/9/14,42992,22158.17969,22203.48047
2017,9,2017/9/15,42993,22203.48047,22268.33984
2017,9,2017/9/18,42996,22268.33984,22331.34961
2017,9,2017/9/19,42997,22331.34961,22370.80078
2017,9,2017/9/20,42998,22370.80078,22412.58984
2017,9,2017/9/21,42999,22412.58984,22359.23047
2017,9,2017/9/22,43000,22359.23047,22349.58984
2017,9,2017/9/25,43003,22349.58984,22296.08984
2017,9,2017/9/26,43004,22296.08984,22284.32031
2017,9,2017/9/27,43005,22284.32031,22340.71094
2017,9,2017/9/28,43006,22340.71094,22381.19922
2017,9,2017/9/29,43007,22381.19922,22405.08984
2017,10,2017/10/2,43010,22405.08984,22557.59961
2017,10,2017/10/3,43011,22557.59961,22641.66992
2017,10,2017/10/4,43012,22641.66992,22661.64063
2017,10,2017/10/5,43013,22661.64063,22775.39063
2017,10,2017/10/6,43014,22775.39063,22773.66992
2017,10,2017/10/9,43017,22773.66992,22761.07031
2017,10,2017/10/10,43018,22761.07031,22830.67969
2017,10,2017/10/11,43019,22830.67969,22872.89063
2017,10,2017/10/12,43020,22872.89063,22841.00977
2017,10,2017/10/13,43021,22841.00977,22871.7207
2017,10,2017/10/16,43024,22871.7207,22956.96094
2017,10,2017/10/17,43025,22956.96094,22997.43945
2017,10,2017/10/18,43026,22997.43945,23157.59961
2017,10,2017/10/19,43027,23157.59961,23163.03906
2017,10,2017/10/20,43028,23163.03906,23328.63086
2017,10,2017/10/23,43031,23328.63086,23273.96094
2017,10,2017/10/24,43032,23273.96094,23441.75977
2017,10,2017/10/25,43033,23441.75977,23329.46094
2017,10,2017/10/26,43034,23329.46094,23400.85938
2017,10,2017/10/27,43035,23400.85938,23434.18945
2017,10,2017/10/30,43038,23434.18945,23348.74023
2017,10,2017/10/31,43039,23348.74023,23377.24023
2017,11,2017/11/1,43040,23377.24023,23435.00977
2017,11,2017/11/2,43041,23435.00977,23516.25977
2017,11,2017/11/3,43042,23516.25977,23539.18945
2017,11,2017/11/6,43045,23539.18945,23548.41992
2017,11,2017/11/7,43046,23548.41992,23557.23047
2017,11,2017/11/8,43047,23557.23047,23563.35938
2017,11,2017/11/9,43048,23563.35938,23461.93945
2017,11,2017/11/10,43049,23461.93945,23422.21094
2017,11,2017/11/13,43052,23422.21094,23439.69922
2017,11,2017/11/14,43053,23439.69922,23409.4707
2017,11,2017/11/15,43054,23409.4707,23271.2793
2017,11,2017/11/16,43055,23271.2793,23458.35938
2017,11,2017/11/17,43056,23458.35938,23358.24023
2017,11,2017/11/20,43059,23358.24023,23430.33008
2017,11,2017/11/21,43060,23430.33008,23590.83008
2017,11,2017/11/22,43061,23590.83008,23526.17969
2017,11,2017/11/24,43063,23526.17969,23557.99023
2017,11,2017/11/27,43066,23557.99023,23580.7793
2017,11,2017/11/28,43067,23580.7793,23836.71094
2017,11,2017/11/29,43068,23836.71094,23940.67969
2017,11,2017/11/30,43069,23940.67969,24272.34961
2017,12,2017/12/1,43070,24272.34961,24231.58984
2017,12,2017/12/4,43073,24231.58984,24290.05078
2017,12,2017/12/5,43074,24290.05078,24180.64063
2017,12,2017/12/6,43075,24180.64063,24140.91016
2017,12,2017/12/7,43076,24140.91016,24211.48047
2017,12,2017/12/8,43077,24211.48047,24329.16016
2017,12,2017/12/11,43080,24329.16016,24386.0293
2017,12,2017/12/12,43081,24386.0293,24504.80078
2017,12,2017/12/13,43082,24504.80078,24585.42969
2017,12,2017/12/14,43083,24585.42969,24508.66016
2017,12,2017/12/15,43084,24508.66016,24651.74023
2017,12,2017/12/18,43087,24651.74023,24792.19922
2017,12,2017/12/19,43088,24792.19922,24754.75
2017,12,2017/12/20,43089,24754.75,24726.65039
2017,12,2017/12/21,43090,24726.65039,24782.28906
2017,12,2017/12/22,43091,24782.28906,24754.06055
2017,12,2017/12/26,43095,24754.06055,24746.21094
2017,12,2017/12/27,43096,24746.21094,24774.30078
2017,12,2017/12/28,43097,24774.30078,24837.50977
2017,12,2017/12/29,43098,24837.50977,24719.2207
2018,1,2018/1/2,43102,24719.2207,24824.00977
2018,1,2018/1/3,43103,24824.00977,24922.67969
2018,1,2018/1/4,43104,24922.67969,25075.13086
2018,1,2018/1/5,43105,25075.13086,25295.86914
2018,1,2018/1/8,43108,25295.86914,25283
2018,1,2018/1/9,43109,25283,25385.80078
2018,1,2018/1/10,43110,25385.80078,25369.13086
2018,1,2018/1/11,43111,25369.13086,25574.73047
2018,1,2018/1/12,43112,25574.73047,25803.18945
2018,1,2018/1/16,43116,25803.18945,25792.85938
2018,1,2018/1/17,43117,25792.85938,26115.65039
2018,1,2018/1/18,43118,26115.65039,26017.81055
2018,1,2018/1/19,43119,26017.81055,26071.7207
2018,1,2018/1/22,43122,26071.7207,26214.59961
2018,1,2018/1/23,43123,26214.59961,26210.81055
2018,1,2018/1/24,43124,26210.81055,26252.11914
2018,1,2018/1/25,43125,26252.11914,26392.78906
2018,1,2018/1/26,43126,26392.78906,26616.71094
2018,1,2018/1/29,43129,26616.71094,26439.48047
2018,1,2018/1/30,43130,26439.48047,26076.89063
2018,1,2018/1/31,43131,26076.89063,26149.39063
2018,2,2018/2/1,43132,26149.39063,26186.71094
2018,2,2018/2/2,43133,26186.71094,25520.96094
2018,2,2018/2/5,43136,25520.96094,24345.75
2018,2,2018/2/6,43137,24345.75,24912.76953
2018,2,2018/2/7,43138,24912.76953,24893.34961
2018,2,2018/2/8,43139,24893.34961,23860.46094
2018,2,2018/2/9,43140,23860.46094,24190.90039
2018,2,2018/2/12,43143,24190.90039,24601.26953
2018,2,2018/2/13,43144,24601.26953,24640.44922
2018,2,2018/2/14,43145,24640.44922,24893.49023
2018,2,2018/2/15,43146,24893.49023,25200.36914
2018,2,2018/2/16,43147,25200.36914,25219.38086
2018,2,2018/2/20,43151,25219.38086,24964.75
2018,2,2018/2/21,43152,24964.75,24797.7793
2018,2,2018/2/22,43153,24797.7793,24962.48047
2018,2,2018/2/23,43154,24962.48047,25309.99023
2018,2,2018/2/26,43157,25309.99023,25709.26953
2018,2,2018/2/27,43158,25709.26953,25410.0293
2018,2,2018/2/28,43159,25410.0293,25029.19922
2018,3,2018/3/1,43160,25029.19922,24608.98047
2018,3,2018/3/2,43161,24608.98047,24538.06055
2018,3,2018/3/5,43164,24538.06055,24874.75977
2018,3,2018/3/6,43165,24874.75977,24884.11914
2018,3,2018/3/7,43166,24884.11914,24801.35938
2018,3,2018/3/8,43167,24801.35938,24895.21094
2018,3,2018/3/9,43168,24895.21094,25335.74023
2018,3,2018/3/12,43171,25335.74023,25178.60938
2018,3,2018/3/13,43172,25178.60938,25007.0293
2018,3,2018/3/14,43173,25007.0293,24758.11914
2018,3,2018/3/15,43174,24758.11914,24873.66016
2018,3,2018/3/16,43175,24873.66016,24946.50977
2018,3,2018/3/19,43178,24946.50977,24610.91016
2018,3,2018/3/20,43179,24610.91016,24727.26953
2018,3,2018/3/21,43180,24727.26953,24682.31055
2018,3,2018/3/22,43181,24682.31055,23957.89063
2018,3,2018/3/23,43182,23957.89063,23533.19922
2018,3,2018/3/26,43185,23533.19922,24202.59961
2018,3,2018/3/27,43186,24202.59961,23857.71094
2018,3,2018/3/28,43187,23857.71094,23848.41992
2018,3,2018/3/29,43188,23848.41992,24103.10938
2018,4,2018/4/2,43192,24103.10938,23644.18945
2018,4,2018/4/3,43193,23644.18945,24033.35938
2018,4,2018/4/4,43194,24033.35938,24264.30078
2018,4,2018/4/5,43195,24264.30078,24505.2207
2018,4,2018/4/6,43196,24505.2207,23932.75977
2018,4,2018/4/9,43199,23932.75977,23979.09961
2018,4,2018/4/10,43200,23979.09961,24408
2018,4,2018/4/11,43201,24408,24189.44922
2018,4,2018/4/12,43202,24189.44922,24483.05078
2018,4,2018/4/13,43203,24483.05078,24360.14063
2018,4,2018/4/16,43206,24360.14063,24573.03906
2018,4,2018/4/17,43207,24573.03906,24786.63086
2018,4,2018/4/18,43208,24786.63086,24748.07031
2018,4,2018/4/19,43209,24748.07031,24664.89063
2018,4,2018/4/20,43210,24664.89063,24462.93945
2018,4,2018/4/23,43213,24462.93945,24448.68945
2018,4,2018/4/24,43214,24448.68945,24024.13086
2018,4,2018/4/25,43215,24024.13086,24083.83008
2018,4,2018/4/26,43216,24083.83008,24322.33984
2018,4,2018/4/27,43217,24322.33984,24311.18945
2018,4,2018/4/30,43220,24311.18945,24163.15039
2018,5,2018/5/1,43221,24163.15039,24099.05078
2018,5,2018/5/2,43222,24099.05078,23924.98047
2018,5,2018/5/3,43223,23924.98047,23930.15039
2018,5,2018/5/4,43224,23930.15039,24262.50977
2018,5,2018/5/7,43227,24262.50977,24357.32031
2018,5,2018/5/8,43228,24357.32031,24360.21094
2018,5,2018/5/9,43229,24360.21094,24542.53906
2018,5,2018/5/10,43230,24542.53906,24739.5293
2018,5,2018/5/11,43231,24739.5293,24831.16992
2018,5,2018/5/14,43234,24831.16992,24899.41016
2018,5,2018/5/15,43235,24899.41016,24706.41016
2018,5,2018/5/16,43236,24706.41016,24768.92969
2018,5,2018/5/17,43237,24768.92969,24713.98047
2018,5,2018/5/18,43238,24713.98047,24715.08984
2018,5,2018/5/21,43241,24715.08984,25013.28906
2018,5,2018/5/22,43242,25013.28906,24834.41016
2018,5,2018/5/23,43243,24834.41016,24886.81055
2018,5,2018/5/24,43244,24886.81055,24811.75977
2018,5,2018/5/25,43245,24811.75977,24753.08984
2018,5,2018/5/29,43249,24753.08984,24361.44922
2018,5,2018/5/30,43250,24361.44922,24667.7793
2018,5,2018/5/31,43251,24667.7793,24415.83984
2018,6,2018/6/1,43252,24415.83984,24635.21094
2018,6,2018/6/4,43255,24635.21094,24813.68945
2018,6,2018/6/5,43256,24813.68945,24799.98047
2018,6,2018/6/6,43257,24799.98047,25146.39063
2018,6,2018/6/7,43258,25146.39063,25241.41016
2018,6,2018/6/8,43259,25241.41016,25316.5293
2018,6,2018/6/11,43262,25316.5293,25322.31055
2018,6,2018/6/12,43263,25322.31055,25320.73047
2018,6,2018/6/13,43264,25320.73047,25201.19922
2018,6,2018/6/14,43265,25201.19922,25175.31055
2018,6,2018/6/15,43266,25175.31055,25090.48047
2018,6,2018/6/18,43269,25090.48047,24987.4707
2018,6,2018/6/19,43270,24987.4707,24700.21094
2018,6,2018/6/20,43271,24700.21094,24657.80078
2018,6,2018/6/21,43272,24657.80078,24461.69922
2018,6,2018/6/22,43273,24461.69922,24580.89063
2018,6,2018/6/25,43276,24580.89063,24252.80078
2018,6,2018/6/26,43277,24252.80078,24283.10938
2018,6,2018/6/27,43278,24283.10938,24117.58984
2018,6,2018/6/28,43279,24117.58984,24216.05078
2018,6,2018/6/29,43280,24216.05078,24271.41016
2018,7,2018/7/2,43283,24271.41016,24307.17969
2018,7,2018/7/3,43284,24307.17969,24174.82031
2018,7,2018/7/5,43286,24174.82031,24356.74023
2018,7,2018/7/6,43287,24356.74023,24456.48047
2018,7,2018/7/9,43290,24456.48047,24776.58984
2018,7,2018/7/10,43291,24776.58984,24919.66016
2018,7,2018/7/11,43292,24919.66016,24700.44922
2018,7,2018/7/12,43293,24700.44922,24924.89063
2018,7,2018/7/13,43294,24924.89063,25019.41016
2018,7,2018/7/16,43297,25019.41016,25064.35938
2018,7,2018/7/17,43298,25064.35938,25119.89063
2018,7,2018/7/18,43299,25119.89063,25199.28906
2018,7,2018/7/19,43300,25199.28906,25064.5
2018,7,2018/7/20,43301,25064.5,25058.11914
2018,7,2018/7/23,43304,25058.11914,25044.28906
2018,7,2018/7/24,43305,25044.28906,25241.93945
2018,7,2018/7/25,43306,25241.93945,25414.09961
2018,7,2018/7/26,43307,25414.09961,25527.07031
2018,7,2018/7/27,43308,25527.07031,25451.06055
2018,7,2018/7/30,43311,25451.06055,25306.83008
2018,7,2018/7/31,43312,25306.83008,25415.18945
2018,8,2018/8/1,43313,25415.18945,25333.82031
2018,8,2018/8/2,43314,25333.82031,25326.16016
2018,8,2018/8/3,43315,25326.16016,25462.58008
2018,8,2018/8/6,43318,25462.58008,25502.17969
2018,8,2018/8/7,43319,25502.17969,25628.91016
2018,8,2018/8/8,43320,25628.91016,25583.75
2018,8,2018/8/9,43321,25583.75,25509.23047
2018,8,2018/8/10,43322,25509.23047,25313.14063
2018,8,2018/8/13,43325,25313.14063,25187.69922
2018,8,2018/8/14,43326,25187.69922,25299.91992
2018,8,2018/8/15,43327,25299.91992,25162.41016
2018,8,2018/8/16,43328,25162.41016,25558.73047
2018,8,2018/8/17,43329,25558.73047,25669.32031
2018,8,2018/8/20,43332,25669.32031,25758.68945
2018,8,2018/8/21,43333,25758.68945,25822.28906
2018,8,2018/8/22,43334,25822.28906,25733.59961
2018,8,2018/8/23,43335,25733.59961,25656.98047
2018,8,2018/8/24,43336,25656.98047,25790.34961
2018,8,2018/8/27,43339,25790.34961,26049.64063
2018,8,2018/8/28,43340,26049.64063,26064.01953
2018,8,2018/8/29,43341,26064.01953,26124.57031
2018,8,2018/8/30,43342,26124.57031,25986.91992
2018,8,2018/8/31,43343,25986.91992,25964.82031
2018,9,2018/9/4,43347,25964.82031,25952.48047
2018,9,2018/9/5,43348,25952.48047,25974.99023
2018,9,2018/9/6,43349,25974.99023,25995.86914
2018,9,2018/9/7,43350,25995.86914,25916.53906
2018,9,2018/9/10,43353,25916.53906,25857.07031
2018,9,2018/9/11,43354,25857.07031,25971.06055
2018,9,2018/9/12,43355,25971.06055,25998.91992
2018,9,2018/9/13,43356,25998.91992,26145.99023
2018,9,2018/9/14,43357,26145.99023,26154.66992
2018,9,2018/9/17,43360,26154.66992,26062.11914
2018,9,2018/9/18,43361,26062.11914,26246.96094
2018,9,2018/9/19,43362,26246.96094,26405.75977
2018,9,2018/9/20,43363,26405.75977,26656.98047
2018,9,2018/9/21,43364,26656.98047,26743.5
2018,9,2018/9/24,43367,26743.5,26562.05078
2018,9,2018/9/25,43368,26562.05078,26492.21094
2018,9,2018/9/26,43369,26492.21094,26385.2793
2018,9,2018/9/27,43370,26385.2793,26439.92969
2018,9,2018/9/28,43371,26439.92969,26458.31055
2018,10,2018/10/1,43374,26458.31055,26651.21094
2018,10,2018/10/2,43375,26651.21094,26773.93945
2018,10,2018/10/3,43376,26773.93945,26828.39063
2018,10,2018/10/4,43377,26828.39063,26627.48047
2018,10,2018/10/5,43378,26627.48047,26447.05078
2018,10,2018/10/8,43381,26447.05078,26486.7793
2018,10,2018/10/9,43382,26486.7793,26430.57031
2018,10,2018/10/10,43383,26430.57031,25598.74023
2018,10,2018/10/11,43384,25598.74023,25052.83008
2018,10,2018/10/12,43385,25052.83008,25339.99023
2018,10,2018/10/15,43388,25339.99023,25250.55078
2018,10,2018/10/16,43389,25250.55078,25798.41992
2018,10,2018/10/17,43390,25798.41992,25706.67969
2018,10,2018/10/18,43391,25706.67969,25379.44922
2018,10,2018/10/19,43392,25379.44922,25444.33984
2018,10,2018/10/22,43395,25444.33984,25317.41016
2018,10,2018/10/23,43396,25317.41016,25191.42969
2018,10,2018/10/24,43397,25191.42969,24583.41992
2018,10,2018/10/25,43398,24583.41992,24984.55078
2018,10,2018/10/26,43399,24984.55078,24688.31055
2018,10,2018/10/29,43402,24688.31055,24442.91992
2018,10,2018/10/30,43403,24442.91992,24874.64063
2018,10,2018/10/31,43404,24874.64063,25115.75977
2018,11,2018/11/1,43405,25115.75977,25380.74023
2018,11,2018/11/2,43406,25380.74023,25270.83008
2018,11,2018/11/5,43409,25270.83008,25461.69922
2018,11,2018/11/6,43410,25461.69922,25635.00977
2018,11,2018/11/7,43411,25635.00977,26180.30078
2018,11,2018/11/8,43412,26180.30078,26191.2207
2018,11,2018/11/9,43413,26191.2207,25989.30078
2018,11,2018/11/12,43416,25989.30078,25387.17969
2018,11,2018/11/13,43417,25387.17969,25286.49023
2018,11,2018/11/14,43418,25286.49023,25080.5
2018,11,2018/11/15,43419,25080.5,25289.26953
2018,11,2018/11/16,43420,25289.26953,25413.2207
2018,11,2018/11/19,43423,25413.2207,25017.43945
2018,11,2018/11/20,43424,25017.43945,24465.64063
2018,11,2018/11/21,43425,24465.64063,24464.68945
2018,11,2018/11/23,43427,24464.68945,24285.94922
2018,11,2018/11/26,43430,24285.94922,24640.24023
2018,11,2018/11/27,43431,24640.24023,24748.73047
2018,11,2018/11/28,43432,24748.73047,25366.42969
2018,11,2018/11/29,43433,25366.42969,25338.83984
2018,11,2018/11/30,43434,25338.83984,25538.46094
2018,12,2018/12/3,43437,25538.46094,25826.42969
2018,12,2018/12/4,43438,25826.42969,25027.07031
2018,12,2018/12/6,43440,25027.07031,24947.66992
2018,12,2018/12/7,43441,24947.66992,24388.94922
2018,12,2018/12/10,43444,24388.94922,24423.25977
2018,12,2018/12/11,43445,24423.25977,24370.24023
2018,12,2018/12/12,43446,24370.24023,24527.26953
2018,12,2018/12/13,43447,24527.26953,24597.38086
2018,12,2018/12/14,43448,24597.38086,24100.50977
2018,12,2018/12/17,43451,24100.50977,23592.98047
2018,12,2018/12/18,43452,23592.98047,23675.64063
2018,12,2018/12/19,43453,23675.64063,23323.66016
2018,12,2018/12/20,43454,23323.66016,22859.59961
2018,12,2018/12/21,43455,22859.59961,22445.36914
2018,12,2018/12/24,43458,22445.36914,21792.19922
2018,12,2018/12/26,43460,21792.19922,22878.44922
2018,12,2018/12/27,43461,22878.44922,23138.82031
2018,12,2018/12/28,43462,23138.82031,23062.40039
2018,12,2018/12/31,43465,23062.40039,23327.46094
2019,1,2019/1/2,43467,23327.46094,23346.24023
2019,1,2019/1/3,43468,23346.24023,22686.2207
2019,1,2019/1/4,43469,22686.2207,23433.16016
2019,1,2019/1/7,43472,23433.16016,23531.34961
2019,1,2019/1/8,43473,23531.34961,23787.44922
2019,1,2019/1/9,43474,23787.44922,23879.11914
2019,1,2019/1/10,43475,23879.11914,24001.91992
2019,1,2019/1/11,43476,24001.91992,23995.94922
2019,1,2019/1/14,43479,23995.94922,23909.83984
2019,1,2019/1/15,43480,23909.83984,24065.58984
2019,1,2019/1/16,43481,24065.58984,24207.16016
2019,1,2019/1/17,43482,24207.16016,24370.09961
2019,1,2019/1/18,43483,24370.09961,24706.34961
2019,1,2019/1/22,43487,24706.34961,24404.48047
2019,1,2019/1/23,43488,24404.48047,24575.61914
2019,1,2019/1/24,43489,24575.61914,24553.24023
2019,1,2019/1/25,43490,24553.24023,24737.19922
2019,1,2019/1/28,43493,24737.19922,24528.2207
2019,1,2019/1/29,43494,24528.2207,24579.96094
2019,1,2019/1/30,43495,24579.96094,25014.85938
2019,1,2019/1/31,43496,25014.85938,24999.66992
2019,2,2019/2/1,43497,24999.66992,25063.89063
2019,2,2019/2/4,43500,25063.89063,25239.36914
2019,2,2019/2/5,43501,25239.36914,25411.51953
2019,2,2019/2/6,43502,25411.51953,25390.30078
2019,2,2019/2/7,43503,25390.30078,25169.5293
2019,2,2019/2/8,43504,25169.5293,25106.33008
2019,2,2019/2/11,43507,25106.33008,25053.10938
2019,2,2019/2/12,43508,25053.10938,25425.75977
2019,2,2019/2/13,43509,25425.75977,25543.26953
2019,2,2019/2/14,43510,25543.26953,25439.39063
2019,2,2019/2/15,43511,25439.39063,25883.25
2019,2,2019/2/19,43515,25883.25,25891.32031
2019,2,2019/2/20,43516,25891.32031,25954.43945
2019,2,2019/2/21,43517,25954.43945,25850.63086
2019,2,2019/2/22,43518,25850.63086,26031.81055
2019,2,2019/2/25,43521,26031.81055,26091.94922
2019,2,2019/2/26,43522,26091.94922,26057.98047
2019,2,2019/2/27,43523,26057.98047,25985.16016
2019,2,2019/2/28,43524,25985.16016,25916
2019,3,2019/3/1,43525,25916,26026.32031
2019,3,2019/3/4,43528,26026.32031,25819.65039
2019,3,2019/3/5,43529,25819.65039,25806.63086
2019,3,2019/3/6,43530,25806.63086,25673.46094
2019,3,2019/3/7,43531,25673.46094,25473.23047
2019,3,2019/3/8,43532,25473.23047,25450.24023
2019,3,2019/3/11,43535,25450.24023,25650.88086
2019,3,2019/3/12,43536,25650.88086,25554.66016
2019,3,2019/3/13,43537,25554.66016,25702.89063
2019,3,2019/3/14,43538,25702.89063,25709.93945
2019,3,2019/3/15,43539,25709.93945,25848.86914
2019,3,2019/3/18,43542,25848.86914,25914.09961
2019,3,2019/3/19,43543,25914.09961,25887.38086
2019,3,2019/3/20,43544,25887.38086,25745.66992
2019,3,2019/3/21,43545,25745.66992,25962.50977
2019,3,2019/3/22,43546,25962.50977,25502.32031
2019,3,2019/3/25,43549,25502.32031,25516.83008
2019,3,2019/3/26,43550,25516.83008,25657.73047
2019,3,2019/3/27,43551,25657.73047,25625.58984
2019,3,2019/3/28,43552,25625.58984,25717.46094
2019,3,2019/3/29,43553,25717.46094,25928.67969
2019,4,2019/4/1,43556,25928.67969,26258.41992
2019,4,2019/4/2,43557,26258.41992,26179.13086
2019,4,2019/4/3,43558,26179.13086,26218.13086
2019,4,2019/4/4,43559,26218.13086,26384.63086
2019,4,2019/4/5,43560,26384.63086,26424.99023
2019,4,2019/4/8,43563,26424.99023,26341.01953
2019,4,2019/4/9,43564,26341.01953,26150.58008
2019,4,2019/4/10,43565,26150.58008,26157.16016
2019,4,2019/4/11,43566,26157.16016,26143.05078
2019,4,2019/4/12,43567,26143.05078,26412.30078
2019,4,2019/4/15,43570,26412.30078,26384.76953
2019,4,2019/4/16,43571,26384.76953,26452.66016
2019,4,2019/4/17,43572,26452.66016,26449.53906
2019,4,2019/4/18,43573,26449.53906,26559.53906
2019,4,2019/4/22,43577,26559.53906,26511.05078
2019,4,2019/4/23,43578,26511.05078,26656.39063
2019,4,2019/4/24,43579,26656.39063,26597.05078
2019,4,2019/4/25,43580,26597.05078,26462.08008
2019,4,2019/4/26,43581,26462.08008,26543.33008
2019,4,2019/4/29,43584,26543.33008,26554.39063
2019,4,2019/4/30,43585,26554.39063,26592.91016
2019,5,2019/5/1,43586,26592.91016,26430.14063
2019,5,2019/5/2,43587,26430.14063,26307.78906
2019,5,2019/5/3,43588,26307.78906,26504.94922
2019,5,2019/5/6,43591,26504.94922,26438.48047
2019,5,2019/5/7,43592,26438.48047,25965.08984
2019,5,2019/5/8,43593,25965.08984,25967.33008
2019,5,2019/5/9,43594,25967.33008,25828.35938
2019,5,2019/5/10,43595,25828.35938,25942.36914
2019,5,2019/5/13,43598,25942.36914,25324.99023
2019,5,2019/5/14,43599,25324.99023,25532.05078
2019,5,2019/5/15,43600,25532.05078,25648.01953
2019,5,2019/5/16,43601,25648.01953,25862.67969
2019,5,2019/5/17,43602,25862.67969,25764
2019,5,2019/5/20,43605,25764,25679.90039
2019,5,2019/5/21,43606,25679.90039,25877.33008
2019,5,2019/5/22,43607,25877.33008,25776.60938
2019,5,2019/5/23,43608,25776.60938,25490.4707
2019,5,2019/5/24,43609,25490.4707,25585.68945
2019,5,2019/5/28,43613,25585.68945,25347.76953
2019,5,2019/5/29,43614,25347.76953,25126.41016
2019,5,2019/5/30,43615,25126.41016,25169.88086
2019,5,2019/5/31,43616,25169.88086,24815.03906
2019,6,2019/6/3,43619,24815.03906,24819.7793
2019,6,2019/6/4,43620,24819.7793,25332.17969
2019,6,2019/6/5,43621,25332.17969,25539.57031
2019,6,2019/6/6,43622,25539.57031,25720.66016
2019,6,2019/6/7,43623,25720.66016,25983.93945
2019,6,2019/6/10,43626,25983.93945,26062.67969
2019,6,2019/6/11,43627,26062.67969,26048.50977
2019,6,2019/6/12,43628,26048.50977,26004.83008
2019,6,2019/6/13,43629,26004.83008,26106.76953
2019,6,2019/6/14,43630,26106.76953,26089.60938
2019,6,2019/6/17,43633,26089.60938,26112.5293
2019,6,2019/6/18,43634,26112.5293,26465.53906
2019,6,2019/6/19,43635,26465.53906,26504
2019,6,2019/6/20,43636,26504,26753.16992
2019,6,2019/6/21,43637,26753.16992,26719.13086
2019,6,2019/6/24,43640,26719.13086,26727.53906
2019,6,2019/6/25,43641,26727.53906,26548.2207
2019,6,2019/6/26,43642,26548.2207,26536.82031
2019,6,2019/6/27,43643,26536.82031,26526.58008
2019,6,2019/6/28,43644,26526.58008,26599.96094
2019,7,2019/7/1,43647,26599.96094,26717.42969
2019,7,2019/7/2,43648,26717.42969,26786.67969
2019,7,2019/7/3,43649,26786.67969,26966
2019,7,2019/7/5,43651,26966,26922.11914
2019,7,2019/7/8,43654,26922.11914,26806.14063
2019,7,2019/7/9,43655,26806.14063,26783.49023
2019,7,2019/7/10,43656,26783.49023,26860.19922
2019,7,2019/7/11,43657,26860.19922,27088.08008
2019,7,2019/7/12,43658,27088.08008,27332.0293
2019,7,2019/7/15,43661,27332.0293,27359.16016
2019,7,2019/7/16,43662,27359.16016,27335.63086
2019,7,2019/7/17,43663,27335.63086,27219.84961
2019,7,2019/7/18,43664,27219.84961,27222.9707
2019,7,2019/7/19,43665,27222.9707,27154.19922
2019,7,2019/7/22,43668,27154.19922,27171.90039
2019,7,2019/7/23,43669,27171.90039,27349.18945
2019,7,2019/7/24,43670,27349.18945,27269.9707
2019,7,2019/7/25,43671,27269.9707,27140.98047
2019,7,2019/7/26,43672,27140.98047,27192.44922
2019,7,2019/7/29,43675,27192.44922,27221.34961
2019,7,2019/7/30,43676,27221.34961,27198.01953
2019,7,2019/7/31,43677,27198.01953,26864.26953
2019,8,2019/8/1,43678,26864.26953,26583.41992
2019,8,2019/8/2,43679,26583.41992,26485.00977
2019,8,2019/8/5,43682,26485.00977,25717.74023
2019,8,2019/8/6,43683,25717.74023,26029.51953
2019,8,2019/8/7,43684,26029.51953,26007.07031
2019,8,2019/8/8,43685,26007.07031,26378.18945
2019,8,2019/8/9,43686,26378.18945,26287.43945
2019,8,2019/8/12,43689,26287.43945,25896.43945
2019,8,2019/8/13,43690,25896.43945,26279.91016
2019,8,2019/8/14,43691,26279.91016,25479.41992
2019,8,2019/8/15,43692,25479.41992,25579.39063
2019,8,2019/8/16,43693,25579.39063,25886.00977
2019,8,2019/8/19,43696,25886.00977,26135.78906
2019,8,2019/8/20,43697,26135.78906,25962.43945
2019,8,2019/8/21,43698,25962.43945,26202.73047
2019,8,2019/8/22,43699,26202.73047,26252.24023
2019,8,2019/8/23,43700,26252.24023,25628.90039
2019,8,2019/8/26,43703,25628.90039,25898.83008
2019,8,2019/8/27,43704,25898.83008,25777.90039
2019,8,2019/8/28,43705,25777.90039,26036.09961
2019,8,2019/8/29,43706,26036.09961,26362.25
2019,8,2019/8/30,43707,26362.25,26403.2793
2019,9,2019/9/3,43711,26403.2793,26118.01953
2019,9,2019/9/4,43712,26118.01953,26355.4707
2019,9,2019/9/5,43713,26355.4707,26728.15039
2019,9,2019/9/6,43714,26728.15039,26797.46094
2019,9,2019/9/9,43717,26797.46094,26835.50977
2019,9,2019/9/10,43718,26835.50977,26909.42969
2019,9,2019/9/11,43719,26909.42969,27137.03906
2019,9,2019/9/12,43720,27137.03906,27182.44922
2019,9,2019/9/13,43721,27182.44922,27219.51953
2019,9,2019/9/16,43724,27219.51953,27076.82031
2019,9,2019/9/17,43725,27076.82031,27110.80078
2019,9,2019/9/18,43726,27110.80078,27147.08008
2019,9,2019/9/19,43727,27147.08008,27094.78906
2019,9,2019/9/20,43728,27094.78906,26935.07031
2019,9,2019/9/23,43731,26935.07031,26949.99023
2019,9,2019/9/24,43732,26949.99023,26807.76953
2019,9,2019/9/25,43733,26807.76953,26970.71094
2019,9,2019/9/26,43734,26970.71094,26891.11914
2019,9,2019/9/27,43735,26891.11914,26820.25
2019,9,2019/9/30,43738,26820.25,26916.83008
2019,10,2019/10/1,43739,26916.83008,26573.03906
2019,10,2019/10/2,43740,26573.03906,26078.61914
2019,10,2019/10/3,43741,26078.61914,26201.03906
2019,10,2019/10/4,43742,26201.03906,26573.7207
2019,10,2019/10/7,43745,26573.7207,26478.01953
2019,10,2019/10/8,43746,26478.01953,26164.03906
2019,10,2019/10/9,43747,26164.03906,26346.00977
2019,10,2019/10/10,43748,26346.00977,26496.66992
2019,10,2019/10/11,43749,26496.66992,26816.58984
2019,10,2019/10/14,43752,26816.58984,26787.35938
2019,10,2019/10/15,43753,26787.35938,27024.80078
2019,10,2019/10/16,43754,27024.80078,27001.98047
2019,10,2019/10/17,43755,27001.98047,27025.88086
2019,10,2019/10/18,43756,27025.88086,26770.19922
2019,10,2019/10/21,43759,26770.19922,26827.64063
2019,10,2019/10/22,43760,26827.64063,26788.09961
2019,10,2019/10/23,43761,26788.09961,26833.94922
2019,10,2019/10/24,43762,26833.94922,26805.5293
2019,10,2019/10/25,43763,26805.5293,26958.06055
2019,10,2019/10/28,43766,26958.06055,27090.7207
2019,10,2019/10/29,43767,27090.7207,27071.46094
2019,10,2019/10/30,43768,27071.46094,27186.68945
2019,10,2019/10/31,43769,27186.68945,27046.23047
2019,11,2019/11/1,43770,27046.23047,27347.35938
2019,11,2019/11/4,43773,27347.35938,27462.10938
2019,11,2019/11/5,43774,27462.10938,27492.63086
2019,11,2019/11/6,43775,27492.63086,27492.56055
2019,11,2019/11/7,43776,27492.56055,27674.80078
2019,11,2019/11/8,43777,27674.80078,27681.24023
2019,11,2019/11/11,43780,27681.24023,27691.49023
2019,11,2019/11/12,43781,27691.49023,27691.49023
2019,11,2019/11/13,43782,27691.49023,27783.58984
2019,11,2019/11/14,43783,27783.58984,27781.96094
2019,11,2019/11/15,43784,27781.96094,28004.89063
2019,11,2019/11/18,43787,28004.89063,28036.2207
2019,11,2019/11/19,43788,28036.2207,27934.01953
2019,11,2019/11/20,43789,27934.01953,27821.08984
2019,11,2019/11/21,43790,27821.08984,27766.28906
2019,11,2019/11/22,43791,27766.28906,27875.61914
2019,11,2019/11/25,43794,27875.61914,28066.4707
2019,11,2019/11/26,43795,28066.4707,28121.67969
2019,11,2019/11/27,43796,28121.67969,28164
2019,11,2019/11/29,43798,28164,28051.41016
2019,12,2019/12/2,43801,28051.41016,27783.03906
2019,12,2019/12/3,43802,27783.03906,27502.81055
2019,12,2019/12/4,43803,27502.81055,27649.7793
2019,12,2019/12/5,43804,27649.7793,27677.78906
2019,12,2019/12/6,43805,27677.78906,28015.06055
2019,12,2019/12/9,43808,28015.06055,27909.59961
2019,12,2019/12/10,43809,27909.59961,27881.7207
2019,12,2019/12/11,43810,27881.7207,27911.30078
2019,12,2019/12/12,43811,27911.30078,28132.05078
2019,12,2019/12/13,43812,28132.05078,28135.38086
2019,12,2019/12/16,43815,28135.38086,28235.89063
2019,12,2019/12/17,43816,28235.89063,28267.16016
2019,12,2019/12/18,43817,28267.16016,28239.2793
2019,12,2019/12/19,43818,28239.2793,28376.96094
2019,12,2019/12/20,43819,28376.96094,28455.08984
2019,12,2019/12/23,43822,28455.08984,28551.5293
2019,12,2019/12/24,43823,28551.5293,28515.44922
2019,12,2019/12/26,43825,28515.44922,28621.39063
2019,12,2019/12/27,43826,28621.39063,28645.25977
2019,12,2019/12/30,43829,28645.25977,28462.14063
2019,12,2019/12/31,43830,28462.14063,28538.43945
2020,1,2020/1/2,43832,28538.43945,28868.80078
2020,1,2020/1/3,43833,28868.80078,28634.88086
2020,1,2020/1/6,43836,28634.88086,28703.38086
2020,1,2020/1/7,43837,28703.38086,28583.67969
2020,1,2020/1/8,43838,28583.67969,28745.08984
2020,1,2020/1/9,43839,28745.08984,28956.90039
2020,1,2020/1/10,43840,28956.90039,28823.76953
2020,1,2020/1/13,43843,28823.76953,28907.05078
2020,1,2020/1/14,43844,28907.05078,28939.66992
2020,1,2020/1/15,43845,28939.66992,29030.2207
2020,1,2020/1/16,43846,29030.2207,29297.64063
2020,1,2020/1/17,43847,29297.64063,29348.09961
2020,1,2020/1/21,43851,29348.09961,29196.03906
2020,1,2020/1/22,43852,29196.03906,29186.26953
2020,1,2020/1/23,43853,29186.26953,29160.08984
2020,1,2020/1/24,43854,29160.08984,28989.73047
2020,1,2020/1/27,43857,28989.73047,28535.80078
2020,1,2020/1/28,43858,28535.80078,28722.84961
2020,1,2020/1/29,43859,28722.84961,28734.44922
2020,1,2020/1/30,43860,28734.44922,28859.43945
2020,1,2020/1/31,43861,28859.43945,28256.0293
2020,2,2020/2/3,43864,28256.0293,28399.81055
2020,2,2020/2/4,43865,28399.81055,28807.63086
2020,2,2020/2/5,43866,28807.63086,29290.84961
2020,2,2020/2/6,43867,29290.84961,29379.76953
2020,2,2020/2/7,43868,29379.76953,29102.50977
2020,2,2020/2/10,43871,29102.50977,29276.82031
2020,2,2020/2/11,43872,29276.82031,29276.33984
2020,2,2020/2/12,43873,29276.33984,29551.41992
2020,2,2020/2/13,43874,29551.41992,29423.31055
2020,2,2020/2/14,43875,29423.31055,29398.08008
2020,2,2020/2/18,43879,29398.08008,29232.18945
2020,2,2020/2/19,43880,29232.18945,29348.0293
2020,2,2020/2/20,43881,29348.0293,29219.98047
2020,2,2020/2/21,43882,29219.98047,28992.41016
2020,2,2020/2/24,43885,28992.41016,27960.80078
2020,2,2020/2/25,43886,27960.80078,27081.35938
2020,2,2020/2/26,43887,27081.35938,26957.58984
2020,2,2020/2/27,43888,26957.58984,25766.64063
2020,2,2020/2/28,43889,25766.64063,25409.35938
2020,3,2020/3/2,43892,25409.35938,26703.32031
2020,3,2020/3/3,43893,26703.32031,25917.41016
2020,3,2020/3/4,43894,25917.41016,27090.85938
2020,3,2020/3/5,43895,27090.85938,26121.2793
2020,3,2020/3/6,43896,26121.2793,25864.7793
2020,3,2020/3/9,43899,25864.7793,23851.01953
2020,3,2020/3/10,43900,23851.01953,25018.16016
2020,3,2020/3/11,43901,25018.16016,23553.2207
2020,3,2020/3/12,43902,23553.2207,21200.61914
2020,3,2020/3/13,43903,21200.61914,23185.61914
2020,3,2020/3/16,43906,23185.61914,20188.51953
2020,3,2020/3/17,43907,20188.51953,21237.38086
2020,3,2020/3/18,43908,21237.38086,19898.91992
2020,3,2020/3/19,43909,19898.91992,20087.18945
2020,3,2020/3/20,43910,20087.18945,19173.98047
2020,3,2020/3/23,43913,19173.98047,18591.92969
2020,3,2020/3/24,43914,18591.92969,20704.91016
2020,3,2020/3/25,43915,20704.91016,21200.55078
2020,3,2020/3/26,43916,21200.55078,22552.16992
2020,3,2020/3/27,43917,22552.16992,21636.7793
2020,3,2020/3/30,43920,21636.7793,22327.48047
2020,3,2020/3/31,43921,22327.48047,21917.16016
2020,4,2020/4/1,43922,21917.16016,20943.50977
2020,4,2020/4/2,43923,20943.50977,21413.43945
2020,4,2020/4/3,43924,21413.43945,21052.5293
2020,4,2020/4/6,43927,21052.5293,22679.99023
2020,4,2020/4/7,43928,22679.99023,22653.85938
2020,4,2020/4/8,43929,22653.85938,23433.57031
2020,4,2020/4/9,43930,23433.57031,23719.36914
2020,4,2020/4/13,43934,23719.36914,23390.76953
2020,4,2020/4/14,43935,23390.76953,23949.75977
2020,4,2020/4/15,43936,23949.75977,23504.34961
2020,4,2020/4/16,43937,23504.34961,23537.67969
2020,4,2020/4/17,43938,23537.67969,24242.49023
2020,4,2020/4/20,43941,24242.49023,23650.43945
2020,4,2020/4/21,43942,23650.43945,23018.88086
2020,4,2020/4/22,43943,23018.88086,23475.82031
2020,4,2020/4/23,43944,23475.82031,23515.25977
2020,4,2020/4/24,43945,23515.25977,23775.26953
2020,4,2020/4/27,43948,23775.26953,24133.7793
2020,4,2020/4/28,43949,24133.7793,24101.55078
2020,4,2020/4/29,43950,24101.55078,24633.85938
2020,4,2020/4/30,43951,24633.85938,24345.7207
2020,5,2020/5/1,43952,24345.7207,23723.68945
2020,5,2020/5/4,43955,23723.68945,23749.75977
2020,5,2020/5/5,43956,23749.75977,23883.08984
2020,5,2020/5/6,43957,23883.08984,23664.64063
2020,5,2020/5/7,43958,23664.64063,23875.89063
2020,5,2020/5/8,43959,23875.89063,24331.32031
2020,5,2020/5/11,43962,24331.32031,24221.99023
2020,5,2020/5/12,43963,24221.99023,23764.7793
2020,5,2020/5/13,43964,23764.7793,23247.9707
2020,5,2020/5/14,43965,23247.9707,23625.33984
2020,5,2020/5/15,43966,23625.33984,23685.41992
2020,5,2020/5/18,43969,23685.41992,24597.36914
2020,5,2020/5/19,43970,24597.36914,24206.85938
2020,5,2020/5/20,43971,24206.85938,24575.90039
2020,5,2020/5/21,43972,24575.90039,24474.11914
2020,5,2020/5/22,43973,24474.11914,24465.16016
2020,5,2020/5/26,43977,24465.16016,24995.10938
2020,5,2020/5/27,43978,24995.10938,25548.26953
2020,5,2020/5/28,43979,25548.26953,25400.64063
2020,5,2020/5/29,43980,25400.64063,25383.10938
2020,6,2020/6/1,43983,25383.10938,25475.01953
2020,6,2020/6/2,43984,25475.01953,25742.65039
2020,6,2020/6/3,43985,25742.65039,26269.89063
2020,6,2020/6/4,43986,26269.89063,26281.82031
2020,6,2020/6/5,43987,26281.82031,27110.98047
2020,6,2020/6/8,43990,27110.98047,27572.43945
2020,6,2020/6/9,43991,27572.43945,27272.30078
2020,6,2020/6/10,43992,27272.30078,26989.99023
2020,6,2020/6/11,43993,26989.99023,25128.16992
2020,6,2020/6/12,43994,25128.16992,25605.53906
2020,6,2020/6/15,43997,25605.53906,25763.16016
2020,6,2020/6/16,43998,25763.16016,26289.98047
2020,6,2020/6/17,43999,26289.98047,26119.60938
2020,6,2020/6/18,44000,26119.60938,26080.09961
2020,6,2020/6/19,44001,26080.09961,25871.46094
2020,6,2020/6/22,44004,25871.46094,26024.96094
2020,6,2020/6/23,44005,26024.96094,26156.09961
2020,6,2020/6/24,44006,26156.09961,25445.93945
2020,6,2020/6/25,44007,25445.93945,25745.59961
2020,6,2020/6/26,44008,25745.59961,25015.55078
2020,6,2020/6/29,44011,25015.55078,25595.80078
2020,6,2020/6/30,44012,25595.80078,25812.88086
2020,7,2020/7/1,44013,25812.88086,25734.9707
2020,7,2020/7/2,44014,25734.9707,25827.35938
2020,7,2020/7/6,44018,25827.35938,26287.0293
2020,7,2020/7/7,44019,26287.0293,25890.17969
2020,7,2020/7/8,44020,25890.17969,26067.2793
2020,7,2020/7/9,44021,26067.2793,25706.08984
2020,7,2020/7/10,44022,25706.08984,26075.30078
2020,7,2020/7/13,44025,26075.30078,26085.80078
2020,7,2020/7/14,44026,26085.80078,26642.58984
2020,7,2020/7/15,44027,26642.58984,26870.09961
2020,7,2020/7/16,44028,26870.09961,26734.71094
2020,7,2020/7/17,44029,26734.71094,26671.94922
2020,7,2020/7/20,44032,26671.94922,26680.86914
2020,7,2020/7/21,44033,26680.86914,26840.40039
2020,7,2020/7/22,44034,26840.40039,27005.83984
2020,7,2020/7/23,44035,27005.83984,26652.33008
2020,7,2020/7/24,44036,26652.33008,26469.89063
2020,7,2020/7/27,44039,26469.89063,26584.76953
2020,7,2020/7/28,44040,26584.76953,26379.2793
2020,7,2020/7/29,44041,26379.2793,26539.57031
2020,7,2020/7/30,44042,26539.57031,26313.65039
2020,7,2020/7/31,44043,26313.65039,26428.32031
2020,8,2020/8/3,44046,26428.32031,26664.40039
2020,8,2020/8/4,44047,26664.40039,26828.4707
2020,8,2020/8/5,44048,26828.4707,27201.51953
2020,8,2020/8/6,44049,27201.51953,27386.98047
2020,8,2020/8/7,44050,27386.98047,27433.48047
2020,8,2020/8/10,44053,27433.48047,27791.43945
2020,8,2020/8/11,44054,27791.43945,27686.91016
2020,8,2020/8/12,44055,27686.91016,27976.83984
2020,8,2020/8/13,44056,27976.83984,27896.7207
2020,8,2020/8/14,44057,27896.7207,27931.01953
2020,8,2020/8/17,44060,27931.01953,27844.91016
2020,8,2020/8/18,44061,27844.91016,27778.07031
2020,8,2020/8/19,44062,27778.07031,27692.88086
2020,8,2020/8/20,44063,27692.88086,27739.73047
2020,8,2020/8/21,44064,27739.73047,27930.33008
2020,8,2020/8/24,44067,27930.33008,28308.46094
2020,8,2020/8/25,44068,28308.46094,28248.43945
2020,8,2020/8/26,44069,28248.43945,28331.91992
2020,8,2020/8/27,44070,28331.91992,28492.26953
2020,8,2020/8/28,44071,28492.26953,28653.86914
2020,8,2020/8/31,44074,28653.86914,28430.05078
2020,9,2020/9/1,44075,28430.05078,28645.66016
2020,9,2020/9/2,44076,28645.66016,29100.5
2020,9,2020/9/3,44077,29100.5,28292.73047
2020,9,2020/9/4,44078,28292.73047,28133.31055
2020,9,2020/9/8,44082,28133.31055,27500.89063
2020,9,2020/9/9,44083,27500.89063,27940.4707
2020,9,2020/9/10,44084,27940.4707,27534.58008
2020,9,2020/9/11,44085,27534.58008,27665.64063
2020,9,2020/9/14,44088,27665.64063,27993.33008
2020,9,2020/9/15,44089,27993.33008,27995.59961
2020,9,2020/9/16,44090,27995.59961,28032.38086
2020,9,2020/9/17,44091,28032.38086,27901.98047
2020,9,2020/9/18,44092,27901.98047,27657.41992
2020,9,2020/9/21,44095,27657.41992,27147.69922
2020,9,2020/9/22,44096,27147.69922,27288.17969
2020,9,2020/9/23,44097,27288.17969,26763.13086
2020,9,2020/9/24,44098,26763.13086,26815.43945
2020,9,2020/9/25,44099,26815.43945,27173.96094
2020,9,2020/9/28,44102,27173.96094,27584.06055
2020,9,2020/9/29,44103,27584.06055,27452.66016
2020,9,2020/9/30,44104,27452.66016,27781.69922
2020,10,2020/10/1,44105,27781.69922,27816.90039
2020,10,2020/10/2,44106,27816.90039,27682.81055
2020,10,2020/10/5,44109,27682.81055,28148.64063
2020,10,2020/10/6,44110,28148.64063,27772.75977
2020,10,2020/10/7,44111,27772.75977,28303.46094
2020,10,2020/10/8,44112,28303.46094,28425.50977
2020,10,2020/10/9,44113,28425.50977,28586.90039
2020,10,2020/10/12,44116,28586.90039,28837.51953
2020,10,2020/10/13,44117,28837.51953,28679.81055
2020,10,2020/10/14,44118,28679.81055,28514
2020,10,2020/10/15,44119,28514,28494.19922
2020,10,2020/10/16,44120,28494.19922,28606.31055
2020,10,2020/10/19,44123,28606.31055,28195.41992
2020,10,2020/10/20,44124,28195.41992,28308.78906
2020,10,2020/10/21,44125,28308.78906,28210.82031
2020,10,2020/10/22,44126,28210.82031,28363.66016
2020,10,2020/10/23,44127,28363.66016,28335.57031
2020,10,2020/10/26,44130,28335.57031,27685.38086
2020,10,2020/10/27,44131,27685.38086,27463.18945
2020,10,2020/10/28,44132,27463.18945,26519.94922
2020,10,2020/10/29,44133,26519.94922,26659.10938
2020,10,2020/10/30,44134,26659.10938,26501.59961
2020,11,2020/11/2,44137,26501.59961,26925.05078
2020,11,2020/11/3,44138,26925.05078,27480.0293
2020,11,2020/11/4,44139,27480.0293,27847.66016
2020,11,2020/11/5,44140,27847.66016,28390.17969
2020,11,2020/11/6,44141,28390.17969,28323.40039
2020,11,2020/11/9,44144,28323.40039,29157.9707
2020,11,2020/11/10,44145,29157.9707,29420.91992
2020,11,2020/11/11,44146,29420.91992,29397.63086
2020,11,2020/11/12,44147,29397.63086,29080.16992
2020,11,2020/11/13,44148,29080.16992,29479.81055
2020,11,2020/11/16,44151,29479.81055,29950.43945
2020,11,2020/11/17,44152,29950.43945,29783.34961
2020,11,2020/11/18,44153,29783.34961,29438.41992
2020,11,2020/11/19,44154,29438.41992,29483.23047
2020,11,2020/11/20,44155,29483.23047,29263.48047
2020,11,2020/11/23,44158,29263.48047,29591.26953
2020,11,2020/11/24,44159,29591.26953,30046.24023
2020,11,2020/11/25,44160,30046.24023,29872.4707
2020,11,2020/11/26,44161,29872.4707,
2020,11,2020/11/27,44162,,
2020,11,2020/11/28,44163,,
2020,11,2020/11/29,44164,,
2020,11,2020/11/30,44165,,
2020,12,2020/12/1,44166,,
2020,12,2020/12/2,44167,,
2020,12,2020/12/3,44168,,
2020,12,2020/12/4,44169,,
2020,12,2020/12/5,44170,,
2020,12,2020/12/6,44171,,
2020,12,2020/12/7,44172,,
2020,12,2020/12/8,44173,,
2020,12,2020/12/9,44174,,
2020,12,2020/12/10,44175,,
2020,12,2020/12/11,44176,,
2020,12,2020/12/12,44177,,
2020,12,2020/12/13,44178,,
2020,12,2020/12/14,44179,,
2020,12,2020/12/15,44180,,
2020,12,2020/12/16,44181,,
2020,12,2020/12/17,44182,,
2020,12,2020/12/18,44183,,
2020,12,2020/12/19,44184,,
2020,12,2020/12/20,44185,,
2020,12,2020/12/21,44186,,
2020,12,2020/12/22,44187,,
2020,12,2020/12/23,44188,,
2020,12,2020/12/24,44189,,
2020,12,2020/12/25,44190,,
2020,12,2020/12/26,44191,,
2020,12,2020/12/27,44192,,
2020,12,2020/12/28,44193,,
2020,12,2020/12/29,44194,,
2020,12,2020/12/30,44195,,
2020,12,2020/12/31,44196,,
2021,1,2021/1/1,44197,,
2021,1,2021/1/2,44198,,
2021,1,2021/1/3,44199,,
2021,1,2021/1/4,44200,,
2021,1,2021/1/5,44201,,
2021,1,2021/1/6,44202,,
2021,1,2021/1/7,44203,,
2021,1,2021/1/8,44204,,
2021,1,2021/1/9,44205,,
2021,1,2021/1/10,44206,,
2021,1,2021/1/11,44207,,
2021,1,2021/1/12,44208,,
2021,1,2021/1/13,44209,,
2021,1,2021/1/14,44210,,
2021,1,2021/1/15,44211,,
2021,1,2021/1/16,44212,,
2021,1,2021/1/17,44213,,
2021,1,2021/1/18,44214,,
2021,1,2021/1/19,44215,,
2021,1,2021/1/20,44216,,
2021,1,2021/1/21,44217,,
2021,1,2021/1/22,44218,,
2021,1,2021/1/23,44219,,
2021,1,2021/1/24,44220,,
2021,1,2021/1/25,44221,,
2021,1,2021/1/26,44222,,
2021,1,2021/1/27,44223,,
2021,1,2021/1/28,44224,,
2021,1,2021/1/29,44225,,
2021,1,2021/1/30,44226,,
2021,1,2021/1/31,44227,,
2021,2,2021/2/1,44228,,
2021,2,2021/2/2,44229,,
2021,2,2021/2/3,44230,,
2021,2,2021/2/4,44231,,
2021,2,2021/2/5,44232,,
2021,2,2021/2/6,44233,,
2021,2,2021/2/7,44234,,
2021,2,2021/2/8,44235,,
2021,2,2021/2/9,44236,,
2021,2,2021/2/10,44237,,
2021,2,2021/2/11,44238,,
2021,2,2021/2/12,44239,,
2021,2,2021/2/13,44240,,
2021,2,2021/2/14,44241,,
2021,2,2021/2/15,44242,,
2021,2,2021/2/16,44243,,
2021,2,2021/2/17,44244,,
2021,2,2021/2/18,44245,,
2021,2,2021/2/19,44246,,
2021,2,2021/2/20,44247,,
2021,2,2021/2/21,44248,,
2021,2,2021/2/22,44249,,
2021,2,2021/2/23,44250,,
2021,2,2021/2/24,44251,,
2021,2,2021/2/25,44252,,
2021,2,2021/2/26,44253,,
2021,2,2021/2/27,44254,,
2021,2,2021/2/28,44255,,
2021,3,2021/3/1,44256,,
2021,3,2021/3/2,44257,,
2021,3,2021/3/3,44258,,
2021,3,2021/3/4,44259,,
2021,3,2021/3/5,44260,,
2021,3,2021/3/6,44261,,
2021,3,2021/3/7,44262,,
2021,3,2021/3/8,44263,,
2021,3,2021/3/9,44264,,
2021,3,2021/3/10,44265,,
2021,3,2021/3/11,44266,,
2021,3,2021/3/12,44267,,
2021,3,2021/3/13,44268,,
2021,3,2021/3/14,44269,,
2021,3,2021/3/15,44270,,
2021,3,2021/3/16,44271,,
2021,3,2021/3/17,44272,,
2021,3,2021/3/18,44273,,
2021,3,2021/3/19,44274,,
2021,3,2021/3/20,44275,,
2021,3,2021/3/21,44276,,
2021,3,2021/3/22,44277,,
2021,3,2021/3/23,44278,,
2021,3,2021/3/24,44279,,
2021,3,2021/3/25,44280,,
2021,3,2021/3/26,44281,,
2021,3,2021/3/27,44282,,
2021,3,2021/3/28,44283,,
2021,3,2021/3/29,44284,,
2021,3,2021/3/30,44285,,
2021,3,2021/3/31,44286,,
2021,4,2021/4/1,44287,,
2021,4,2021/4/2,44288,,
2021,4,2021/4/3,44289,,
2021,4,2021/4/4,44290,,
2021,4,2021/4/5,44291,,
2021,4,2021/4/6,44292,,
2021,4,2021/4/7,44293,,
2021,4,2021/4/8,44294,,
2021,4,2021/4/9,44295,,
2021,4,2021/4/10,44296,,
2021,4,2021/4/11,44297,,
2021,4,2021/4/12,44298,,
2021,4,2021/4/13,44299,,
2021,4,2021/4/14,44300,,
2021,4,2021/4/15,44301,,
2021,4,2021/4/16,44302,,
2021,4,2021/4/17,44303,,
2021,4,2021/4/18,44304,,
2021,4,2021/4/19,44305,,
2021,4,2021/4/20,44306,,
2021,4,2021/4/21,44307,,
2021,4,2021/4/22,44308,,
2021,4,2021/4/23,44309,,
2021,4,2021/4/24,44310,,
2021,4,2021/4/25,44311,,
2021,4,2021/4/26,44312,,
2021,4,2021/4/27,44313,,
2021,4,2021/4/28,44314,,
2021,4,2021/4/29,44315,,
2021,4,2021/4/30,44316,,
2021,5,2021/5/1,44317,,
2021,5,2021/5/2,44318,,
2021,5,2021/5/3,44319,,
2021,5,2021/5/4,44320,,
2021,5,2021/5/5,44321,,
2021,5,2021/5/6,44322,,
2021,5,2021/5/7,44323,,
2021,5,2021/5/8,44324,,
2021,5,2021/5/9,44325,,
2021,5,2021/5/10,44326,,
2021,5,2021/5/11,44327,,
2021,5,2021/5/12,44328,,
2021,5,2021/5/13,44329,,
2021,5,2021/5/14,44330,,
2021,5,2021/5/15,44331,,
2021,5,2021/5/16,44332,,
2021,5,2021/5/17,44333,,
2021,5,2021/5/18,44334,,
2021,5,2021/5/19,44335,,
2021,5,2021/5/20,44336,,
2021,5,2021/5/21,44337,,
2021,5,2021/5/22,44338,,
2021,5,2021/5/23,44339,,
2021,5,2021/5/24,44340,,
2021,5,2021/5/25,44341,,
2021,5,2021/5/26,44342,,
2021,5,2021/5/27,44343,,
2021,5,2021/5/28,44344,,
2021,5,2021/5/29,44345,,
2021,5,2021/5/30,44346,,
2021,5,2021/5/31,44347,,
2021,6,2021/6/1,44348,,
2021,6,2021/6/2,44349,,
2021,6,2021/6/3,44350,,
2021,6,2021/6/4,44351,,
2021,6,2021/6/5,44352,,
2021,6,2021/6/6,44353,,
2021,6,2021/6/7,44354,,
2021,6,2021/6/8,44355,,
2021,6,2021/6/9,44356,,
2021,6,2021/6/10,44357,,
2021,6,2021/6/11,44358,,
2021,6,2021/6/12,44359,,
2021,6,2021/6/13,44360,,
2021,6,2021/6/14,44361,,
2021,6,2021/6/15,44362,,
2021,6,2021/6/16,44363,,
2021,6,2021/6/17,44364,,
2021,6,2021/6/18,44365,,
2021,6,2021/6/19,44366,,
2021,6,2021/6/20,44367,,
2021,6,2021/6/21,44368,,
2021,6,2021/6/22,44369,,
2021,6,2021/6/23,44370,,
2021,6,2021/6/24,44371,,
2021,6,2021/6/25,44372,,
2021,6,2021/6/26,44373,,
2021,6,2021/6/27,44374,,
2021,6,2021/6/28,44375,,
2021,6,2021/6/29,44376,,
2021,6,2021/6/30,44377,,
2021,7,2021/7/1,44378,,
2021,7,2021/7/2,44379,,
2021,7,2021/7/3,44380,,
2021,7,2021/7/4,44381,,
2021,7,2021/7/5,44382,,
2021,7,2021/7/6,44383,,
2021,7,2021/7/7,44384,,
2021,7,2021/7/8,44385,,
2021,7,2021/7/9,44386,,
2021,7,2021/7/10,44387,,
2021,7,2021/7/11,44388,,
2021,7,2021/7/12,44389,,
2021,7,2021/7/13,44390,,
2021,7,2021/7/14,44391,,
2021,7,2021/7/15,44392,,
2021,7,2021/7/16,44393,,
2021,7,2021/7/17,44394,,
2021,7,2021/7/18,44395,,
2021,7,2021/7/19,44396,,
2021,7,2021/7/20,44397,,
2021,7,2021/7/21,44398,,
2021,7,2021/7/22,44399,,
2021,7,2021/7/23,44400,,
2021,7,2021/7/24,44401,,
2021,7,2021/7/25,44402,,
2021,7,2021/7/26,44403,,
2021,7,2021/7/27,44404,,
2021,7,2021/7/28,44405,,
2021,7,2021/7/29,44406,,
2021,7,2021/7/30,44407,,
2021,7,2021/7/31,44408,,
2021,8,2021/8/1,44409,,
2021,8,2021/8/2,44410,,
2021,8,2021/8/3,44411,,
2021,8,2021/8/4,44412,,
2021,8,2021/8/5,44413,,
2021,8,2021/8/6,44414,,
2021,8,2021/8/7,44415,,
2021,8,2021/8/8,44416,,
2021,8,2021/8/9,44417,,
2021,8,2021/8/10,44418,,
2021,8,2021/8/11,44419,,
2021,8,2021/8/12,44420,,
2021,8,2021/8/13,44421,,
2021,8,2021/8/14,44422,,
2021,8,2021/8/15,44423,,
2021,8,2021/8/16,44424,,
2021,8,2021/8/17,44425,,
2021,8,2021/8/18,44426,,
2021,8,2021/8/19,44427,,
2021,8,2021/8/20,44428,,
2021,8,2021/8/21,44429,,
2021,8,2021/8/22,44430,,
2021,8,2021/8/23,44431,,
2021,8,2021/8/24,44432,,
2021,8,2021/8/25,44433,,
2021,8,2021/8/26,44434,,
2021,8,2021/8/27,44435,,
2021,8,2021/8/28,44436,,
2021,8,2021/8/29,44437,,
2021,8,2021/8/30,44438,,
2021,8,2021/8/31,44439,,
2021,9,2021/9/1,44440,,
2021,9,2021/9/2,44441,,
2021,9,2021/9/3,44442,,
2021,9,2021/9/4,44443,,
2021,9,2021/9/5,44444,,
2021,9,2021/9/6,44445,,
2021,9,2021/9/7,44446,,
2021,9,2021/9/8,44447,,
2021,9,2021/9/9,44448,,
2021,9,2021/9/10,44449,,
2021,9,2021/9/11,44450,,
2021,9,2021/9/12,44451,,
2021,9,2021/9/13,44452,,
2021,9,2021/9/14,44453,,
2021,9,2021/9/15,44454,,
2021,9,2021/9/16,44455,,
2021,9,2021/9/17,44456,,
2021,9,2021/9/18,44457,,
2021,9,2021/9/19,44458,,
2021,9,2021/9/20,44459,,
2021,9,2021/9/21,44460,,
2021,9,2021/9/22,44461,,
2021,9,2021/9/23,44462,,
2021,9,2021/9/24,44463,,
2021,9,2021/9/25,44464,,
2021,9,2021/9/26,44465,,
2021,9,2021/9/27,44466,,
2021,9,2021/9/28,44467,,
2021,9,2021/9/29,44468,,
2021,9,2021/9/30,44469,,
2021,10,2021/10/1,44470,,
2021,10,2021/10/2,44471,,
2021,10,2021/10/3,44472,,
2021,10,2021/10/4,44473,,
2021,10,2021/10/5,44474,,
2021,10,2021/10/6,44475,,
2021,10,2021/10/7,44476,,
2021,10,2021/10/8,44477,,
2021,10,2021/10/9,44478,,
2021,10,2021/10/10,44479,,
2021,10,2021/10/11,44480,,
2021,10,2021/10/12,44481,,
2021,10,2021/10/13,44482,,
2021,10,2021/10/14,44483,,
2021,10,2021/10/15,44484,,
2021,10,2021/10/16,44485,,
2021,10,2021/10/17,44486,,
2021,10,2021/10/18,44487,,
2021,10,2021/10/19,44488,,
2021,10,2021/10/20,44489,,
2021,10,2021/10/21,44490,,
2021,10,2021/10/22,44491,,
2021,10,2021/10/23,44492,,
2021,10,2021/10/24,44493,,
2021,10,2021/10/25,44494,,
2021,10,2021/10/26,44495,,
2021,10,2021/10/27,44496,,
2021,10,2021/10/28,44497,,
2021,10,2021/10/29,44498,,
2021,10,2021/10/30,44499,,
2021,10,2021/10/31,44500,,
2021,11,2021/11/1,44501,,
2021,11,2021/11/2,44502,,
2021,11,2021/11/3,44503,,
2021,11,2021/11/4,44504,,
2021,11,2021/11/5,44505,,
2021,11,2021/11/6,44506,,
2021,11,2021/11/7,44507,,
2021,11,2021/11/8,44508,,
2021,11,2021/11/9,44509,,
2021,11,2021/11/10,44510,,
2021,11,2021/11/11,44511,,
2021,11,2021/11/12,44512,,
2021,11,2021/11/13,44513,,
2021,11,2021/11/14,44514,,
2021,11,2021/11/15,44515,,
2021,11,2021/11/16,44516,,
2021,11,2021/11/17,44517,,
2021,11,2021/11/18,44518,,
2021,11,2021/11/19,44519,,
2021,11,2021/11/20,44520,,
2021,11,2021/11/21,44521,,
2021,11,2021/11/22,44522,,
2021,11,2021/11/23,44523,,
2021,11,2021/11/24,44524,,
2021,11,2021/11/25,44525,,
2021,11,2021/11/26,44526,,
2021,11,2021/11/27,44527,,
2021,11,2021/11/28,44528,,
