Day,Close,volume
2015/1/5,3641.54,451198098
2015/1/6,3641.06,420962185
2015/1/7,3643.79,320191232
2015/1/8,3559.26,295003045
2015/1/9,3546.72,349982672
2015/1/12,3513.58,266567175
2015/1/13,3514.04,187153965
2015/1/14,3502.42,196012510
2015/1/15,3604.12,237812338
2015/1/16,3635.15,282681614
2015/1/19,3355.16,329505275
2015/1/20,3396.22,297843232
2015/1/21,3548.89,337928210
2015/1/22,3567.61,268853599
2015/1/23,3571.73,280172172
2015/1/26,3607.99,239766203
2015/1/27,3574.93,287669179
2015/1/28,3525.32,216220214
2015/1/29,3481.8,211618860
2015/1/30,3434.39,196479157
2015/2/2,3353.96,195183699
2015/2/3,3437.45,192846096
2015/2/4,3401.77,191304349
2015/2/5,3366.95,250430609
2015/2/6,3312.42,192664186
2015/2/9,3345.92,172353820
2015/2/10,3406.94,159309088
2015/2/11,3434.12,144613772
2015/2/12,3442.87,156081691
2015/2/13,3469.83,201089971
2015/2/16,3499.48,165641343
2015/2/17,3522.32,165328313
2015/2/25,3478.73,165539351
2015/2/26,3566.29,229328438
2015/2/27,3572.84,222786438
2015/3/2,3601.26,248176125
2015/3/3,3507.9,261866489
2015/3/4,3530.82,199663981
2015/3/5,3496.34,217508805
2015/3/6,3478.52,181518054
2015/3/9,3537.75,233940411
2015/3/10,3520.61,194267657
2015/3/11,3524.65,188947825
2015/3/12,3592.84,265664625
2015/3/13,3617.66,246864768
2015/3/16,3705.67,275438307
2015/3/17,3757.12,371625666
2015/3/18,3846.05,415190011
2015/3/19,3839.74,391547630
2015/3/20,3892.57,401817552
2015/3/23,3972.06,391119922
2015/3/24,3973.05,468581312
2015/3/25,3940.41,379968851
2015/3/26,3950,346756315
2015/3/27,3971.697,298756064
2015/3/30,4088.18,428297020
2015/3/31,4051.2,436065635
2015/4/1,4123.9,329512853
2015/4/2,4124.78,339070487
2015/4/3,4170.54,321303766
2015/4/7,4260.04,415362654
2015/4/8,4295.8,458676715
2015/4/9,4262.14,439699902
2015/4/10,4344.42,348190170
2015/4/13,4421.07,434153036
2015/4/14,4438.18,434432126
2015/4/15,4380.51,472154131
2015/4/16,4513.55,422603748
2015/4/17,4596.14,552802663
2015/4/20,4521.92,686439075
2015/4/21,4619.16,490314991
2015/4/22,4739.81,516213792
2015/4/23,4740.89,497430954
2015/4/24,4702.64,480152936
2015/4/27,4807.59,513076548
2015/4/28,4741.86,608638545
2015/4/29,4774.33,395056980
2015/4/30,4749.89,399727444
2015/5/4,4787.74,377843853
2015/5/5,4596.84,460419626
2015/5/6,4553.33,376073702
2015/5/7,4470.09,297759203
2015/5/8,4558.4,302407967
2015/5/11,4690.53,373838420
2015/5/12,4747.42,377053891
2015/5/13,4718.44,370730424
2015/5/14,4700.78,337725152
2015/5/15,4617.47,328431166
2015/5/18,4575.14,269180489
2015/5/19,4731.22,314785952
2015/5/20,4754.92,363180748
2015/5/21,4840.98,305054537
2015/5/22,4951.33,455846718
2015/5/25,5099.5,465736590
2015/5/26,5198.92,487949359
2015/5/27,5181.43,470798730
2015/5/28,4834.01,571829047
2015/5/29,4840.83,427878859
2015/6/1,5076.18,417503741
2015/6/2,5161.87,412973196
2015/6/3,5143.59,414258270
2015/6/4,5181.42,482767268
2015/6/5,5230.55,545961196
2015/6/8,5353.75,637313237
2015/6/9,5317.46,570427263
2015/6/10,5309.11,442165676
2015/6/11,5306.59,392338755
2015/6/12,5335.12,430131386
2015/6/15,5221.17,475745703
2015/6/16,5064.82,411675638
2015/6/17,5138.83,397124187
2015/6/18,4930.55,364395814
2015/6/19,4637.05,358104744
2015/6/23,4786.09,365087944
2015/6/24,4880.13,434638723
2015/6/25,4706.52,446135982
2015/6/26,4336.19,446639790
2015/6/29,4191.55,525662482
2015/6/30,4473,527045280
2015/7/1,4253.02,431721411
2015/7/2,4108,457062194
2015/7/3,3885.92,429300850
2015/7/6,3998.54,648094530
2015/7/7,3928,679385007
2015/7/8,3663.04,581467097
2015/7/9,3897.63,503870610
2015/7/10,4106.56,500701802
2015/7/13,4211.81,502092186
2015/7/14,4112.15,454422009
2015/7/15,3966.76,421956367
2015/7/16,3997.36,330531345
2015/7/17,4151.5,331107131
2015/7/20,4160.61,352673472
2015/7/21,4166.01,318374945
2015/7/22,4157.16,318945997
2015/7/23,4250.81,354471759
2015/7/24,4176.28,392045373
2015/7/27,3818.73,365054511
2015/7/28,3811.09,383527216
2015/7/29,3930.38,276972845
2015/7/30,3815.41,271548665
2015/7/31,3816.7,222376767
2015/8/3,3829.24,245805030
2015/8/4,3948.16,220236556
2015/8/5,3866.9,200484269
2015/8/6,3831.85,147278694
2015/8/7,3906.95,183349153
2015/8/10,4084.36,306780540
2015/8/11,4066.67,322034191
2015/8/12,4016.13,255146196
2015/8/13,4075.46,242836979
2015/8/14,4073.54,253392996
2015/8/17,4077.87,256939638
2015/8/18,3825.41,319881070
2015/8/19,3886.14,269049839
2015/8/20,3761.45,212167965
2015/8/21,3589.54,217986403
2015/8/24,3275.53,255436652
2015/8/25,3042.93,276081306
2015/8/26,3025.69,308270623
2015/8/27,3205.64,267294930
2015/8/28,3342.29,299498426
2015/8/31,3366.54,280250403
2015/9/1,3362.08,352458528
2015/9/2,3365.83,347789412
2015/9/7,3250.49,204224431
2015/9/8,3334.02,154599631
2015/9/9,3399.3,220467421
2015/9/10,3357.56,144882971
2015/9/11,3347.19,108547508
2015/9/14,3281.13,205457251
2015/9/15,3152.23,143555641
2015/9/16,3309.25,159709994
2015/9/17,3237,169401881
2015/9/18,3251.27,106903481
2015/9/21,3308.25,122788668
2015/9/22,3339.03,146221985
2015/9/23,3263.03,123171439
2015/9/24,3285,102011238
2015/9/25,3231.95,121419278
2015/9/28,3242.75,74219468
2015/9/29,3178.85,87150633
2015/9/30,3202.95,78559349
2015/10/8,3296.48,132081768
2015/10/9,3340.12,124352500
2015/10/12,3447.69,221400468
2015/10/13,3445.04,145433786
2015/10/14,3406.11,152173938
2015/10/15,3486.81,171158299
2015/10/16,3534.06,208964709
2015/10/19,3534.18,207606744
2015/10/20,3577.7,179025108
2015/10/21,3473.25,282076050
2015/10/22,3524.53,184305580
2015/10/23,3571.24,198294478
2015/10/26,3589.26,204248863
2015/10/27,3592.88,192056140
2015/10/28,3524.92,170977098
2015/10/29,3533.31,127010446
2015/10/30,3534.08,139141914
2015/11/2,3475.96,130002568
2015/11/3,3465.49,101401876
2015/11/4,3628.54,205423865
2015/11/5,3705.97,398046568
2015/11/6,3793.37,298753076
2015/11/9,3840.35,356804823
2015/11/10,3833.24,286519603
2015/11/11,3833.65,232234296
2015/11/12,3795.32,217537647
2015/11/13,3746.24,203489891
2015/11/16,3764.13,161690901
2015/11/17,3758.39,248533071
2015/11/18,3715.58,185689495
2015/11/19,3774.97,154631989
2015/11/20,3774.38,186951689
2015/11/23,3753.33,175626812
2015/11/24,3753.89,143383283
2015/11/25,3781.61,151944941
2015/11/26,3759.43,173525468
2015/11/27,3556.99,208939358
2015/11/30,3566.41,173201163
2015/12/1,3591.7,136536554
2015/12/2,3721.96,213538865
2015/12/3,3749.3,197762126
2015/12/4,3677.59,151199522
2015/12/7,3687.61,113883150
2015/12/8,3623.02,125781083
2015/12/9,3635.94,113325422
2015/12/10,3623.08,120215625
2015/12/11,3608.06,110322481
2015/12/14,3711.32,151769119
2015/12/15,3694.39,126481710
2015/12/16,3685.44,111342723
2015/12/17,3755.89,177924075
2015/12/18,3767.91,173465980
2015/12/21,3865.97,217435275
2015/12/22,3876.73,180303661
2015/12/23,3866.38,207017147
2015/12/24,3829.4,147181397
2015/12/25,3838.2,119624013
2015/12/28,3727.63,153988440
2015/12/29,3761.87,101885555
2015/12/30,3765.18,105629955
2015/12/31,3731,101873556
2016/1/4,3470.41,115370674
2016/1/5,3478.78,162116984
2016/1/6,3539.81,145966144
2016/1/7,3294.38,44102641
2016/1/8,3361.56,185959451
2016/1/11,3192.45,174638387
2016/1/12,3215.71,128225796
2016/1/13,3155.88,120666494
2016/1/14,3221.57,134537671
2016/1/15,3118.73,124601779
2016/1/18,3130.73,101128386
2016/1/19,3223.12,127653893
2016/1/20,3174.38,130650504
2016/1/21,3081.35,111189733
2016/1/22,3113.46,89951087
2016/1/25,3128.89,81540061
2016/1/26,2940.51,126933921
2016/1/27,2930.35,132229366
2016/1/28,2853.76,99222756
2016/1/29,2946.09,113304259
2016/2/1,2901.05,86795342
2016/2/2,2961.33,88601963
2016/2/3,2948.64,77389000
2016/2/4,2984.76,91779724
2016/2/5,2963.79,76850808
2016/2/15,2946.71,72919434
2016/2/16,3037.04,112579643
2016/2/17,3063.32,128291607
2016/2/18,3053.7,124401464
2016/2/19,3051.58,87338012
2016/2/22,3118.87,140946968
2016/2/23,3089.36,112567391
2016/2/24,3109.55,111782650
2016/2/25,2918.75,157829752
2016/2/26,2948.03,106949729
2016/2/29,2877.47,129341020
2016/3/1,2930.69,116045918
2016/3/2,3051.33,175972347
2016/3/3,3058.42,173105744
2016/3/4,3093.89,219172534
2016/3/7,3104.84,132462037
2016/3/8,3107.67,136235742
2016/3/9,3071.91,111466245
2016/3/10,3013.15,76072197
2016/3/11,3018.28,73333564
2016/3/14,3065.69,117108655
2016/3/15,3074.78,98311941
2016/3/16,3090.03,124736448
2016/3/17,3124.2,121661777
2016/3/18,3171.96,197302564
2016/3/21,3249.44,233269464
2016/3/22,3225.79,161020897
2016/3/23,3236.09,125679286
2016/3/24,3181.85,133131122
2016/3/25,3197.82,97395330
2016/3/28,3169.73,103441933
2016/3/29,3135.41,97294747
2016/3/30,3216.28,117802512
2016/3/31,3218.09,121552074
2016/4/1,3221.89,118122139
2016/4/5,3264.49,146047772
2016/4/6,3257.53,120196305
2016/4/7,3209.29,112409467
2016/4/8,3185.73,101005625
2016/4/11,3230.1,125212709
2016/4/12,3218.45,92869437
2016/4/13,3261.38,195613866
2016/4/14,3275.83,113157327
2016/4/15,3272.21,99807529
2016/4/18,3228.45,97090069
2016/4/19,3238.3,80871440
2016/4/20,3181.03,162207858
2016/4/21,3160.6,104752651
2016/4/22,3174.9,77078492
2016/4/25,3162.03,67519351
2016/4/26,3179.16,59020734
2016/4/27,3165.92,60004147
2016/4/28,3160.58,69870660
2016/4/29,3156.75,58029776
2016/5/3,3213.54,98164835
2016/5/4,3209.46,90862408
2016/5/5,3213.92,74733681
2016/5/6,3130.35,108680240
2016/5/9,3065.62,99230477
2016/5/10,3069.11,68849935
2016/5/11,3082.81,81794258
2016/5/12,3090.14,78765726
2016/5/13,3074.94,62629755
2016/5/16,3095.31,59461856
2016/5/17,3086.02,65278125
2016/5/18,3068.04,82715369
2016/5/19,3062.5,60444166
2016/5/20,3078.22,56080842
2016/5/23,3087.22,59697216
2016/5/24,3063.56,58734385
2016/5/25,3059.23,56652803
2016/5/26,3064.21,60392981
2016/5/27,3062.5,60468750
2016/5/30,3066.71,63098579
2016/5/31,3169.56,138863111
2016/6/1,3160.55,113148482
2016/6/2,3167.1,86003427
2016/6/3,3189.33,101491783
2016/6/6,3178.79,76693751
2016/6/7,3177.05,68928314
2016/6/8,3163.99,76291775
2016/6/13,3066.34,92975947
2016/6/14,3075.98,66279457
2016/6/15,3116.37,87393257
2016/6/16,3094.67,82974703
2016/6/17,3110.36,85402985
2016/6/20,3112.67,63587141
2016/6/21,3106.32,87965345
2016/6/22,3133.96,66487113
2016/6/23,3117.32,67751738
2016/6/24,3077.16,104792208
2016/6/27,3120.54,83267259
2016/6/28,3136.4,92024637
2016/6/29,3151.39,103723668
2016/6/30,3153.92,79692617
2016/7/1,3154.2,71746283
2016/7/4,3204.7,133310529
2016/7/5,3207.38,130226895
2016/7/6,3216.8,124897458
2016/7/7,3209.95,118595202
2016/7/8,3192.28,89734855
2016/7/11,3203.33,138529511
2016/7/12,3273.18,172534217
2016/7/13,3282.87,175196090
2016/7/14,3276.76,107525798
2016/7/15,3276.28,102665026
2016/7/18,3262.02,110312518
2016/7/19,3248.23,88886861
2016/7/20,3237.6,72701255
2016/7/21,3252.52,86004825
2016/7/22,3225.16,86029128
2016/7/25,3230.89,70203185
2016/7/26,3269.59,81051089
2016/7/27,3218.24,160188665
2016/7/28,3221.14,112779964
2016/7/29,3203.93,88044837
2016/8/1,3176.81,87003497
2016/8/2,3189.05,62167639
2016/8/3,3193.51,72864102
2016/8/4,3201.29,73504373
2016/8/5,3205.11,77196366
2016/8/8,3234.18,86676051
2016/8/9,3256.98,91065259
2016/8/10,3243.34,90430372
2016/8/11,3233.36,101041213
2016/8/12,3294.23,116254044
2016/8/15,3393.42,220543421
2016/8/16,3378.25,196389740
2016/8/17,3373.05,138847688
2016/8/18,3364.49,142380169
2016/8/19,3365.02,119961508
2016/8/22,3336.79,107951008
2016/8/23,3341.83,92924516
2016/8/24,3329.86,81191429
2016/8/25,3308.97,100589153
2016/8/26,3307.09,81530691
2016/8/29,3307.78,77036333
2016/8/30,3311.99,75725987
2016/8/31,3327.79,79570805
2016/9/1,3301.58,84947219
2016/9/2,3314.11,82791803
2016/9/5,3319.68,78292477
2016/9/6,3342.63,98283998
2016/9/7,3340.82,102940106
2016/9/8,3339.56,71916158
2016/9/9,3318.04,82657036
2016/9/12,3262.6,122917682
2016/9/13,3260.33,67180288
2016/9/14,3238.73,70432697
2016/9/19,3263.12,58831082
2016/9/20,3257.4,52784206
2016/9/21,3266.64,59142979
2016/9/22,3291.12,75753542
2016/9/23,3275.67,57993986
2016/9/26,3220.28,70452186
2016/9/27,3240.75,58460550
2016/9/28,3230.89,44727498
2016/9/29,3244.39,55452556
2016/9/30,3253.28,44978022
2016/10/10,3293.87,80519260
2016/10/11,3306.56,87713163
2016/10/12,3300.01,68669781
2016/10/13,3302.65,81224198
2016/10/14,3305.85,82316271
2016/10/17,3277.88,86113509
2016/10/18,3321.33,102860714
2016/10/19,3316.24,101167725
2016/10/20,3318.6,79238871
2016/10/21,3327.74,109785176
2016/10/24,3367.58,153014345
2016/10/25,3367.45,111191693
2016/10/26,3354.8,98024786
2016/10/27,3345.7,77629851
2016/10/28,3340.13,93133309
2016/10/31,3336.28,71352863
2016/11/1,3359.05,74938199
2016/11/2,3333.35,91197104
2016/11/3,3365.08,126223504
2016/11/4,3354.17,104069655
2016/11/7,3356.59,99877988
2016/11/8,3371.12,103148282
2016/11/9,3353.05,139110059
2016/11/10,3390.61,134705535
2016/11/11,3417.22,198781496
2016/11/14,3430.25,213247105
2016/11/15,3429.87,134566320
2016/11/16,3429.59,129808511
2016/11/17,3436.53,121561731
2016/11/18,3417.46,115951205
2016/11/21,3441.11,146434529
2016/11/22,3468.36,168523446
2016/11/23,3474.73,162388504
2016/11/24,3488.74,145746301
2016/11/25,3521.3,153621506
2016/11/28,3535.08,207375483
2016/11/29,3564.04,236918356
2016/11/30,3538,178560178
2016/12/1,3565.04,180170761
2016/12/2,3528.95,196355480
2016/12/5,3469.41,180852355
2016/12/6,3459.15,115529090
2016/12/7,3475.75,114345103
2016/12/8,3470.14,117383922
2016/12/9,3493.7,150303308
2016/12/12,3409.18,187467751
2016/12/13,3405.04,121105097
2016/12/14,3378.95,124007744
2016/12/15,3340.43,114960660
2016/12/16,3346.03,90775422
2016/12/19,3328.98,81640678
2016/12/20,3309.06,87569592
2016/12/21,3338.54,108254995
2016/12/22,3335.67,92277249
2016/12/23,3307.6,97444713
2016/12/26,3322.4,89793982
2016/12/27,3316.39,75486359
2016/12/28,3301.89,69000437
2016/12/29,3297.76,70087923
2016/12/30,3310.08,71744116
2017/1/3,3342.23,86567896
2017/1/4,3368.31,90050827
2017/1/5,3367.79,88336357
2017/1/6,3347.67,87459114
2017/1/9,3363.9,83707942
2017/1/10,3358.27,83819160
2017/1/11,3334.5,91071438
2017/1/12,3317.62,81239135
2017/1/13,3319.91,84180589
2017/1/16,3319.45,157779135
2017/1/17,3326.36,69453328
2017/1/18,3339.37,70623227
2017/1/19,3329.29,66159808
2017/1/20,3354.89,65300462
2017/1/23,3364.08,75557498
2017/1/24,3364.45,66194226
2017/1/25,3375.9,58376931
2017/1/26,3387.96,65316647
2017/2/3,3364.49,55188861
2017/2/6,3373.21,68521360
2017/2/7,3365.68,63754462
2017/2/8,3383.29,75402879
2017/2/9,3396.29,97558515
2017/2/10,3413.49,123768720
2017/2/13,3436.27,120144538
2017/2/14,3435.8,94809465
2017/2/15,3421.71,127643338
2017/2/16,3440.93,108276962
2017/2/17,3421.44,114600036
2017/2/20,3471.39,132628862
2017/2/21,3482.82,114842009
2017/2/22,3489.76,102815994
2017/2/23,3473.32,99536330
2017/2/24,3473.85,95535133
2017/2/27,3446.22,98672160
2017/2/28,3452.81,75215260
2017/3/1,3458.44,103260354
2017/3/2,3435.1,89898077
2017/3/3,3427.86,80994652
2017/3/6,3446.48,83070882
2017/3/7,3453.96,80334720
2017/3/8,3448.73,79587690
2017/3/9,3426.94,84570381
2017/3/10,3427.89,70016199
2017/3/13,3458.1,91684124
2017/3/14,3456.69,77077963
2017/3/15,3463.64,79104954
2017/3/16,3481.51,106333913
2017/3/17,3445.81,103755560
2017/3/20,3449.61,88734322
2017/3/21,3466.35,87707855
2017/3/22,3450.05,104935894
2017/3/23,3461.98,94318062
2017/3/24,3489.6,125645833
2017/3/27,3478.04,107015377
2017/3/28,3469.81,84194820
2017/3/29,3465.19,104851706
2017/3/30,3436.76,116376922
2017/3/31,3456.05,91577491
2017/4/5,3503.89,143399017
2017/4/6,3514.05,136767004
2017/4/7,3517.46,140293204
2017/4/10,3505.14,141887380
2017/4/11,3517.33,165945832
2017/4/12,3509.44,181824537
2017/4/13,3514.57,129981813
2017/4/14,3486.5,135474078
2017/4/17,3479.94,117164961
2017/4/18,3462.74,110927823
2017/4/19,3445.88,121349264
2017/4/20,3461.55,114184208
2017/4/21,3466.79,104419110
2017/4/24,3431.26,114660791
2017/4/25,3440.97,94072148
2017/4/26,3445.18,111940029
2017/4/27,3446.72,123298425
2017/4/28,3439.75,101632351
2017/5/2,3426.58,92797462
2017/5/3,3413.13,91669624
2017/5/4,3404.39,103482075
2017/5/5,3382.55,109895333
2017/5/8,3358.81,123749287
2017/5/9,3352.53,76771668
2017/5/10,3337.7,92082628
2017/5/11,3356.65,109252890
2017/5/12,3385.38,93386466
2017/5/15,3399.19,82977611
2017/5/16,3428.65,105242416
2017/5/17,3409.97,99736837
2017/5/18,3398.11,85759589
2017/5/19,3403.85,71473525
2017/5/22,3411.24,92539559
2017/5/23,3424.19,116911033
2017/5/24,3424.17,83553161
2017/5/25,3485.66,130721631
2017/5/26,3480.43,103241153
2017/5/31,3492.88,104829744
2017/6/1,3497.74,103127724
2017/6/2,3486.51,82668010
2017/6/5,3468.75,79738152
2017/6/6,3492.88,64089388
2017/6/7,3533.87,104419968
2017/6/8,3560.98,90224905
2017/6/9,3576.17,101188265
2017/6/12,3574.39,90381167
2017/6/13,3582.27,75177138
2017/6/14,3535.3,83810783
2017/6/15,3528.79,82632535
2017/6/16,3518.76,76452707
2017/6/19,3553.67,79797141
2017/6/20,3546.49,80509559
2017/6/21,3587.96,87859824
2017/6/22,3590.34,135526987
2017/6/23,3622.88,105129134
2017/6/26,3668.09,134637995
2017/6/27,3674.72,97558702
2017/6/28,3646.17,97920858
2017/6/29,3668.83,85589498
2017/6/30,3666.8,81510028
2017/7/3,3650.85,88820860
2017/7/4,3619.98,95071413
2017/7/5,3659.68,88232425
2017/7/6,3660.1,102379245
2017/7/7,3655.93,103735497
2017/7/10,3653.69,120591910
2017/7/11,3670.81,118760826
2017/7/12,3658.82,122287792
2017/7/13,3686.92,125669549
2017/7/14,3703.09,105514005
2017/7/17,3663.56,178821600
2017/7/18,3667.18,124622056
2017/7/19,3729.75,182477787
2017/7/20,3747.88,142410039
2017/7/21,3728.6,117941226
2017/7/24,3743.47,134868722
2017/7/25,3719.56,121672059
2017/7/26,3705.39,136325210
2017/7/27,3712.19,145002904
2017/7/28,3721.89,111411392
2017/7/31,3737.87,148429039
2017/8/1,3770.38,152546539
2017/8/2,3760.85,172293383
2017/8/3,3727.83,146153944
2017/8/4,3707.58,157470060
2017/8/7,3726.79,124231530
2017/8/8,3732.21,137241928
2017/8/9,3731.04,124679989
2017/8/10,3715.92,130085128
2017/8/11,3647.35,150387421
2017/8/14,3694.68,115308451
2017/8/15,3706.06,106444857
2017/8/16,3701.42,104134141
2017/8/17,3721.28,108656251
2017/8/18,3724.67,96561705
2017/8/21,3740.99,100313073
2017/8/22,3752.3,100292856
2017/8/23,3756.09,104961573
2017/8/24,3734.65,89947372
2017/8/25,3795.75,129940900
2017/8/28,3842.71,185576325
2017/8/29,3834.54,128227070
2017/8/30,3834.3,141352857
2017/8/31,3822.09,132944935
2017/9/1,3830.54,158645511
2017/9/4,3845.62,149566320
2017/9/5,3857.05,124964155
2017/9/6,3849.45,131398723
2017/9/7,3829.87,123884181
2017/9/8,3825.99,106036504
2017/9/11,3825.65,123883997
2017/9/12,3837.93,144190242
2017/9/13,3842.61,95410785
2017/9/14,3829.96,115358583
2017/9/15,3831.3,122427006
2017/9/18,3843.14,117934405
2017/9/19,3832.12,112432987
2017/9/20,3842.44,101129542
2017/9/21,3837.82,111098192
2017/9/22,3837.73,100619802
2017/9/25,3817.79,103948976
2017/9/26,3820.78,81869407
2017/9/27,3821.2,85655811
2017/9/28,3822.54,93544069
2017/9/29,3836.5,93306028
2017/10/9,3882.21,135535851
2017/10/10,3889.86,112532586
2017/10/11,3902.69,104418151
2017/10/12,3912.95,94340921
2017/10/13,3921,90142068
2017/10/16,3913.45,121355033
2017/10/17,3913.07,82241227
2017/10/18,3944.16,100969841
2017/10/19,3931.25,106527252
2017/10/20,3926.85,72980180
2017/10/23,3930.8,81484980
2017/10/24,3959.4,93058154
2017/10/25,3976.95,88205458
2017/10/26,3993.58,129895465
2017/10/27,4021.97,126672846
2017/10/30,4009.72,157387603
2017/10/31,4006.72,109178779
2017/11/1,3996.62,130417380
2017/11/2,3997.13,126100579
2017/11/3,3992.7,129404439
2017/11/6,4020.89,122081159
2017/11/7,4054.25,152116663
2017/11/8,4048.01,150827719
2017/11/9,4075.9,121056335
2017/11/10,4111.91,141817165
2017/11/13,4128.07,151446309
2017/11/14,4099.35,143236936
2017/11/15,4073.67,120635696
2017/11/16,4105.01,121384414
2017/11/17,4120.85,191784119
2017/11/20,4143.83,137447258
2017/11/21,4217.7,180350821
2017/11/22,4227.57,186477003
2017/11/23,4102.4,178147228
2017/11/24,4104.2,130858040
2017/11/27,4049.95,143455268
2017/11/28,4055.82,102058095
2017/11/29,4053.75,124553642
2017/11/30,4006.1,107983345
2017/12/1,3998.14,97386913
2017/12/4,4018.86,102647219
2017/12/5,4040.17,154087076
2017/12/6,4015.82,109286205
2017/12/7,3971.06,90254045
2017/12/8,4003.38,89282861
2017/12/11,4069.5,97148946
2017/12/12,4016.02,84338718
2017/12/13,4050.09,77546131
2017/12/14,4026.15,80768862
2017/12/15,3980.86,89044389
2017/12/18,3985.29,77853375
2017/12/19,4035.33,77528985
2017/12/20,4030.49,90604503
2017/12/21,4067.85,96836089
2017/12/22,4054.6,73473684
2017/12/25,4041.54,91926962
2017/12/26,4053.62,91118790
2017/12/27,3991.21,105153577
2017/12/28,4018.9,118542886
2017/12/29,4030.85,90486683
2018/1/2,4087.4,146935435
2018/1/3,4111.39,151852218
2018/1/4,4128.81,134543794
2018/1/5,4138.75,149009872
2018/1/8,4160.16,173877666
2018/1/9,4189.3,139034294
2018/1/10,4207.81,151121666
2018/1/11,4205.59,121578539
2018/1/12,4225,111354794
2018/1/15,4225.24,170907897
2018/1/16,4258.47,161494963
2018/1/17,4248.12,214311032
2018/1/18,4271.42,172032846
2018/1/19,4285.4,209490570
2018/1/22,4336.6,174643195
2018/1/23,4382.61,201867585
2018/1/24,4389.89,219818889
2018/1/25,4365.08,195374950
2018/1/26,4381.3,177227237
2018/1/29,4302.02,191100354
2018/1/30,4256.1,139034730
2018/1/31,4275.9,145210164
2018/2/1,4245.9,190002934
2018/2/2,4271.23,146066827
2018/2/5,4274.15,161347799
2018/2/6,4148.89,214910450
2018/2/7,4050.5,203127493
2018/2/8,4012.05,159269985
2018/2/9,3840.65,206349828
2018/2/12,3890.1,116182637
2018/2/13,3935.63,112565885
2018/2/14,3966.96,71081338
2018/2/22,4052.73,105811571
2018/2/23,4071.09,99458746
2018/2/26,4118.42,137881001
2018/2/27,4058.98,125934470
2018/2/28,4023.64,109343593
2018/3/1,4049.09,110199852
2018/3/2,4016.46,96165000
2018/3/5,4018.1,87952548
2018/3/6,4066.56,138762444
2018/3/7,4036.65,106952426
2018/3/8,4077.6,91155810
2018/3/9,4108.87,113701808
2018/3/12,4127.67,140906739
2018/3/13,4091.25,111766430
2018/3/14,4073.34,99013409
2018/3/15,4096.16,88161156
2018/3/16,4056.42,84896188
2018/3/19,4074.25,81502882
2018/3/20,4077.7,80605280
2018/3/21,4061.05,97609488
2018/3/22,4020.35,89095259
2018/3/23,3904.94,180080449
2018/3/26,3879.89,115139128
2018/3/27,3913.27,113700711
2018/3/28,3842.72,101494908
2018/3/29,3894.05,116629066
2018/3/30,3898.5,97512270
2018/4/2,3886.92,111242666
2018/4/3,3862.48,95137369
2018/4/4,3854.86,88730609
2018/4/9,3852.93,84105462
2018/4/10,3927.17,106173722
2018/4/11,3938.34,111933021
2018/4/12,3898.64,82699490
2018/4/13,3871.14,71544203
2018/4/16,3808.86,99217770
2018/4/17,3748.64,90610790
2018/4/18,3766.28,106676706
2018/4/19,3811.84,99054060
2018/4/20,3760.85,99282925
2018/4/23,3766.33,90356291
2018/4/24,3843.49,114219525
2018/4/25,3828.7,78172612
2018/4/26,3755.49,87150641
2018/4/27,3756.88,89531726
2018/5/2,3763.65,83301035
2018/5/3,3793,93961118
2018/5/4,3774.6,71554288
2018/5/7,3834.19,87286195
2018/5/8,3878.68,94215157
2018/5/9,3871.62,66712966
2018/5/10,3893.06,70667809
2018/5/11,3872.84,73356604
2018/5/14,3909.29,81975999
2018/5/15,3924.1,76049555
2018/5/16,3892.84,71913646
2018/5/17,3864.05,59030123
2018/5/18,3903.06,72613956
2018/5/21,3921.24,92641737
2018/5/22,3906.21,75368778
2018/5/23,3854.58,83722319
2018/5/24,3827.22,68345022
2018/5/25,3816.5,70836386
2018/5/28,3833.26,71521132
2018/5/29,3804.01,81552662
2018/5/30,3723.37,87913285
2018/5/31,3802.38,92666894
2018/6/1,3770.59,77821813
2018/6/4,3807.58,76624341
2018/6/5,3845.32,78687360
2018/6/6,3837.35,73117237
2018/6/7,3831.01,80256147
2018/6/8,3779.62,83337335
2018/6/11,3779.98,68709834
2018/6/12,3825.95,73206244
2018/6/13,3788.34,66377970
2018/6/14,3773.37,68471322
2018/6/15,3753.43,85488893
2018/6/19,3621.12,160706542
2018/6/20,3635.44,86718098
2018/6/21,3592.97,93908552
2018/6/22,3608.9,75117864
2018/6/25,3560.48,79877078
2018/6/26,3531.11,84985269
2018/6/27,3459.26,81491817
2018/6/28,3423.53,75918051
2018/6/29,3510.98,77257031
2018/7/2,3407.96,84351449
2018/7/3,3409.28,95278693
2018/7/4,3363.75,75157997
2018/7/5,3342.44,81587981
2018/7/6,3365.12,86097579
2018/7/9,3459.18,76601545
2018/7/10,3467.52,69548823
2018/7/11,3407.53,72040950
2018/7/12,3481.06,96353564
2018/7/13,3492.69,72955897
2018/7/16,3472.09,68281999
2018/7/17,3449.38,61983076
2018/7/18,3431.32,66530330
2018/7/19,3428.34,68477716
2018/7/20,3492.89,101984727
2018/7/23,3525.75,119036627
2018/7/24,3581.71,156912435
2018/7/25,3577.75,96758501
2018/7/26,3536.25,90349641
2018/7/27,3521.23,70178104
2018/7/30,3515.08,82116995
2018/7/31,3517.66,67980817
2018/8/1,3447.39,90348617
2018/8/2,3370.96,101308727
2018/8/3,3315.28,70796910
2018/8/6,3273.27,77975083
2018/8/7,3368.87,91783916
2018/8/8,3314.51,79284865
2018/8/9,3397.53,91957572
2018/8/10,3405.02,68967299
2018/8/13,3390.34,76191532
2018/8/14,3372.91,60651446
2018/8/15,3291.98,68174055
2018/8/16,3276.73,76547366
2018/8/17,3229.62,67395413
2018/8/20,3267.25,70904228
2018/8/21,3326.65,75205583
2018/8/22,3307.95,50787057
2018/8/23,3320.03,61112334
2018/8/24,3325.33,63765897
2018/8/27,3406.57,94270082
2018/8/28,3400.17,75445363
2018/8/29,3386.57,67020404
2018/8/30,3351.09,68385290
2018/8/31,3334.5,76205630
2018/9/3,3321.82,66429855
2018/9/4,3363.9,67088807
2018/9/5,3298.14,64301888
2018/9/6,3262.88,62300288
2018/9/7,3277.64,63947408
2018/9/10,3230.07,63817051
2018/9/11,3224.21,58491305
2018/9/12,3202.02,54627899
2018/9/13,3236.57,67290327
2018/9/14,3242.09,60130640
2018/9/17,3204.92,52259547
2018/9/18,3269.43,70425035
2018/9/19,3312.48,89170666
2018/9/20,3310.13,64561057
2018/9/21,3410.49,108416005
2018/9/25,3379.8,69054693
2018/9/26,3417.24,93173343
2018/9/27,3403.59,69765241
2018/9/28,3438.86,84377756
2018/10/8,3290.9,97888989
2018/10/9,3288.69,66723274
2018/10/10,3281.6,64492828
2018/10/11,3124.11,120941342
2018/10/12,3170.73,98611151
2018/10/15,3126.45,69605023
2018/10/16,3100.97,68887721
2018/10/17,3118.25,76837138
2018/10/18,3044.39,73771968
2018/10/19,3134.95,98839688
2018/10/22,3270.27,145862045
2018/10/23,3183.43,121013241
2018/10/24,3188.2,110909744
2018/10/25,3194.31,106951817
2018/10/26,3173.64,101299354
2018/10/29,3076.89,91839789
2018/10/30,3110.26,116070101
2018/10/31,3153.82,111207455
2018/11/1,3177.03,132653379
2018/11/2,3290.25,153466104
2018/11/5,3262.84,109706683
2018/11/6,3243.15,83869138
2018/11/7,3221.91,91615528
2018/11/8,3212.77,76414540
2018/11/9,3167.44,84282762
2018/11/12,3205.14,88062391
2018/11/13,3237.38,126493464
2018/11/14,3204.94,113808659
2018/11/15,3242.37,98558810
2018/11/16,3257.67,126876835
2018/11/19,3294.6,115956595
2018/11/20,3218.41,109361154
2018/11/21,3226.49,84119726
2018/11/22,3214.43,65098291
2018/11/23,3143.48,84638255
2018/11/26,3141.24,59379140
2018/11/27,3137.24,55407832
2018/11/28,3178.93,74881955
2018/11/29,3137.65,80498466
2018/11/30,3172.69,70921044
2018/12/3,3260.95,121487157
2018/12/4,3267.71,79415039
2018/12/5,3252,76153052
2018/12/6,3181.67,76328771
2018/12/7,3181.56,53361924
2018/12/10,3144.76,63437273
2018/12/11,3159.82,53223877
2018/12/12,3170.61,53309914
2018/12/13,3219.69,90442755
2018/12/14,3165.91,84301250
2018/12/17,3161.2,66497007
2018/12/18,3128.43,63820319
2018/12/19,3091.13,55522299
2018/12/20,3067.42,69749463
2018/12/21,3029.4,76758101
2018/12/24,3038.2,57299615
2018/12/25,3017.28,78689425
2018/12/26,3002.03,55647032
2018/12/27,2990.51,80541785
2018/12/28,3010.65,71053779
2019/1/2,2969.54,68663021
2019/1/3,2964.84,70867103
2019/1/4,3035.87,103318972
2019/1/7,3054.3,101164359
2019/1/8,3047.7,86170585
2019/1/9,3078.48,107364350
2019/1/10,3072.69,85271756
2019/1/11,3094.78,71786424
2019/1/14,3067.78,66121702
2019/1/15,3127.99,88772962
2019/1/16,3128.65,80214341
2019/1/17,3111.42,80174871
2019/1/18,3168.17,103963834
2019/1/21,3185.64,93915022
2019/1/22,3143.32,72990528
2019/1/23,3141.05,59870478
2019/1/24,3158.78,72934636
2019/1/25,3184.47,83967729
2019/1/28,3183.78,82622431
2019/1/29,3193.97,77658334
2019/1/30,3168.48,63746517
2019/1/31,3201.63,86247839
2019/2/1,3247.4,82019641
2019/2/11,3306.47,98818434
2019/2/12,3330.34,122232462
2019/2/13,3397.03,163828332
2019/2/14,3402.14,151127290
2019/2/15,3338.7,143668603
2019/2/18,3445.74,182886089
2019/2/19,3439.61,179083785
2019/2/20,3451.93,147390311
2019/2/21,3442.71,180143287
2019/2/22,3520.12,187237974
2019/2/25,3729.48,342557122
2019/2/26,3684.69,358038698
2019/2/27,3678.39,286236007
2019/2/28,3669.37,184810220
2019/3/1,3749.71,204711004
2019/3/4,3794.1,323490126
2019/3/5,3816.01,230853166
2019/3/6,3848.09,318077371
2019/3/7,3808.85,329846548
2019/3/8,3657.58,317990077
2019/3/11,3729.95,230912865
2019/3/12,3755.35,274926382
2019/3/13,3724.19,233682248
2019/3/14,3698.49,190817237
2019/3/15,3745,175174544
2019/3/18,3851.75,216928060
2019/3/19,3833.96,181727110
2019/3/20,3835.44,175632090
2019/3/21,3836.89,196310310
2019/3/22,3833.8,171356993
2019/3/25,3742.83,198586329
2019/3/26,3700.44,173046579
2019/3/27,3743.39,138758454
2019/3/28,3728.4,133272129
2019/3/29,3872.34,215639103
2019/4/1,3973.93,271382704
2019/4/2,3971.29,226000341
2019/4/3,4022.16,231917368
2019/4/4,4062.23,260410939
2019/4/8,4057.23,267505576
2019/4/9,4075.43,182956808
2019/4/10,4085.85,194687613
2019/4/11,3997.58,169049641
2019/4/12,3988.62,135862118
2019/4/15,3975.52,182645571
2019/4/16,4085.79,202041966
2019/4/17,4087.24,180367117
2019/4/18,4072.08,146562123
2019/4/19,4120.61,150794910
2019/4/22,4025.61,189353745
2019/4/23,4019.01,155611650
2019/4/24,4030.09,145498695
2019/4/25,3941.82,159722071
2019/4/26,3889.27,142008068
2019/4/29,3900.33,153870927
2019/4/30,3913.21,116233376
2019/5/6,3684.62,197472882
2019/5/7,3720.67,132847654
2019/5/8,3667.46,112867355
2019/5/9,3599.7,101037394
2019/5/10,3730.45,148003847
2019/5/13,3668.73,103391860
2019/5/14,3645.15,102313460
2019/5/15,3727.09,110161769
2019/5/16,3743.96,116258274
2019/5/17,3648.76,128453245
2019/5/20,3617.79,108963477
2019/5/21,3666.78,111022920
2019/5/22,3649.38,98346128
2019/5/23,3583.96,99897781
2019/5/24,3593.91,80934048
2019/5/27,3637.2,108830871
2019/5/28,3672.26,117886240
2019/5/29,3663.91,93355441
2019/5/30,3641.18,94202561
2019/5/31,3629.79,89222267
2019/6/3,3632.01,100723180
2019/6/4,3598.47,87097094
2019/6/5,3597.1,88642020
2019/6/6,3564.68,85534403
2019/6/10,3610.74,92375061
2019/6/11,3719.28,143482806
2019/6/12,3691.1,119178853
2019/6/13,3685.39,96331718
2019/6/14,3654.88,101817004
2019/6/17,3654.82,72976678
2019/6/18,3667.62,70692266
2019/6/19,3715.94,125595715
2019/6/20,3828.52,168872073
2019/6/21,3833.94,153635155
2019/6/24,3841.27,100084621
2019/6/25,3801.31,124075912
2019/6/26,3794.33,81820283
2019/6/27,3834.82,105316358
2019/6/28,3825.59,84766139
2019/7/1,3935.81,158370340
2019/7/2,3937.17,131863496
2019/7/3,3893.53,111992603
2019/7/4,3873.1,99342256
2019/7/5,3893.2,74006527
2019/7/8,3802.79,109539086
2019/7/9,3793.13,74842732
2019/7/10,3786.74,72833948
2019/7/11,3785.22,75311965
2019/7/12,3808.73,75465967
2019/7/15,3824.19,101205222
2019/7/16,3806.84,80730952
2019/7/17,3804.64,95183885
2019/7/18,3768.4,87496445
2019/7/19,3807.96,88086149
2019/7/22,3781.68,92101377
2019/7/23,3789.91,71313346
2019/7/24,3819.83,90940684
2019/7/25,3851.07,93740417
2019/7/26,3858.57,83259300
2019/7/29,3854.27,84814370
2019/7/30,3870.32,94123955
2019/7/31,3835.36,82151155
2019/8/1,3803.47,84114180
2019/8/2,3747.44,108335897
2019/8/5,3675.69,101325981
2019/8/6,3636.33,129833871
2019/8/7,3621.43,84238716
2019/8/8,3669.29,88457707
2019/8/9,3633.53,85295580
2019/8/12,3699.1,82083056
2019/8/13,3665.75,76500302
2019/8/14,3682.4,91202590
2019/8/15,3694,88598832
2019/8/16,3710.54,88319169
2019/8/19,3791.09,139327013
2019/8/20,3787.73,108602088
2019/8/21,3781.76,82299880
2019/8/22,3793.51,85807792
2019/8/23,3820.86,87954583
2019/8/26,3765.91,93859269
2019/8/27,3816.95,124731478
2019/8/28,3802.58,88750812
2019/8/29,3790.19,84083387
2019/8/30,3799.59,96695150
2019/9/2,3848.32,110289349
2019/9/3,3853.61,97714631
2019/9/4,3886,126628615
2019/9/5,3925.32,181656231
2019/9/6,3948.51,121882376
2019/9/9,3972.95,146809754
2019/9/10,3959.26,130889386
2019/9/11,3930.1,131594875
2019/9/12,3972.38,110241273
2019/9/16,3957.72,110259805
2019/9/17,3891.22,113694317
2019/9/18,3910.08,82056152
2019/9/19,3924.38,85984238
2019/9/20,3935.65,103455955
2019/9/23,3890.66,94036225
2019/9/24,3901.08,87783230
2019/9/25,3870.98,89520835
2019/9/26,3841.14,102698301
2019/9/27,3852.65,74003947
2019/9/30,3814.53,65931313
2019/10/8,3837.68,76657860
2019/10/9,3843.24,75854512
2019/10/10,3874.64,79222694
2019/10/11,3911.73,93412577
2019/10/14,3953.24,122393611
2019/10/15,3936.25,85273949
2019/10/16,3922.69,83229707
2019/10/17,3925.22,64863745
2019/10/18,3869.38,82321140
2019/10/21,3880.84,74182918
2019/10/22,3895.88,68918566
2019/10/23,3871.08,70198625
2019/10/24,3870.67,71334575
2019/10/25,3896.79,77453620
2019/10/28,3926.58,97406020
2019/10/29,3910.23,82257075
2019/10/30,3891.23,77872923
2019/10/31,3886.75,86714539
2019/11/1,3952.39,100689612
2019/11/4,3978.12,104193855
2019/11/5,4002.81,112911880
2019/11/6,3984.88,97312952
2019/11/7,3991.88,87254898
2019/11/8,3973.01,97106948
2019/11/11,3902.98,94155621
2019/11/12,3903.69,76543069
2019/11/13,3899.98,76749078
2019/11/14,3905.86,87008446
2019/11/15,3877.09,83730917
2019/11/18,3907.93,76645993
2019/11/19,3947.04,82161025
2019/11/20,3907.86,76815333
2019/11/21,3889.6,69130538
2019/11/22,3849.99,91042639
2019/11/25,3878.21,106066289
2019/11/26,3891.65,111513537
2019/11/27,3875.62,76437305
2019/11/28,3862.3,65230119
2019/11/29,3828.67,74144331
2019/12/2,3836.06,77412173
2019/12/3,3851.09,73611240
2019/12/4,3849.82,79683385
2019/12/5,3879.36,89051193
2019/12/6,3902.39,78648887
2019/12/9,3895.45,95353806
2019/12/10,3900.38,86262928
2019/12/11,3902.75,99765480
2019/12/12,3891.02,84708330
2019/12/13,3968.22,148571349
2019/12/16,3987.55,148486670
2019/12/17,4041.8,201162937
2019/12/18,4032.78,151351764
2019/12/19,4027.15,117900558
2019/12/20,4017.25,121267662
2019/12/23,3967.1,122816246
2019/12/24,3992.96,95989045
2019/12/25,3990.87,94938890
2019/12/26,4025.99,108860640
2019/12/27,4022.03,150926411
2019/12/30,4081.63,155971488
2019/12/31,4096.58,123264258
2020/1/2,4152.24,182116772
2020/1/3,4144.96,142826244
2020/1/6,4129.3,175309953
2020/1/7,4160.23,139489031
2020/1/8,4112.32,167585850
2020/1/9,4164.37,136886324
2020/1/10,4163.19,113031719
2020/1/13,4203.99,119691982
2020/1/14,4189.89,129320783
2020/1/15,4166.73,104633136
2020/1/16,4149.04,100267642
2020/1/17,4154.85,98725682
2020/1/20,4185.83,122409147
2020/1/21,4114.31,130527507
2020/1/22,4131.93,126758763
2020/1/23,4003.9,160357603
2020/2/3,3688.36,157559647
2020/2/4,3785.64,213933328
2020/2/5,3828.53,174925524
2020/2/6,3899.78,176462235
2020/2/7,3899.87,151731759
2020/2/10,3916.01,148406969
2020/2/11,3952.46,143441674
2020/2/12,3984.43,126710321
2020/2/13,3959.92,145001843
2020/2/14,3987.73,143239803
2020/2/17,4077.42,182778969
2020/2/18,4057.51,163236220
2020/2/19,4051.31,169046441
2020/2/20,4144.66,212232624
2020/2/21,4149.49,217213604
2020/2/24,4132.84,212869303
2020/2/25,4123.85,244167831
2020/2/26,4073.02,261094061
2020/2/27,4084.88,181290981
2020/2/28,3940.05,230275093
2020/3/2,4069.67,219313559
2020/3/3,4091.36,219369777
2020/3/4,4115.05,182424730
2020/3/5,4206.73,231823115
2020/3/6,4138.51,172475717
2020/3/9,3997.13,208102035
2020/3/10,4082.73,197416402
2020/3/11,4028.43,161656111
2020/3/12,3950.91,157060458
2020/3/13,3895.31,188296722
2020/3/16,3727.84,185968260
2020/3/17,3709.68,166246129
2020/3/18,3636.26,155037547
2020/3/19,3589.09,180807407
2020/3/20,3653.22,139603000
2020/3/23,3530.31,137108790
2020/3/24,3625.11,143103021
2020/3/25,3722.52,153495958
2020/3/26,3698.05,112310665
2020/3/27,3710.06,124060995
2020/3/30,3674.11,126876673
2020/3/31,3686.16,111453025
2020/4/1,3675.08,119352620
2020/4/2,3734.53,115168209
2020/4/3,3713.22,99825083
2020/4/7,3798.02,142778030
2020/4/8,3780.34,111389513
2020/4/9,3792.81,100485032
2020/4/10,3769.18,102444956
2020/4/13,3753.26,79053343
2020/4/14,3825.7,110637585
2020/4/15,3797.36,108461984
2020/4/16,3802.38,95947965
2020/4/17,3839.49,132004301
2020/4/20,3853.46,100013115
2020/4/21,3808.05,102921888
2020/4/22,3839.38,85899464
2020/4/23,3829.75,95508450
2020/4/24,3796.97,94844135
2020/4/27,3822.77,95462735
2020/4/28,3849.15,122093476
2020/4/29,3867.03,95854590
2020/4/30,3912.58,132917125
2020/5/6,3936.25,139855675
2020/5/7,3924.89,105514646
2020/5/8,3963.62,116943341
2020/5/11,3960.18,122673803
2020/5/12,3960.24,98250554
2020/5/13,3968.25,88190669
2020/5/14,3925.22,88530004
2020/5/15,3912.82,92618382
2020/5/18,3922.91,112801762
2020/5/19,3956.25,94015291
2020/5/20,3935.22,100791150
2020/5/21,3913.79,94861033
2020/5/22,3824.06,103378360
2020/5/25,3829.32,79033326
2020/5/26,3872.77,77448076
2020/5/27,3845.61,83711831
2020/5/28,3856.63,93064054
2020/5/29,3867.02,93813832
2020/6/1,3971.34,136456652
2020/6/2,3983.57,144303060
2020/6/3,3983.65,136597483
2020/6/4,3982.19,104277737
2020/6/5,4001.25,102443942
2020/6/8,4021.95,137925813
2020/6/9,4047.03,115304479
2020/6/10,4039.71,112265728
2020/6/11,3995.88,127308941
2020/6/12,4003.08,134166649
2020/6/15,3954.99,131297860
2020/6/16,4014.57,111051539
2020/6/17,4017.59,105605799
2020/6/18,4044.38,138148761
2020/6/19,4098.71,152946990
2020/6/22,4102.05,155829465
2020/6/23,4121.79,129229510
2020/6/24,4138.99,121712465
2020/6/29,4109.72,130865854
2020/6/30,4163.96,125933521
2020/7/1,4247.78,169990456
2020/7/2,4335.84,252939368
2020/7/3,4419.6,290485539
2020/7/6,4670.09,405821025
2020/7/7,4698.13,406008553
2020/7/8,4774,348074847
2020/7/9,4840.77,351046893
2020/7/10,4753.13,316949651
2020/7/13,4852.96,321645446
2020/7/14,4806.69,297241985
2020/7/15,4744.47,272389006
2020/7/16,4516.25,284657133
2020/7/17,4544.7,207375563
2020/7/20,4680.3,246068914
2020/7/21,4691.04,200415659
2020/7/22,4714.45,224199211
2020/7/23,4712.44,234314569
2020/7/24,4505.59,243905203
2020/7/27,4528.45,171420551
2020/7/28,4568.26,162768498
2020/7/29,4679.01,186695305
2020/7/30,4656.15,166967566
2020/7/31,4695.05,184839026
2020/8/3,4771.31,214776239
2020/8/4,4775.8,239974985
2020/8/5,4777.11,196700548
2020/8/6,4762.76,227854406
2020/8/7,4707.93,213518216
2020/8/10,4724.87,203788832
2020/8/11,4681.78,205546511
2020/8/12,4647.64,202887239
2020/8/13,4635.71,152550092
2020/8/14,4704.63,147292921
2020/8/17,4815.23,268001556
2020/8/18,4812.76,189139854
2020/8/19,4740.68,192442948
2020/8/20,4679.15,158368639
2020/8/21,4718.84,142657864
2020/8/24,4755.85,151143512
2020/8/25,4761.95,141701351
2020/8/26,4706.13,151305180
2020/8/27,4731.35,119042850
2020/8/28,4844.27,159399765
2020/8/31,4816.22,202567029
2020/9/1,4842.12,138395402
2020/9/2,4843.89,157989524
2020/9/3,4817.1,145671201
2020/9/4,4770.22,120032796
2020/9/7,4669.37,148607791
2020/9/8,4694.39,139199227
2020/9/9,4584.59,162277107
2020/9/10,4581.98,150652878
2020/9/11,4627.28,115302424
2020/9/14,4651.05,107235179
2020/9/15,4688.48,101915925
2020/9/16,4657.36,108753641
2020/9/17,4632.71,105983631
2020/9/18,4737.09,160426475
2020/9/21,4691.43,124535827
2020/9/22,4635.76,119672947
2020/9/23,4652.33,95826528
2020/9/24,4563.07,112593683
2020/9/25,4570.02,93015155
2020/9/28,4581.91,85048389
2020/9/29,4591.8,85993858
2020/9/30,4587.4,89081200
2020/10/9,4681.14,111337512
2020/10/12,4823.16,155784558
2020/10/13,4839.2,116516338
2020/10/14,4807.1,111906923
2020/10/15,4798.74,109964962
2020/10/16,4791.68,116716102
2020/10/19,4755.49,129246361
2020/10/20,4793.47,98048156
2020/10/21,4792.83,103805703
2020/10/22,4777.98,101350891
2020/10/23,4718.49,106825184
2020/10/26,4691.24,108343275
2020/10/27,4699.28,92656304
2020/10/28,4737.27,108463402
2020/10/29,4772.92,117117250
2020/10/30,4695.33,139802303
2020/11/2,4720.83,142867693
2020/11/3,4777.56,136055408
2020/11/4,4813.66,114661806
2020/11/5,4885.11,139244594
2020/11/6,4885.72,153639034
2020/11/9,4981.35,197131984
2020/11/10,4953.88,176267214
2020/11/11,4904.9,164470515
2020/11/12,4908.46,118114619
2020/11/13,4856.85,133693079
2020/11/16,4904.17,148770980
2020/11/17,4894.79,151487464
2020/11/18,4891.67,164216616
2020/11/19,4927.99,133681378
2020/11/20,4943.29,129400341
2020/11/23,5005.03,205915187
2020/11/24,4974.29,156637911
2020/11/25,4910.7,170340527
2020/11/26,4919.59,137202338
