Year,Month,Day,Day_num,Last_day_value,Today_value
2015,1,2015/1/5,42009,,451198098
2015,1,2015/1/6,42010,451198098,420962185
2015,1,2015/1/7,42011,420962185,320191232
2015,1,2015/1/8,42012,320191232,295003045
2015,1,2015/1/9,42013,295003045,349982672
2015,1,2015/1/12,42016,349982672,266567175
2015,1,2015/1/13,42017,266567175,187153965
2015,1,2015/1/14,42018,187153965,196012510
2015,1,2015/1/15,42019,196012510,237812338
2015,1,2015/1/16,42020,237812338,282681614
2015,1,2015/1/19,42023,282681614,329505275
2015,1,2015/1/20,42024,329505275,297843232
2015,1,2015/1/21,42025,297843232,337928210
2015,1,2015/1/22,42026,337928210,268853599
2015,1,2015/1/23,42027,268853599,280172172
2015,1,2015/1/26,42030,280172172,239766203
2015,1,2015/1/27,42031,239766203,287669179
2015,1,2015/1/28,42032,287669179,216220214
2015,1,2015/1/29,42033,216220214,211618860
2015,1,2015/1/30,42034,211618860,196479157
2015,2,2015/2/2,42037,196479157,195183699
2015,2,2015/2/3,42038,195183699,192846096
2015,2,2015/2/4,42039,192846096,191304349
2015,2,2015/2/5,42040,191304349,250430609
2015,2,2015/2/6,42041,250430609,192664186
2015,2,2015/2/9,42044,192664186,172353820
2015,2,2015/2/10,42045,172353820,159309088
2015,2,2015/2/11,42046,159309088,144613772
2015,2,2015/2/12,42047,144613772,156081691
2015,2,2015/2/13,42048,156081691,201089971
2015,2,2015/2/16,42051,201089971,165641343
2015,2,2015/2/17,42052,165641343,165328313
2015,2,2015/2/25,42060,165328313,165539351
2015,2,2015/2/26,42061,165539351,229328438
2015,2,2015/2/27,42062,229328438,222786438
2015,3,2015/3/2,42065,222786438,248176125
2015,3,2015/3/3,42066,248176125,261866489
2015,3,2015/3/4,42067,261866489,199663981
2015,3,2015/3/5,42068,199663981,217508805
2015,3,2015/3/6,42069,217508805,181518054
2015,3,2015/3/9,42072,181518054,233940411
2015,3,2015/3/10,42073,233940411,194267657
2015,3,2015/3/11,42074,194267657,188947825
2015,3,2015/3/12,42075,188947825,265664625
2015,3,2015/3/13,42076,265664625,246864768
2015,3,2015/3/16,42079,246864768,275438307
2015,3,2015/3/17,42080,275438307,371625666
2015,3,2015/3/18,42081,371625666,415190011
2015,3,2015/3/19,42082,415190011,391547630
2015,3,2015/3/20,42083,391547630,401817552
2015,3,2015/3/23,42086,401817552,391119922
2015,3,2015/3/24,42087,391119922,468581312
2015,3,2015/3/25,42088,468581312,379968851
2015,3,2015/3/26,42089,379968851,346756315
2015,3,2015/3/27,42090,346756315,298756064
2015,3,2015/3/30,42093,298756064,428297020
2015,3,2015/3/31,42094,428297020,436065635
2015,4,2015/4/1,42095,436065635,329512853
2015,4,2015/4/2,42096,329512853,339070487
2015,4,2015/4/3,42097,339070487,321303766
2015,4,2015/4/7,42101,321303766,415362654
2015,4,2015/4/8,42102,415362654,458676715
2015,4,2015/4/9,42103,458676715,439699902
2015,4,2015/4/10,42104,439699902,348190170
2015,4,2015/4/13,42107,348190170,434153036
2015,4,2015/4/14,42108,434153036,434432126
2015,4,2015/4/15,42109,434432126,472154131
2015,4,2015/4/16,42110,472154131,422603748
2015,4,2015/4/17,42111,422603748,552802663
2015,4,2015/4/20,42114,552802663,686439075
2015,4,2015/4/21,42115,686439075,490314991
2015,4,2015/4/22,42116,490314991,516213792
2015,4,2015/4/23,42117,516213792,497430954
2015,4,2015/4/24,42118,497430954,480152936
2015,4,2015/4/27,42121,480152936,513076548
2015,4,2015/4/28,42122,513076548,608638545
2015,4,2015/4/29,42123,608638545,395056980
2015,4,2015/4/30,42124,395056980,399727444
2015,5,2015/5/4,42128,399727444,377843853
2015,5,2015/5/5,42129,377843853,460419626
2015,5,2015/5/6,42130,460419626,376073702
2015,5,2015/5/7,42131,376073702,297759203
2015,5,2015/5/8,42132,297759203,302407967
2015,5,2015/5/11,42135,302407967,373838420
2015,5,2015/5/12,42136,373838420,377053891
2015,5,2015/5/13,42137,377053891,370730424
2015,5,2015/5/14,42138,370730424,337725152
2015,5,2015/5/15,42139,337725152,328431166
2015,5,2015/5/18,42142,328431166,269180489
2015,5,2015/5/19,42143,269180489,314785952
2015,5,2015/5/20,42144,314785952,363180748
2015,5,2015/5/21,42145,363180748,305054537
2015,5,2015/5/22,42146,305054537,455846718
2015,5,2015/5/25,42149,455846718,465736590
2015,5,2015/5/26,42150,465736590,487949359
2015,5,2015/5/27,42151,487949359,470798730
2015,5,2015/5/28,42152,470798730,571829047
2015,5,2015/5/29,42153,571829047,427878859
2015,6,2015/6/1,42156,427878859,417503741
2015,6,2015/6/2,42157,417503741,412973196
2015,6,2015/6/3,42158,412973196,414258270
2015,6,2015/6/4,42159,414258270,482767268
2015,6,2015/6/5,42160,482767268,545961196
2015,6,2015/6/8,42163,545961196,637313237
2015,6,2015/6/9,42164,637313237,570427263
2015,6,2015/6/10,42165,570427263,442165676
2015,6,2015/6/11,42166,442165676,392338755
2015,6,2015/6/12,42167,392338755,430131386
2015,6,2015/6/15,42170,430131386,475745703
2015,6,2015/6/16,42171,475745703,411675638
2015,6,2015/6/17,42172,411675638,397124187
2015,6,2015/6/18,42173,397124187,364395814
2015,6,2015/6/19,42174,364395814,358104744
2015,6,2015/6/23,42178,358104744,365087944
2015,6,2015/6/24,42179,365087944,434638723
2015,6,2015/6/25,42180,434638723,446135982
2015,6,2015/6/26,42181,446135982,446639790
2015,6,2015/6/29,42184,446639790,525662482
2015,6,2015/6/30,42185,525662482,527045280
2015,7,2015/7/1,42186,527045280,431721411
2015,7,2015/7/2,42187,431721411,457062194
2015,7,2015/7/3,42188,457062194,429300850
2015,7,2015/7/6,42191,429300850,648094530
2015,7,2015/7/7,42192,648094530,679385007
2015,7,2015/7/8,42193,679385007,581467097
2015,7,2015/7/9,42194,581467097,503870610
2015,7,2015/7/10,42195,503870610,500701802
2015,7,2015/7/13,42198,500701802,502092186
2015,7,2015/7/14,42199,502092186,454422009
2015,7,2015/7/15,42200,454422009,421956367
2015,7,2015/7/16,42201,421956367,330531345
2015,7,2015/7/17,42202,330531345,331107131
2015,7,2015/7/20,42205,331107131,352673472
2015,7,2015/7/21,42206,352673472,318374945
2015,7,2015/7/22,42207,318374945,318945997
2015,7,2015/7/23,42208,318945997,354471759
2015,7,2015/7/24,42209,354471759,392045373
2015,7,2015/7/27,42212,392045373,365054511
2015,7,2015/7/28,42213,365054511,383527216
2015,7,2015/7/29,42214,383527216,276972845
2015,7,2015/7/30,42215,276972845,271548665
2015,7,2015/7/31,42216,271548665,222376767
2015,8,2015/8/3,42219,222376767,245805030
2015,8,2015/8/4,42220,245805030,220236556
2015,8,2015/8/5,42221,220236556,200484269
2015,8,2015/8/6,42222,200484269,147278694
2015,8,2015/8/7,42223,147278694,183349153
2015,8,2015/8/10,42226,183349153,306780540
2015,8,2015/8/11,42227,306780540,322034191
2015,8,2015/8/12,42228,322034191,255146196
2015,8,2015/8/13,42229,255146196,242836979
2015,8,2015/8/14,42230,242836979,253392996
2015,8,2015/8/17,42233,253392996,256939638
2015,8,2015/8/18,42234,256939638,319881070
2015,8,2015/8/19,42235,319881070,269049839
2015,8,2015/8/20,42236,269049839,212167965
2015,8,2015/8/21,42237,212167965,217986403
2015,8,2015/8/24,42240,217986403,255436652
2015,8,2015/8/25,42241,255436652,276081306
2015,8,2015/8/26,42242,276081306,308270623
2015,8,2015/8/27,42243,308270623,267294930
2015,8,2015/8/28,42244,267294930,299498426
2015,8,2015/8/31,42247,299498426,280250403
2015,9,2015/9/1,42248,280250403,352458528
2015,9,2015/9/2,42249,352458528,347789412
2015,9,2015/9/7,42254,347789412,204224431
2015,9,2015/9/8,42255,204224431,154599631
2015,9,2015/9/9,42256,154599631,220467421
2015,9,2015/9/10,42257,220467421,144882971
2015,9,2015/9/11,42258,144882971,108547508
2015,9,2015/9/14,42261,108547508,205457251
2015,9,2015/9/15,42262,205457251,143555641
2015,9,2015/9/16,42263,143555641,159709994
2015,9,2015/9/17,42264,159709994,169401881
2015,9,2015/9/18,42265,169401881,106903481
2015,9,2015/9/21,42268,106903481,122788668
2015,9,2015/9/22,42269,122788668,146221985
2015,9,2015/9/23,42270,146221985,123171439
2015,9,2015/9/24,42271,123171439,102011238
2015,9,2015/9/25,42272,102011238,121419278
2015,9,2015/9/28,42275,121419278,74219468
2015,9,2015/9/29,42276,74219468,87150633
2015,9,2015/9/30,42277,87150633,78559349
2015,10,2015/10/8,42285,78559349,132081768
2015,10,2015/10/9,42286,132081768,124352500
2015,10,2015/10/12,42289,124352500,221400468
2015,10,2015/10/13,42290,221400468,145433786
2015,10,2015/10/14,42291,145433786,152173938
2015,10,2015/10/15,42292,152173938,171158299
2015,10,2015/10/16,42293,171158299,208964709
2015,10,2015/10/19,42296,208964709,207606744
2015,10,2015/10/20,42297,207606744,179025108
2015,10,2015/10/21,42298,179025108,282076050
2015,10,2015/10/22,42299,282076050,184305580
2015,10,2015/10/23,42300,184305580,198294478
2015,10,2015/10/26,42303,198294478,204248863
2015,10,2015/10/27,42304,204248863,192056140
2015,10,2015/10/28,42305,192056140,170977098
2015,10,2015/10/29,42306,170977098,127010446
2015,10,2015/10/30,42307,127010446,139141914
2015,11,2015/11/2,42310,139141914,130002568
2015,11,2015/11/3,42311,130002568,101401876
2015,11,2015/11/4,42312,101401876,205423865
2015,11,2015/11/5,42313,205423865,398046568
2015,11,2015/11/6,42314,398046568,298753076
2015,11,2015/11/9,42317,298753076,356804823
2015,11,2015/11/10,42318,356804823,286519603
2015,11,2015/11/11,42319,286519603,232234296
2015,11,2015/11/12,42320,232234296,217537647
2015,11,2015/11/13,42321,217537647,203489891
2015,11,2015/11/16,42324,203489891,161690901
2015,11,2015/11/17,42325,161690901,248533071
2015,11,2015/11/18,42326,248533071,185689495
2015,11,2015/11/19,42327,185689495,154631989
2015,11,2015/11/20,42328,154631989,186951689
2015,11,2015/11/23,42331,186951689,175626812
2015,11,2015/11/24,42332,175626812,143383283
2015,11,2015/11/25,42333,143383283,151944941
2015,11,2015/11/26,42334,151944941,173525468
2015,11,2015/11/27,42335,173525468,208939358
2015,11,2015/11/30,42338,208939358,173201163
2015,12,2015/12/1,42339,173201163,136536554
2015,12,2015/12/2,42340,136536554,213538865
2015,12,2015/12/3,42341,213538865,197762126
2015,12,2015/12/4,42342,197762126,151199522
2015,12,2015/12/7,42345,151199522,113883150
2015,12,2015/12/8,42346,113883150,125781083
2015,12,2015/12/9,42347,125781083,113325422
2015,12,2015/12/10,42348,113325422,120215625
2015,12,2015/12/11,42349,120215625,110322481
2015,12,2015/12/14,42352,110322481,151769119
2015,12,2015/12/15,42353,151769119,126481710
2015,12,2015/12/16,42354,126481710,111342723
2015,12,2015/12/17,42355,111342723,177924075
2015,12,2015/12/18,42356,177924075,173465980
2015,12,2015/12/21,42359,173465980,217435275
2015,12,2015/12/22,42360,217435275,180303661
2015,12,2015/12/23,42361,180303661,207017147
2015,12,2015/12/24,42362,207017147,147181397
2015,12,2015/12/25,42363,147181397,119624013
2015,12,2015/12/28,42366,119624013,153988440
2015,12,2015/12/29,42367,153988440,101885555
2015,12,2015/12/30,42368,101885555,105629955
2015,12,2015/12/31,42369,105629955,101873556
2016,1,2016/1/4,42373,101873556,115370674
2016,1,2016/1/5,42374,115370674,162116984
2016,1,2016/1/6,42375,162116984,145966144
2016,1,2016/1/7,42376,145966144,44102641
2016,1,2016/1/8,42377,44102641,185959451
2016,1,2016/1/11,42380,185959451,174638387
2016,1,2016/1/12,42381,174638387,128225796
2016,1,2016/1/13,42382,128225796,120666494
2016,1,2016/1/14,42383,120666494,134537671
2016,1,2016/1/15,42384,134537671,124601779
2016,1,2016/1/18,42387,124601779,101128386
2016,1,2016/1/19,42388,101128386,127653893
2016,1,2016/1/20,42389,127653893,130650504
2016,1,2016/1/21,42390,130650504,111189733
2016,1,2016/1/22,42391,111189733,89951087
2016,1,2016/1/25,42394,89951087,81540061
2016,1,2016/1/26,42395,81540061,126933921
2016,1,2016/1/27,42396,126933921,132229366
2016,1,2016/1/28,42397,132229366,99222756
2016,1,2016/1/29,42398,99222756,113304259
2016,2,2016/2/1,42401,113304259,86795342
2016,2,2016/2/2,42402,86795342,88601963
2016,2,2016/2/3,42403,88601963,77389000
2016,2,2016/2/4,42404,77389000,91779724
2016,2,2016/2/5,42405,91779724,76850808
2016,2,2016/2/15,42415,76850808,72919434
2016,2,2016/2/16,42416,72919434,112579643
2016,2,2016/2/17,42417,112579643,128291607
2016,2,2016/2/18,42418,128291607,124401464
2016,2,2016/2/19,42419,124401464,87338012
2016,2,2016/2/22,42422,87338012,140946968
2016,2,2016/2/23,42423,140946968,112567391
2016,2,2016/2/24,42424,112567391,111782650
2016,2,2016/2/25,42425,111782650,157829752
2016,2,2016/2/26,42426,157829752,106949729
2016,2,2016/2/29,42429,106949729,129341020
2016,3,2016/3/1,42430,129341020,116045918
2016,3,2016/3/2,42431,116045918,175972347
2016,3,2016/3/3,42432,175972347,173105744
2016,3,2016/3/4,42433,173105744,219172534
2016,3,2016/3/7,42436,219172534,132462037
2016,3,2016/3/8,42437,132462037,136235742
2016,3,2016/3/9,42438,136235742,111466245
2016,3,2016/3/10,42439,111466245,76072197
2016,3,2016/3/11,42440,76072197,73333564
2016,3,2016/3/14,42443,73333564,117108655
2016,3,2016/3/15,42444,117108655,98311941
2016,3,2016/3/16,42445,98311941,124736448
2016,3,2016/3/17,42446,124736448,121661777
2016,3,2016/3/18,42447,121661777,197302564
2016,3,2016/3/21,42450,197302564,233269464
2016,3,2016/3/22,42451,233269464,161020897
2016,3,2016/3/23,42452,161020897,125679286
2016,3,2016/3/24,42453,125679286,133131122
2016,3,2016/3/25,42454,133131122,97395330
2016,3,2016/3/28,42457,97395330,103441933
2016,3,2016/3/29,42458,103441933,97294747
2016,3,2016/3/30,42459,97294747,117802512
2016,3,2016/3/31,42460,117802512,121552074
2016,4,2016/4/1,42461,121552074,118122139
2016,4,2016/4/5,42465,118122139,146047772
2016,4,2016/4/6,42466,146047772,120196305
2016,4,2016/4/7,42467,120196305,112409467
2016,4,2016/4/8,42468,112409467,101005625
2016,4,2016/4/11,42471,101005625,125212709
2016,4,2016/4/12,42472,125212709,92869437
2016,4,2016/4/13,42473,92869437,195613866
2016,4,2016/4/14,42474,195613866,113157327
2016,4,2016/4/15,42475,113157327,99807529
2016,4,2016/4/18,42478,99807529,97090069
2016,4,2016/4/19,42479,97090069,80871440
2016,4,2016/4/20,42480,80871440,162207858
2016,4,2016/4/21,42481,162207858,104752651
2016,4,2016/4/22,42482,104752651,77078492
2016,4,2016/4/25,42485,77078492,67519351
2016,4,2016/4/26,42486,67519351,59020734
2016,4,2016/4/27,42487,59020734,60004147
2016,4,2016/4/28,42488,60004147,69870660
2016,4,2016/4/29,42489,69870660,58029776
2016,5,2016/5/3,42493,58029776,98164835
2016,5,2016/5/4,42494,98164835,90862408
2016,5,2016/5/5,42495,90862408,74733681
2016,5,2016/5/6,42496,74733681,108680240
2016,5,2016/5/9,42499,108680240,99230477
2016,5,2016/5/10,42500,99230477,68849935
2016,5,2016/5/11,42501,68849935,81794258
2016,5,2016/5/12,42502,81794258,78765726
2016,5,2016/5/13,42503,78765726,62629755
2016,5,2016/5/16,42506,62629755,59461856
2016,5,2016/5/17,42507,59461856,65278125
2016,5,2016/5/18,42508,65278125,82715369
2016,5,2016/5/19,42509,82715369,60444166
2016,5,2016/5/20,42510,60444166,56080842
2016,5,2016/5/23,42513,56080842,59697216
2016,5,2016/5/24,42514,59697216,58734385
2016,5,2016/5/25,42515,58734385,56652803
2016,5,2016/5/26,42516,56652803,60392981
2016,5,2016/5/27,42517,60392981,60468750
2016,5,2016/5/30,42520,60468750,63098579
2016,5,2016/5/31,42521,63098579,138863111
2016,6,2016/6/1,42522,138863111,113148482
2016,6,2016/6/2,42523,113148482,86003427
2016,6,2016/6/3,42524,86003427,101491783
2016,6,2016/6/6,42527,101491783,76693751
2016,6,2016/6/7,42528,76693751,68928314
2016,6,2016/6/8,42529,68928314,76291775
2016,6,2016/6/13,42534,76291775,92975947
2016,6,2016/6/14,42535,92975947,66279457
2016,6,2016/6/15,42536,66279457,87393257
2016,6,2016/6/16,42537,87393257,82974703
2016,6,2016/6/17,42538,82974703,85402985
2016,6,2016/6/20,42541,85402985,63587141
2016,6,2016/6/21,42542,63587141,87965345
2016,6,2016/6/22,42543,87965345,66487113
2016,6,2016/6/23,42544,66487113,67751738
2016,6,2016/6/24,42545,67751738,104792208
2016,6,2016/6/27,42548,104792208,83267259
2016,6,2016/6/28,42549,83267259,92024637
2016,6,2016/6/29,42550,92024637,103723668
2016,6,2016/6/30,42551,103723668,79692617
2016,7,2016/7/1,42552,79692617,71746283
2016,7,2016/7/4,42555,71746283,133310529
2016,7,2016/7/5,42556,133310529,130226895
2016,7,2016/7/6,42557,130226895,124897458
2016,7,2016/7/7,42558,124897458,118595202
2016,7,2016/7/8,42559,118595202,89734855
2016,7,2016/7/11,42562,89734855,138529511
2016,7,2016/7/12,42563,138529511,172534217
2016,7,2016/7/13,42564,172534217,175196090
2016,7,2016/7/14,42565,175196090,107525798
2016,7,2016/7/15,42566,107525798,102665026
2016,7,2016/7/18,42569,102665026,110312518
2016,7,2016/7/19,42570,110312518,88886861
2016,7,2016/7/20,42571,88886861,72701255
2016,7,2016/7/21,42572,72701255,86004825
2016,7,2016/7/22,42573,86004825,86029128
2016,7,2016/7/25,42576,86029128,70203185
2016,7,2016/7/26,42577,70203185,81051089
2016,7,2016/7/27,42578,81051089,160188665
2016,7,2016/7/28,42579,160188665,112779964
2016,7,2016/7/29,42580,112779964,88044837
2016,8,2016/8/1,42583,88044837,87003497
2016,8,2016/8/2,42584,87003497,62167639
2016,8,2016/8/3,42585,62167639,72864102
2016,8,2016/8/4,42586,72864102,73504373
2016,8,2016/8/5,42587,73504373,77196366
2016,8,2016/8/8,42590,77196366,86676051
2016,8,2016/8/9,42591,86676051,91065259
2016,8,2016/8/10,42592,91065259,90430372
2016,8,2016/8/11,42593,90430372,101041213
2016,8,2016/8/12,42594,101041213,116254044
2016,8,2016/8/15,42597,116254044,220543421
2016,8,2016/8/16,42598,220543421,196389740
2016,8,2016/8/17,42599,196389740,138847688
2016,8,2016/8/18,42600,138847688,142380169
2016,8,2016/8/19,42601,142380169,119961508
2016,8,2016/8/22,42604,119961508,107951008
2016,8,2016/8/23,42605,107951008,92924516
2016,8,2016/8/24,42606,92924516,81191429
2016,8,2016/8/25,42607,81191429,100589153
2016,8,2016/8/26,42608,100589153,81530691
2016,8,2016/8/29,42611,81530691,77036333
2016,8,2016/8/30,42612,77036333,75725987
2016,8,2016/8/31,42613,75725987,79570805
2016,9,2016/9/1,42614,79570805,84947219
2016,9,2016/9/2,42615,84947219,82791803
2016,9,2016/9/5,42618,82791803,78292477
2016,9,2016/9/6,42619,78292477,98283998
2016,9,2016/9/7,42620,98283998,102940106
2016,9,2016/9/8,42621,102940106,71916158
2016,9,2016/9/9,42622,71916158,82657036
2016,9,2016/9/12,42625,82657036,122917682
2016,9,2016/9/13,42626,122917682,67180288
2016,9,2016/9/14,42627,67180288,70432697
2016,9,2016/9/19,42632,70432697,58831082
2016,9,2016/9/20,42633,58831082,52784206
2016,9,2016/9/21,42634,52784206,59142979
2016,9,2016/9/22,42635,59142979,75753542
2016,9,2016/9/23,42636,75753542,57993986
2016,9,2016/9/26,42639,57993986,70452186
2016,9,2016/9/27,42640,70452186,58460550
2016,9,2016/9/28,42641,58460550,44727498
2016,9,2016/9/29,42642,44727498,55452556
2016,9,2016/9/30,42643,55452556,44978022
2016,10,2016/10/10,42653,44978022,80519260
2016,10,2016/10/11,42654,80519260,87713163
2016,10,2016/10/12,42655,87713163,68669781
2016,10,2016/10/13,42656,68669781,81224198
2016,10,2016/10/14,42657,81224198,82316271
2016,10,2016/10/17,42660,82316271,86113509
2016,10,2016/10/18,42661,86113509,102860714
2016,10,2016/10/19,42662,102860714,101167725
2016,10,2016/10/20,42663,101167725,79238871
2016,10,2016/10/21,42664,79238871,109785176
2016,10,2016/10/24,42667,109785176,153014345
2016,10,2016/10/25,42668,153014345,111191693
2016,10,2016/10/26,42669,111191693,98024786
2016,10,2016/10/27,42670,98024786,77629851
2016,10,2016/10/28,42671,77629851,93133309
2016,10,2016/10/31,42674,93133309,71352863
2016,11,2016/11/1,42675,71352863,74938199
2016,11,2016/11/2,42676,74938199,91197104
2016,11,2016/11/3,42677,91197104,126223504
2016,11,2016/11/4,42678,126223504,104069655
2016,11,2016/11/7,42681,104069655,99877988
2016,11,2016/11/8,42682,99877988,103148282
2016,11,2016/11/9,42683,103148282,139110059
2016,11,2016/11/10,42684,139110059,134705535
2016,11,2016/11/11,42685,134705535,198781496
2016,11,2016/11/14,42688,198781496,213247105
2016,11,2016/11/15,42689,213247105,134566320
2016,11,2016/11/16,42690,134566320,129808511
2016,11,2016/11/17,42691,129808511,121561731
2016,11,2016/11/18,42692,121561731,115951205
2016,11,2016/11/21,42695,115951205,146434529
2016,11,2016/11/22,42696,146434529,168523446
2016,11,2016/11/23,42697,168523446,162388504
2016,11,2016/11/24,42698,162388504,145746301
2016,11,2016/11/25,42699,145746301,153621506
2016,11,2016/11/28,42702,153621506,207375483
2016,11,2016/11/29,42703,207375483,236918356
2016,11,2016/11/30,42704,236918356,178560178
2016,12,2016/12/1,42705,178560178,180170761
2016,12,2016/12/2,42706,180170761,196355480
2016,12,2016/12/5,42709,196355480,180852355
2016,12,2016/12/6,42710,180852355,115529090
2016,12,2016/12/7,42711,115529090,114345103
2016,12,2016/12/8,42712,114345103,117383922
2016,12,2016/12/9,42713,117383922,150303308
2016,12,2016/12/12,42716,150303308,187467751
2016,12,2016/12/13,42717,187467751,121105097
2016,12,2016/12/14,42718,121105097,124007744
2016,12,2016/12/15,42719,124007744,114960660
2016,12,2016/12/16,42720,114960660,90775422
2016,12,2016/12/19,42723,90775422,81640678
2016,12,2016/12/20,42724,81640678,87569592
2016,12,2016/12/21,42725,87569592,108254995
2016,12,2016/12/22,42726,108254995,92277249
2016,12,2016/12/23,42727,92277249,97444713
2016,12,2016/12/26,42730,97444713,89793982
2016,12,2016/12/27,42731,89793982,75486359
2016,12,2016/12/28,42732,75486359,69000437
2016,12,2016/12/29,42733,69000437,70087923
2016,12,2016/12/30,42734,70087923,71744116
2017,1,2017/1/3,42738,71744116,86567896
2017,1,2017/1/4,42739,86567896,90050827
2017,1,2017/1/5,42740,90050827,88336357
2017,1,2017/1/6,42741,88336357,87459114
2017,1,2017/1/9,42744,87459114,83707942
2017,1,2017/1/10,42745,83707942,83819160
2017,1,2017/1/11,42746,83819160,91071438
2017,1,2017/1/12,42747,91071438,81239135
2017,1,2017/1/13,42748,81239135,84180589
2017,1,2017/1/16,42751,84180589,157779135
2017,1,2017/1/17,42752,157779135,69453328
2017,1,2017/1/18,42753,69453328,70623227
2017,1,2017/1/19,42754,70623227,66159808
2017,1,2017/1/20,42755,66159808,65300462
2017,1,2017/1/23,42758,65300462,75557498
2017,1,2017/1/24,42759,75557498,66194226
2017,1,2017/1/25,42760,66194226,58376931
2017,1,2017/1/26,42761,58376931,65316647
2017,2,2017/2/3,42769,65316647,55188861
2017,2,2017/2/6,42772,55188861,68521360
2017,2,2017/2/7,42773,68521360,63754462
2017,2,2017/2/8,42774,63754462,75402879
2017,2,2017/2/9,42775,75402879,97558515
2017,2,2017/2/10,42776,97558515,123768720
2017,2,2017/2/13,42779,123768720,120144538
2017,2,2017/2/14,42780,120144538,94809465
2017,2,2017/2/15,42781,94809465,127643338
2017,2,2017/2/16,42782,127643338,108276962
2017,2,2017/2/17,42783,108276962,114600036
2017,2,2017/2/20,42786,114600036,132628862
2017,2,2017/2/21,42787,132628862,114842009
2017,2,2017/2/22,42788,114842009,102815994
2017,2,2017/2/23,42789,102815994,99536330
2017,2,2017/2/24,42790,99536330,95535133
2017,2,2017/2/27,42793,95535133,98672160
2017,2,2017/2/28,42794,98672160,75215260
2017,3,2017/3/1,42795,75215260,103260354
2017,3,2017/3/2,42796,103260354,89898077
2017,3,2017/3/3,42797,89898077,80994652
2017,3,2017/3/6,42800,80994652,83070882
2017,3,2017/3/7,42801,83070882,80334720
2017,3,2017/3/8,42802,80334720,79587690
2017,3,2017/3/9,42803,79587690,84570381
2017,3,2017/3/10,42804,84570381,70016199
2017,3,2017/3/13,42807,70016199,91684124
2017,3,2017/3/14,42808,91684124,77077963
2017,3,2017/3/15,42809,77077963,79104954
2017,3,2017/3/16,42810,79104954,106333913
2017,3,2017/3/17,42811,106333913,103755560
2017,3,2017/3/20,42814,103755560,88734322
2017,3,2017/3/21,42815,88734322,87707855
2017,3,2017/3/22,42816,87707855,104935894
2017,3,2017/3/23,42817,104935894,94318062
2017,3,2017/3/24,42818,94318062,125645833
2017,3,2017/3/27,42821,125645833,107015377
2017,3,2017/3/28,42822,107015377,84194820
2017,3,2017/3/29,42823,84194820,104851706
2017,3,2017/3/30,42824,104851706,116376922
2017,3,2017/3/31,42825,116376922,91577491
2017,4,2017/4/5,42830,91577491,143399017
2017,4,2017/4/6,42831,143399017,136767004
2017,4,2017/4/7,42832,136767004,140293204
2017,4,2017/4/10,42835,140293204,141887380
2017,4,2017/4/11,42836,141887380,165945832
2017,4,2017/4/12,42837,165945832,181824537
2017,4,2017/4/13,42838,181824537,129981813
2017,4,2017/4/14,42839,129981813,135474078
2017,4,2017/4/17,42842,135474078,117164961
2017,4,2017/4/18,42843,117164961,110927823
2017,4,2017/4/19,42844,110927823,121349264
2017,4,2017/4/20,42845,121349264,114184208
2017,4,2017/4/21,42846,114184208,104419110
2017,4,2017/4/24,42849,104419110,114660791
2017,4,2017/4/25,42850,114660791,94072148
2017,4,2017/4/26,42851,94072148,111940029
2017,4,2017/4/27,42852,111940029,123298425
2017,4,2017/4/28,42853,123298425,101632351
2017,5,2017/5/2,42857,101632351,92797462
2017,5,2017/5/3,42858,92797462,91669624
2017,5,2017/5/4,42859,91669624,103482075
2017,5,2017/5/5,42860,103482075,109895333
2017,5,2017/5/8,42863,109895333,123749287
2017,5,2017/5/9,42864,123749287,76771668
2017,5,2017/5/10,42865,76771668,92082628
2017,5,2017/5/11,42866,92082628,109252890
2017,5,2017/5/12,42867,109252890,93386466
2017,5,2017/5/15,42870,93386466,82977611
2017,5,2017/5/16,42871,82977611,105242416
2017,5,2017/5/17,42872,105242416,99736837
2017,5,2017/5/18,42873,99736837,85759589
2017,5,2017/5/19,42874,85759589,71473525
2017,5,2017/5/22,42877,71473525,92539559
2017,5,2017/5/23,42878,92539559,116911033
2017,5,2017/5/24,42879,116911033,83553161
2017,5,2017/5/25,42880,83553161,130721631
2017,5,2017/5/26,42881,130721631,103241153
2017,5,2017/5/31,42886,103241153,104829744
2017,6,2017/6/1,42887,104829744,103127724
2017,6,2017/6/2,42888,103127724,82668010
2017,6,2017/6/5,42891,82668010,79738152
2017,6,2017/6/6,42892,79738152,64089388
2017,6,2017/6/7,42893,64089388,104419968
2017,6,2017/6/8,42894,104419968,90224905
2017,6,2017/6/9,42895,90224905,101188265
2017,6,2017/6/12,42898,101188265,90381167
2017,6,2017/6/13,42899,90381167,75177138
2017,6,2017/6/14,42900,75177138,83810783
2017,6,2017/6/15,42901,83810783,82632535
2017,6,2017/6/16,42902,82632535,76452707
2017,6,2017/6/19,42905,76452707,79797141
2017,6,2017/6/20,42906,79797141,80509559
2017,6,2017/6/21,42907,80509559,87859824
2017,6,2017/6/22,42908,87859824,135526987
2017,6,2017/6/23,42909,135526987,105129134
2017,6,2017/6/26,42912,105129134,134637995
2017,6,2017/6/27,42913,134637995,97558702
2017,6,2017/6/28,42914,97558702,97920858
2017,6,2017/6/29,42915,97920858,85589498
2017,6,2017/6/30,42916,85589498,81510028
2017,7,2017/7/3,42919,81510028,88820860
2017,7,2017/7/4,42920,88820860,95071413
2017,7,2017/7/5,42921,95071413,88232425
2017,7,2017/7/6,42922,88232425,102379245
2017,7,2017/7/7,42923,102379245,103735497
2017,7,2017/7/10,42926,103735497,120591910
2017,7,2017/7/11,42927,120591910,118760826
2017,7,2017/7/12,42928,118760826,122287792
2017,7,2017/7/13,42929,122287792,125669549
2017,7,2017/7/14,42930,125669549,105514005
2017,7,2017/7/17,42933,105514005,178821600
2017,7,2017/7/18,42934,178821600,124622056
2017,7,2017/7/19,42935,124622056,182477787
2017,7,2017/7/20,42936,182477787,142410039
2017,7,2017/7/21,42937,142410039,117941226
2017,7,2017/7/24,42940,117941226,134868722
2017,7,2017/7/25,42941,134868722,121672059
2017,7,2017/7/26,42942,121672059,136325210
2017,7,2017/7/27,42943,136325210,145002904
2017,7,2017/7/28,42944,145002904,111411392
2017,7,2017/7/31,42947,111411392,148429039
2017,8,2017/8/1,42948,148429039,152546539
2017,8,2017/8/2,42949,152546539,172293383
2017,8,2017/8/3,42950,172293383,146153944
2017,8,2017/8/4,42951,146153944,157470060
2017,8,2017/8/7,42954,157470060,124231530
2017,8,2017/8/8,42955,124231530,137241928
2017,8,2017/8/9,42956,137241928,124679989
2017,8,2017/8/10,42957,124679989,130085128
2017,8,2017/8/11,42958,130085128,150387421
2017,8,2017/8/14,42961,150387421,115308451
2017,8,2017/8/15,42962,115308451,106444857
2017,8,2017/8/16,42963,106444857,104134141
2017,8,2017/8/17,42964,104134141,108656251
2017,8,2017/8/18,42965,108656251,96561705
2017,8,2017/8/21,42968,96561705,100313073
2017,8,2017/8/22,42969,100313073,100292856
2017,8,2017/8/23,42970,100292856,104961573
2017,8,2017/8/24,42971,104961573,89947372
2017,8,2017/8/25,42972,89947372,129940900
2017,8,2017/8/28,42975,129940900,185576325
2017,8,2017/8/29,42976,185576325,128227070
2017,8,2017/8/30,42977,128227070,141352857
2017,8,2017/8/31,42978,141352857,132944935
2017,9,2017/9/1,42979,132944935,158645511
2017,9,2017/9/4,42982,158645511,149566320
2017,9,2017/9/5,42983,149566320,124964155
2017,9,2017/9/6,42984,124964155,131398723
2017,9,2017/9/7,42985,131398723,123884181
2017,9,2017/9/8,42986,123884181,106036504
2017,9,2017/9/11,42989,106036504,123883997
2017,9,2017/9/12,42990,123883997,144190242
2017,9,2017/9/13,42991,144190242,95410785
2017,9,2017/9/14,42992,95410785,115358583
2017,9,2017/9/15,42993,115358583,122427006
2017,9,2017/9/18,42996,122427006,117934405
2017,9,2017/9/19,42997,117934405,112432987
2017,9,2017/9/20,42998,112432987,101129542
2017,9,2017/9/21,42999,101129542,111098192
2017,9,2017/9/22,43000,111098192,100619802
2017,9,2017/9/25,43003,100619802,103948976
2017,9,2017/9/26,43004,103948976,81869407
2017,9,2017/9/27,43005,81869407,85655811
2017,9,2017/9/28,43006,85655811,93544069
2017,9,2017/9/29,43007,93544069,93306028
2017,10,2017/10/9,43017,93306028,135535851
2017,10,2017/10/10,43018,135535851,112532586
2017,10,2017/10/11,43019,112532586,104418151
2017,10,2017/10/12,43020,104418151,94340921
2017,10,2017/10/13,43021,94340921,90142068
2017,10,2017/10/16,43024,90142068,121355033
2017,10,2017/10/17,43025,121355033,82241227
2017,10,2017/10/18,43026,82241227,100969841
2017,10,2017/10/19,43027,100969841,106527252
2017,10,2017/10/20,43028,106527252,72980180
2017,10,2017/10/23,43031,72980180,81484980
2017,10,2017/10/24,43032,81484980,93058154
2017,10,2017/10/25,43033,93058154,88205458
2017,10,2017/10/26,43034,88205458,129895465
2017,10,2017/10/27,43035,129895465,126672846
2017,10,2017/10/30,43038,126672846,157387603
2017,10,2017/10/31,43039,157387603,109178779
2017,11,2017/11/1,43040,109178779,130417380
2017,11,2017/11/2,43041,130417380,126100579
2017,11,2017/11/3,43042,126100579,129404439
2017,11,2017/11/6,43045,129404439,122081159
2017,11,2017/11/7,43046,122081159,152116663
2017,11,2017/11/8,43047,152116663,150827719
2017,11,2017/11/9,43048,150827719,121056335
2017,11,2017/11/10,43049,121056335,141817165
2017,11,2017/11/13,43052,141817165,151446309
2017,11,2017/11/14,43053,151446309,143236936
2017,11,2017/11/15,43054,143236936,120635696
2017,11,2017/11/16,43055,120635696,121384414
2017,11,2017/11/17,43056,121384414,191784119
2017,11,2017/11/20,43059,191784119,137447258
2017,11,2017/11/21,43060,137447258,180350821
2017,11,2017/11/22,43061,180350821,186477003
2017,11,2017/11/23,43062,186477003,178147228
2017,11,2017/11/24,43063,178147228,130858040
2017,11,2017/11/27,43066,130858040,143455268
2017,11,2017/11/28,43067,143455268,102058095
2017,11,2017/11/29,43068,102058095,124553642
2017,11,2017/11/30,43069,124553642,107983345
2017,12,2017/12/1,43070,107983345,97386913
2017,12,2017/12/4,43073,97386913,102647219
2017,12,2017/12/5,43074,102647219,154087076
2017,12,2017/12/6,43075,154087076,109286205
2017,12,2017/12/7,43076,109286205,90254045
2017,12,2017/12/8,43077,90254045,89282861
2017,12,2017/12/11,43080,89282861,97148946
2017,12,2017/12/12,43081,97148946,84338718
2017,12,2017/12/13,43082,84338718,77546131
2017,12,2017/12/14,43083,77546131,80768862
2017,12,2017/12/15,43084,80768862,89044389
2017,12,2017/12/18,43087,89044389,77853375
2017,12,2017/12/19,43088,77853375,77528985
2017,12,2017/12/20,43089,77528985,90604503
2017,12,2017/12/21,43090,90604503,96836089
2017,12,2017/12/22,43091,96836089,73473684
2017,12,2017/12/25,43094,73473684,91926962
2017,12,2017/12/26,43095,91926962,91118790
2017,12,2017/12/27,43096,91118790,105153577
2017,12,2017/12/28,43097,105153577,118542886
2017,12,2017/12/29,43098,118542886,90486683
2018,1,2018/1/2,43102,90486683,146935435
2018,1,2018/1/3,43103,146935435,151852218
2018,1,2018/1/4,43104,151852218,134543794
2018,1,2018/1/5,43105,134543794,149009872
2018,1,2018/1/8,43108,149009872,173877666
2018,1,2018/1/9,43109,173877666,139034294
2018,1,2018/1/10,43110,139034294,151121666
2018,1,2018/1/11,43111,151121666,121578539
2018,1,2018/1/12,43112,121578539,111354794
2018,1,2018/1/15,43115,111354794,170907897
2018,1,2018/1/16,43116,170907897,161494963
2018,1,2018/1/17,43117,161494963,214311032
2018,1,2018/1/18,43118,214311032,172032846
2018,1,2018/1/19,43119,172032846,209490570
2018,1,2018/1/22,43122,209490570,174643195
2018,1,2018/1/23,43123,174643195,201867585
2018,1,2018/1/24,43124,201867585,219818889
2018,1,2018/1/25,43125,219818889,195374950
2018,1,2018/1/26,43126,195374950,177227237
2018,1,2018/1/29,43129,177227237,191100354
2018,1,2018/1/30,43130,191100354,139034730
2018,1,2018/1/31,43131,139034730,145210164
2018,2,2018/2/1,43132,145210164,190002934
2018,2,2018/2/2,43133,190002934,146066827
2018,2,2018/2/5,43136,146066827,161347799
2018,2,2018/2/6,43137,161347799,214910450
2018,2,2018/2/7,43138,214910450,203127493
2018,2,2018/2/8,43139,203127493,159269985
2018,2,2018/2/9,43140,159269985,206349828
2018,2,2018/2/12,43143,206349828,116182637
2018,2,2018/2/13,43144,116182637,112565885
2018,2,2018/2/14,43145,112565885,71081338
2018,2,2018/2/22,43153,71081338,105811571
2018,2,2018/2/23,43154,105811571,99458746
2018,2,2018/2/26,43157,99458746,137881001
2018,2,2018/2/27,43158,137881001,125934470
2018,2,2018/2/28,43159,125934470,109343593
2018,3,2018/3/1,43160,109343593,110199852
2018,3,2018/3/2,43161,110199852,96165000
2018,3,2018/3/5,43164,96165000,87952548
2018,3,2018/3/6,43165,87952548,138762444
2018,3,2018/3/7,43166,138762444,106952426
2018,3,2018/3/8,43167,106952426,91155810
2018,3,2018/3/9,43168,91155810,113701808
2018,3,2018/3/12,43171,113701808,140906739
2018,3,2018/3/13,43172,140906739,111766430
2018,3,2018/3/14,43173,111766430,99013409
2018,3,2018/3/15,43174,99013409,88161156
2018,3,2018/3/16,43175,88161156,84896188
2018,3,2018/3/19,43178,84896188,81502882
2018,3,2018/3/20,43179,81502882,80605280
2018,3,2018/3/21,43180,80605280,97609488
2018,3,2018/3/22,43181,97609488,89095259
2018,3,2018/3/23,43182,89095259,180080449
2018,3,2018/3/26,43185,180080449,115139128
2018,3,2018/3/27,43186,115139128,113700711
2018,3,2018/3/28,43187,113700711,101494908
2018,3,2018/3/29,43188,101494908,116629066
2018,3,2018/3/30,43189,116629066,97512270
2018,4,2018/4/2,43192,97512270,111242666
2018,4,2018/4/3,43193,111242666,95137369
2018,4,2018/4/4,43194,95137369,88730609
2018,4,2018/4/9,43199,88730609,84105462
2018,4,2018/4/10,43200,84105462,106173722
2018,4,2018/4/11,43201,106173722,111933021
2018,4,2018/4/12,43202,111933021,82699490
2018,4,2018/4/13,43203,82699490,71544203
2018,4,2018/4/16,43206,71544203,99217770
2018,4,2018/4/17,43207,99217770,90610790
2018,4,2018/4/18,43208,90610790,106676706
2018,4,2018/4/19,43209,106676706,99054060
2018,4,2018/4/20,43210,99054060,99282925
2018,4,2018/4/23,43213,99282925,90356291
2018,4,2018/4/24,43214,90356291,114219525
2018,4,2018/4/25,43215,114219525,78172612
2018,4,2018/4/26,43216,78172612,87150641
2018,4,2018/4/27,43217,87150641,89531726
2018,5,2018/5/2,43222,89531726,83301035
2018,5,2018/5/3,43223,83301035,93961118
2018,5,2018/5/4,43224,93961118,71554288
2018,5,2018/5/7,43227,71554288,87286195
2018,5,2018/5/8,43228,87286195,94215157
2018,5,2018/5/9,43229,94215157,66712966
2018,5,2018/5/10,43230,66712966,70667809
2018,5,2018/5/11,43231,70667809,73356604
2018,5,2018/5/14,43234,73356604,81975999
2018,5,2018/5/15,43235,81975999,76049555
2018,5,2018/5/16,43236,76049555,71913646
2018,5,2018/5/17,43237,71913646,59030123
2018,5,2018/5/18,43238,59030123,72613956
2018,5,2018/5/21,43241,72613956,92641737
2018,5,2018/5/22,43242,92641737,75368778
2018,5,2018/5/23,43243,75368778,83722319
2018,5,2018/5/24,43244,83722319,68345022
2018,5,2018/5/25,43245,68345022,70836386
2018,5,2018/5/28,43248,70836386,71521132
2018,5,2018/5/29,43249,71521132,81552662
2018,5,2018/5/30,43250,81552662,87913285
2018,5,2018/5/31,43251,87913285,92666894
2018,6,2018/6/1,43252,92666894,77821813
2018,6,2018/6/4,43255,77821813,76624341
2018,6,2018/6/5,43256,76624341,78687360
2018,6,2018/6/6,43257,78687360,73117237
2018,6,2018/6/7,43258,73117237,80256147
2018,6,2018/6/8,43259,80256147,83337335
2018,6,2018/6/11,43262,83337335,68709834
2018,6,2018/6/12,43263,68709834,73206244
2018,6,2018/6/13,43264,73206244,66377970
2018,6,2018/6/14,43265,66377970,68471322
2018,6,2018/6/15,43266,68471322,85488893
2018,6,2018/6/19,43270,85488893,160706542
2018,6,2018/6/20,43271,160706542,86718098
2018,6,2018/6/21,43272,86718098,93908552
2018,6,2018/6/22,43273,93908552,75117864
2018,6,2018/6/25,43276,75117864,79877078
2018,6,2018/6/26,43277,79877078,84985269
2018,6,2018/6/27,43278,84985269,81491817
2018,6,2018/6/28,43279,81491817,75918051
2018,6,2018/6/29,43280,75918051,77257031
2018,7,2018/7/2,43283,77257031,84351449
2018,7,2018/7/3,43284,84351449,95278693
2018,7,2018/7/4,43285,95278693,75157997
2018,7,2018/7/5,43286,75157997,81587981
2018,7,2018/7/6,43287,81587981,86097579
2018,7,2018/7/9,43290,86097579,76601545
2018,7,2018/7/10,43291,76601545,69548823
2018,7,2018/7/11,43292,69548823,72040950
2018,7,2018/7/12,43293,72040950,96353564
2018,7,2018/7/13,43294,96353564,72955897
2018,7,2018/7/16,43297,72955897,68281999
2018,7,2018/7/17,43298,68281999,61983076
2018,7,2018/7/18,43299,61983076,66530330
2018,7,2018/7/19,43300,66530330,68477716
2018,7,2018/7/20,43301,68477716,101984727
2018,7,2018/7/23,43304,101984727,119036627
2018,7,2018/7/24,43305,119036627,156912435
2018,7,2018/7/25,43306,156912435,96758501
2018,7,2018/7/26,43307,96758501,90349641
2018,7,2018/7/27,43308,90349641,70178104
2018,7,2018/7/30,43311,70178104,82116995
2018,7,2018/7/31,43312,82116995,67980817
2018,8,2018/8/1,43313,67980817,90348617
2018,8,2018/8/2,43314,90348617,101308727
2018,8,2018/8/3,43315,101308727,70796910
2018,8,2018/8/6,43318,70796910,77975083
2018,8,2018/8/7,43319,77975083,91783916
2018,8,2018/8/8,43320,91783916,79284865
2018,8,2018/8/9,43321,79284865,91957572
2018,8,2018/8/10,43322,91957572,68967299
2018,8,2018/8/13,43325,68967299,76191532
2018,8,2018/8/14,43326,76191532,60651446
2018,8,2018/8/15,43327,60651446,68174055
2018,8,2018/8/16,43328,68174055,76547366
2018,8,2018/8/17,43329,76547366,67395413
2018,8,2018/8/20,43332,67395413,70904228
2018,8,2018/8/21,43333,70904228,75205583
2018,8,2018/8/22,43334,75205583,50787057
2018,8,2018/8/23,43335,50787057,61112334
2018,8,2018/8/24,43336,61112334,63765897
2018,8,2018/8/27,43339,63765897,94270082
2018,8,2018/8/28,43340,94270082,75445363
2018,8,2018/8/29,43341,75445363,67020404
2018,8,2018/8/30,43342,67020404,68385290
2018,8,2018/8/31,43343,68385290,76205630
2018,9,2018/9/3,43346,76205630,66429855
2018,9,2018/9/4,43347,66429855,67088807
2018,9,2018/9/5,43348,67088807,64301888
2018,9,2018/9/6,43349,64301888,62300288
2018,9,2018/9/7,43350,62300288,63947408
2018,9,2018/9/10,43353,63947408,63817051
2018,9,2018/9/11,43354,63817051,58491305
2018,9,2018/9/12,43355,58491305,54627899
2018,9,2018/9/13,43356,54627899,67290327
2018,9,2018/9/14,43357,67290327,60130640
2018,9,2018/9/17,43360,60130640,52259547
2018,9,2018/9/18,43361,52259547,70425035
2018,9,2018/9/19,43362,70425035,89170666
2018,9,2018/9/20,43363,89170666,64561057
2018,9,2018/9/21,43364,64561057,108416005
2018,9,2018/9/25,43368,108416005,69054693
2018,9,2018/9/26,43369,69054693,93173343
2018,9,2018/9/27,43370,93173343,69765241
2018,9,2018/9/28,43371,69765241,84377756
2018,10,2018/10/8,43381,84377756,97888989
2018,10,2018/10/9,43382,97888989,66723274
2018,10,2018/10/10,43383,66723274,64492828
2018,10,2018/10/11,43384,64492828,120941342
2018,10,2018/10/12,43385,120941342,98611151
2018,10,2018/10/15,43388,98611151,69605023
2018,10,2018/10/16,43389,69605023,68887721
2018,10,2018/10/17,43390,68887721,76837138
2018,10,2018/10/18,43391,76837138,73771968
2018,10,2018/10/19,43392,73771968,98839688
2018,10,2018/10/22,43395,98839688,145862045
2018,10,2018/10/23,43396,145862045,121013241
2018,10,2018/10/24,43397,121013241,110909744
2018,10,2018/10/25,43398,110909744,106951817
2018,10,2018/10/26,43399,106951817,101299354
2018,10,2018/10/29,43402,101299354,91839789
2018,10,2018/10/30,43403,91839789,116070101
2018,10,2018/10/31,43404,116070101,111207455
2018,11,2018/11/1,43405,111207455,132653379
2018,11,2018/11/2,43406,132653379,153466104
2018,11,2018/11/5,43409,153466104,109706683
2018,11,2018/11/6,43410,109706683,83869138
2018,11,2018/11/7,43411,83869138,91615528
2018,11,2018/11/8,43412,91615528,76414540
2018,11,2018/11/9,43413,76414540,84282762
2018,11,2018/11/12,43416,84282762,88062391
2018,11,2018/11/13,43417,88062391,126493464
2018,11,2018/11/14,43418,126493464,113808659
2018,11,2018/11/15,43419,113808659,98558810
2018,11,2018/11/16,43420,98558810,126876835
2018,11,2018/11/19,43423,126876835,115956595
2018,11,2018/11/20,43424,115956595,109361154
2018,11,2018/11/21,43425,109361154,84119726
2018,11,2018/11/22,43426,84119726,65098291
2018,11,2018/11/23,43427,65098291,84638255
2018,11,2018/11/26,43430,84638255,59379140
2018,11,2018/11/27,43431,59379140,55407832
2018,11,2018/11/28,43432,55407832,74881955
2018,11,2018/11/29,43433,74881955,80498466
2018,11,2018/11/30,43434,80498466,70921044
2018,12,2018/12/3,43437,70921044,121487157
2018,12,2018/12/4,43438,121487157,79415039
2018,12,2018/12/5,43439,79415039,76153052
2018,12,2018/12/6,43440,76153052,76328771
2018,12,2018/12/7,43441,76328771,53361924
2018,12,2018/12/10,43444,53361924,63437273
2018,12,2018/12/11,43445,63437273,53223877
2018,12,2018/12/12,43446,53223877,53309914
2018,12,2018/12/13,43447,53309914,90442755
2018,12,2018/12/14,43448,90442755,84301250
2018,12,2018/12/17,43451,84301250,66497007
2018,12,2018/12/18,43452,66497007,63820319
2018,12,2018/12/19,43453,63820319,55522299
2018,12,2018/12/20,43454,55522299,69749463
2018,12,2018/12/21,43455,69749463,76758101
2018,12,2018/12/24,43458,76758101,57299615
2018,12,2018/12/25,43459,57299615,78689425
2018,12,2018/12/26,43460,78689425,55647032
2018,12,2018/12/27,43461,55647032,80541785
2018,12,2018/12/28,43462,80541785,71053779
2019,1,2019/1/2,43467,71053779,68663021
2019,1,2019/1/3,43468,68663021,70867103
2019,1,2019/1/4,43469,70867103,103318972
2019,1,2019/1/7,43472,103318972,101164359
2019,1,2019/1/8,43473,101164359,86170585
2019,1,2019/1/9,43474,86170585,107364350
2019,1,2019/1/10,43475,107364350,85271756
2019,1,2019/1/11,43476,85271756,71786424
2019,1,2019/1/14,43479,71786424,66121702
2019,1,2019/1/15,43480,66121702,88772962
2019,1,2019/1/16,43481,88772962,80214341
2019,1,2019/1/17,43482,80214341,80174871
2019,1,2019/1/18,43483,80174871,103963834
2019,1,2019/1/21,43486,103963834,93915022
2019,1,2019/1/22,43487,93915022,72990528
2019,1,2019/1/23,43488,72990528,59870478
2019,1,2019/1/24,43489,59870478,72934636
2019,1,2019/1/25,43490,72934636,83967729
2019,1,2019/1/28,43493,83967729,82622431
2019,1,2019/1/29,43494,82622431,77658334
2019,1,2019/1/30,43495,77658334,63746517
2019,1,2019/1/31,43496,63746517,86247839
2019,2,2019/2/1,43497,86247839,82019641
2019,2,2019/2/11,43507,82019641,98818434
2019,2,2019/2/12,43508,98818434,122232462
2019,2,2019/2/13,43509,122232462,163828332
2019,2,2019/2/14,43510,163828332,151127290
2019,2,2019/2/15,43511,151127290,143668603
2019,2,2019/2/18,43514,143668603,182886089
2019,2,2019/2/19,43515,182886089,179083785
2019,2,2019/2/20,43516,179083785,147390311
2019,2,2019/2/21,43517,147390311,180143287
2019,2,2019/2/22,43518,180143287,187237974
2019,2,2019/2/25,43521,187237974,342557122
2019,2,2019/2/26,43522,342557122,358038698
2019,2,2019/2/27,43523,358038698,286236007
2019,2,2019/2/28,43524,286236007,184810220
2019,3,2019/3/1,43525,184810220,204711004
2019,3,2019/3/4,43528,204711004,323490126
2019,3,2019/3/5,43529,323490126,230853166
2019,3,2019/3/6,43530,230853166,318077371
2019,3,2019/3/7,43531,318077371,329846548
2019,3,2019/3/8,43532,329846548,317990077
2019,3,2019/3/11,43535,317990077,230912865
2019,3,2019/3/12,43536,230912865,274926382
2019,3,2019/3/13,43537,274926382,233682248
2019,3,2019/3/14,43538,233682248,190817237
2019,3,2019/3/15,43539,190817237,175174544
2019,3,2019/3/18,43542,175174544,216928060
2019,3,2019/3/19,43543,216928060,181727110
2019,3,2019/3/20,43544,181727110,175632090
2019,3,2019/3/21,43545,175632090,196310310
2019,3,2019/3/22,43546,196310310,171356993
2019,3,2019/3/25,43549,171356993,198586329
2019,3,2019/3/26,43550,198586329,173046579
2019,3,2019/3/27,43551,173046579,138758454
2019,3,2019/3/28,43552,138758454,133272129
2019,3,2019/3/29,43553,133272129,215639103
2019,4,2019/4/1,43556,215639103,271382704
2019,4,2019/4/2,43557,271382704,226000341
2019,4,2019/4/3,43558,226000341,231917368
2019,4,2019/4/4,43559,231917368,260410939
2019,4,2019/4/8,43563,260410939,267505576
2019,4,2019/4/9,43564,267505576,182956808
2019,4,2019/4/10,43565,182956808,194687613
2019,4,2019/4/11,43566,194687613,169049641
2019,4,2019/4/12,43567,169049641,135862118
2019,4,2019/4/15,43570,135862118,182645571
2019,4,2019/4/16,43571,182645571,202041966
2019,4,2019/4/17,43572,202041966,180367117
2019,4,2019/4/18,43573,180367117,146562123
2019,4,2019/4/19,43574,146562123,150794910
2019,4,2019/4/22,43577,150794910,189353745
2019,4,2019/4/23,43578,189353745,155611650
2019,4,2019/4/24,43579,155611650,145498695
2019,4,2019/4/25,43580,145498695,159722071
2019,4,2019/4/26,43581,159722071,142008068
2019,4,2019/4/29,43584,142008068,153870927
2019,4,2019/4/30,43585,153870927,116233376
2019,5,2019/5/6,43591,116233376,197472882
2019,5,2019/5/7,43592,197472882,132847654
2019,5,2019/5/8,43593,132847654,112867355
2019,5,2019/5/9,43594,112867355,101037394
2019,5,2019/5/10,43595,101037394,148003847
2019,5,2019/5/13,43598,148003847,103391860
2019,5,2019/5/14,43599,103391860,102313460
2019,5,2019/5/15,43600,102313460,110161769
2019,5,2019/5/16,43601,110161769,116258274
2019,5,2019/5/17,43602,116258274,128453245
2019,5,2019/5/20,43605,128453245,108963477
2019,5,2019/5/21,43606,108963477,111022920
2019,5,2019/5/22,43607,111022920,98346128
2019,5,2019/5/23,43608,98346128,99897781
2019,5,2019/5/24,43609,99897781,80934048
2019,5,2019/5/27,43612,80934048,108830871
2019,5,2019/5/28,43613,108830871,117886240
2019,5,2019/5/29,43614,117886240,93355441
2019,5,2019/5/30,43615,93355441,94202561
2019,5,2019/5/31,43616,94202561,89222267
2019,6,2019/6/3,43619,89222267,100723180
2019,6,2019/6/4,43620,100723180,87097094
2019,6,2019/6/5,43621,87097094,88642020
2019,6,2019/6/6,43622,88642020,85534403
2019,6,2019/6/10,43626,85534403,92375061
2019,6,2019/6/11,43627,92375061,143482806
2019,6,2019/6/12,43628,143482806,119178853
2019,6,2019/6/13,43629,119178853,96331718
2019,6,2019/6/14,43630,96331718,101817004
2019,6,2019/6/17,43633,101817004,72976678
2019,6,2019/6/18,43634,72976678,70692266
2019,6,2019/6/19,43635,70692266,125595715
2019,6,2019/6/20,43636,125595715,168872073
2019,6,2019/6/21,43637,168872073,153635155
2019,6,2019/6/24,43640,153635155,100084621
2019,6,2019/6/25,43641,100084621,124075912
2019,6,2019/6/26,43642,124075912,81820283
2019,6,2019/6/27,43643,81820283,105316358
2019,6,2019/6/28,43644,105316358,84766139
2019,7,2019/7/1,43647,84766139,158370340
2019,7,2019/7/2,43648,158370340,131863496
2019,7,2019/7/3,43649,131863496,111992603
2019,7,2019/7/4,43650,111992603,99342256
2019,7,2019/7/5,43651,99342256,74006527
2019,7,2019/7/8,43654,74006527,109539086
2019,7,2019/7/9,43655,109539086,74842732
2019,7,2019/7/10,43656,74842732,72833948
2019,7,2019/7/11,43657,72833948,75311965
2019,7,2019/7/12,43658,75311965,75465967
2019,7,2019/7/15,43661,75465967,101205222
2019,7,2019/7/16,43662,101205222,80730952
2019,7,2019/7/17,43663,80730952,95183885
2019,7,2019/7/18,43664,95183885,87496445
2019,7,2019/7/19,43665,87496445,88086149
2019,7,2019/7/22,43668,88086149,92101377
2019,7,2019/7/23,43669,92101377,71313346
2019,7,2019/7/24,43670,71313346,90940684
2019,7,2019/7/25,43671,90940684,93740417
2019,7,2019/7/26,43672,93740417,83259300
2019,7,2019/7/29,43675,83259300,84814370
2019,7,2019/7/30,43676,84814370,94123955
2019,7,2019/7/31,43677,94123955,82151155
2019,8,2019/8/1,43678,82151155,84114180
2019,8,2019/8/2,43679,84114180,108335897
2019,8,2019/8/5,43682,108335897,101325981
2019,8,2019/8/6,43683,101325981,129833871
2019,8,2019/8/7,43684,129833871,84238716
2019,8,2019/8/8,43685,84238716,88457707
2019,8,2019/8/9,43686,88457707,85295580
2019,8,2019/8/12,43689,85295580,82083056
2019,8,2019/8/13,43690,82083056,76500302
2019,8,2019/8/14,43691,76500302,91202590
2019,8,2019/8/15,43692,91202590,88598832
2019,8,2019/8/16,43693,88598832,88319169
2019,8,2019/8/19,43696,88319169,139327013
2019,8,2019/8/20,43697,139327013,108602088
2019,8,2019/8/21,43698,108602088,82299880
2019,8,2019/8/22,43699,82299880,85807792
2019,8,2019/8/23,43700,85807792,87954583
2019,8,2019/8/26,43703,87954583,93859269
2019,8,2019/8/27,43704,93859269,124731478
2019,8,2019/8/28,43705,124731478,88750812
2019,8,2019/8/29,43706,88750812,84083387
2019,8,2019/8/30,43707,84083387,96695150
2019,9,2019/9/2,43710,96695150,110289349
2019,9,2019/9/3,43711,110289349,97714631
2019,9,2019/9/4,43712,97714631,126628615
2019,9,2019/9/5,43713,126628615,181656231
2019,9,2019/9/6,43714,181656231,121882376
2019,9,2019/9/9,43717,121882376,146809754
2019,9,2019/9/10,43718,146809754,130889386
2019,9,2019/9/11,43719,130889386,131594875
2019,9,2019/9/12,43720,131594875,110241273
2019,9,2019/9/16,43724,110241273,110259805
2019,9,2019/9/17,43725,110259805,113694317
2019,9,2019/9/18,43726,113694317,82056152
2019,9,2019/9/19,43727,82056152,85984238
2019,9,2019/9/20,43728,85984238,103455955
2019,9,2019/9/23,43731,103455955,94036225
2019,9,2019/9/24,43732,94036225,87783230
2019,9,2019/9/25,43733,87783230,89520835
2019,9,2019/9/26,43734,89520835,102698301
2019,9,2019/9/27,43735,102698301,74003947
2019,9,2019/9/30,43738,74003947,65931313
2019,10,2019/10/8,43746,65931313,76657860
2019,10,2019/10/9,43747,76657860,75854512
2019,10,2019/10/10,43748,75854512,79222694
2019,10,2019/10/11,43749,79222694,93412577
2019,10,2019/10/14,43752,93412577,122393611
2019,10,2019/10/15,43753,122393611,85273949
2019,10,2019/10/16,43754,85273949,83229707
2019,10,2019/10/17,43755,83229707,64863745
2019,10,2019/10/18,43756,64863745,82321140
2019,10,2019/10/21,43759,82321140,74182918
2019,10,2019/10/22,43760,74182918,68918566
2019,10,2019/10/23,43761,68918566,70198625
2019,10,2019/10/24,43762,70198625,71334575
2019,10,2019/10/25,43763,71334575,77453620
2019,10,2019/10/28,43766,77453620,97406020
2019,10,2019/10/29,43767,97406020,82257075
2019,10,2019/10/30,43768,82257075,77872923
2019,10,2019/10/31,43769,77872923,86714539
2019,11,2019/11/1,43770,86714539,100689612
2019,11,2019/11/4,43773,100689612,104193855
2019,11,2019/11/5,43774,104193855,112911880
2019,11,2019/11/6,43775,112911880,97312952
2019,11,2019/11/7,43776,97312952,87254898
2019,11,2019/11/8,43777,87254898,97106948
2019,11,2019/11/11,43780,97106948,94155621
2019,11,2019/11/12,43781,94155621,76543069
2019,11,2019/11/13,43782,76543069,76749078
2019,11,2019/11/14,43783,76749078,87008446
2019,11,2019/11/15,43784,87008446,83730917
2019,11,2019/11/18,43787,83730917,76645993
2019,11,2019/11/19,43788,76645993,82161025
2019,11,2019/11/20,43789,82161025,76815333
2019,11,2019/11/21,43790,76815333,69130538
2019,11,2019/11/22,43791,69130538,91042639
2019,11,2019/11/25,43794,91042639,106066289
2019,11,2019/11/26,43795,106066289,111513537
2019,11,2019/11/27,43796,111513537,76437305
2019,11,2019/11/28,43797,76437305,65230119
2019,11,2019/11/29,43798,65230119,74144331
2019,12,2019/12/2,43801,74144331,77412173
2019,12,2019/12/3,43802,77412173,73611240
2019,12,2019/12/4,43803,73611240,79683385
2019,12,2019/12/5,43804,79683385,89051193
2019,12,2019/12/6,43805,89051193,78648887
2019,12,2019/12/9,43808,78648887,95353806
2019,12,2019/12/10,43809,95353806,86262928
2019,12,2019/12/11,43810,86262928,99765480
2019,12,2019/12/12,43811,99765480,84708330
2019,12,2019/12/13,43812,84708330,148571349
2019,12,2019/12/16,43815,148571349,148486670
2019,12,2019/12/17,43816,148486670,201162937
2019,12,2019/12/18,43817,201162937,151351764
2019,12,2019/12/19,43818,151351764,117900558
2019,12,2019/12/20,43819,117900558,121267662
2019,12,2019/12/23,43822,121267662,122816246
2019,12,2019/12/24,43823,122816246,95989045
2019,12,2019/12/25,43824,95989045,94938890
2019,12,2019/12/26,43825,94938890,108860640
2019,12,2019/12/27,43826,108860640,150926411
2019,12,2019/12/30,43829,150926411,155971488
2019,12,2019/12/31,43830,155971488,123264258
2020,1,2020/1/2,43832,123264258,182116772
2020,1,2020/1/3,43833,182116772,142826244
2020,1,2020/1/6,43836,142826244,175309953
2020,1,2020/1/7,43837,175309953,139489031
2020,1,2020/1/8,43838,139489031,167585850
2020,1,2020/1/9,43839,167585850,136886324
2020,1,2020/1/10,43840,136886324,113031719
2020,1,2020/1/13,43843,113031719,119691982
2020,1,2020/1/14,43844,119691982,129320783
2020,1,2020/1/15,43845,129320783,104633136
2020,1,2020/1/16,43846,104633136,100267642
2020,1,2020/1/17,43847,100267642,98725682
2020,1,2020/1/20,43850,98725682,122409147
2020,1,2020/1/21,43851,122409147,130527507
2020,1,2020/1/22,43852,130527507,126758763
2020,1,2020/1/23,43853,126758763,160357603
2020,2,2020/2/3,43864,160357603,157559647
2020,2,2020/2/4,43865,157559647,213933328
2020,2,2020/2/5,43866,213933328,174925524
2020,2,2020/2/6,43867,174925524,176462235
2020,2,2020/2/7,43868,176462235,151731759
2020,2,2020/2/10,43871,151731759,148406969
2020,2,2020/2/11,43872,148406969,143441674
2020,2,2020/2/12,43873,143441674,126710321
2020,2,2020/2/13,43874,126710321,145001843
2020,2,2020/2/14,43875,145001843,143239803
2020,2,2020/2/17,43878,143239803,182778969
2020,2,2020/2/18,43879,182778969,163236220
2020,2,2020/2/19,43880,163236220,169046441
2020,2,2020/2/20,43881,169046441,212232624
2020,2,2020/2/21,43882,212232624,217213604
2020,2,2020/2/24,43885,217213604,212869303
2020,2,2020/2/25,43886,212869303,244167831
2020,2,2020/2/26,43887,244167831,261094061
2020,2,2020/2/27,43888,261094061,181290981
2020,2,2020/2/28,43889,181290981,230275093
2020,3,2020/3/2,43892,230275093,219313559
2020,3,2020/3/3,43893,219313559,219369777
2020,3,2020/3/4,43894,219369777,182424730
2020,3,2020/3/5,43895,182424730,231823115
2020,3,2020/3/6,43896,231823115,172475717
2020,3,2020/3/9,43899,172475717,208102035
2020,3,2020/3/10,43900,208102035,197416402
2020,3,2020/3/11,43901,197416402,161656111
2020,3,2020/3/12,43902,161656111,157060458
2020,3,2020/3/13,43903,157060458,188296722
2020,3,2020/3/16,43906,188296722,185968260
2020,3,2020/3/17,43907,185968260,166246129
2020,3,2020/3/18,43908,166246129,155037547
2020,3,2020/3/19,43909,155037547,180807407
2020,3,2020/3/20,43910,180807407,139603000
2020,3,2020/3/23,43913,139603000,137108790
2020,3,2020/3/24,43914,137108790,143103021
2020,3,2020/3/25,43915,143103021,153495958
2020,3,2020/3/26,43916,153495958,112310665
2020,3,2020/3/27,43917,112310665,124060995
2020,3,2020/3/30,43920,124060995,126876673
2020,3,2020/3/31,43921,126876673,111453025
2020,4,2020/4/1,43922,111453025,119352620
2020,4,2020/4/2,43923,119352620,115168209
2020,4,2020/4/3,43924,115168209,99825083
2020,4,2020/4/7,43928,99825083,142778030
2020,4,2020/4/8,43929,142778030,111389513
2020,4,2020/4/9,43930,111389513,100485032
2020,4,2020/4/10,43931,100485032,102444956
2020,4,2020/4/13,43934,102444956,79053343
2020,4,2020/4/14,43935,79053343,110637585
2020,4,2020/4/15,43936,110637585,108461984
2020,4,2020/4/16,43937,108461984,95947965
2020,4,2020/4/17,43938,95947965,132004301
2020,4,2020/4/20,43941,132004301,100013115
2020,4,2020/4/21,43942,100013115,102921888
2020,4,2020/4/22,43943,102921888,85899464
2020,4,2020/4/23,43944,85899464,95508450
2020,4,2020/4/24,43945,95508450,94844135
2020,4,2020/4/27,43948,94844135,95462735
2020,4,2020/4/28,43949,95462735,122093476
2020,4,2020/4/29,43950,122093476,95854590
2020,4,2020/4/30,43951,95854590,132917125
2020,5,2020/5/6,43957,132917125,139855675
2020,5,2020/5/7,43958,139855675,105514646
2020,5,2020/5/8,43959,105514646,116943341
2020,5,2020/5/11,43962,116943341,122673803
2020,5,2020/5/12,43963,122673803,98250554
2020,5,2020/5/13,43964,98250554,88190669
2020,5,2020/5/14,43965,88190669,88530004
2020,5,2020/5/15,43966,88530004,92618382
2020,5,2020/5/18,43969,92618382,112801762
2020,5,2020/5/19,43970,112801762,94015291
2020,5,2020/5/20,43971,94015291,100791150
2020,5,2020/5/21,43972,100791150,94861033
2020,5,2020/5/22,43973,94861033,103378360
2020,5,2020/5/25,43976,103378360,79033326
2020,5,2020/5/26,43977,79033326,77448076
2020,5,2020/5/27,43978,77448076,83711831
2020,5,2020/5/28,43979,83711831,93064054
2020,5,2020/5/29,43980,93064054,93813832
2020,6,2020/6/1,43983,93813832,136456652
2020,6,2020/6/2,43984,136456652,144303060
2020,6,2020/6/3,43985,144303060,136597483
2020,6,2020/6/4,43986,136597483,104277737
2020,6,2020/6/5,43987,104277737,102443942
2020,6,2020/6/8,43990,102443942,137925813
2020,6,2020/6/9,43991,137925813,115304479
2020,6,2020/6/10,43992,115304479,112265728
2020,6,2020/6/11,43993,112265728,127308941
2020,6,2020/6/12,43994,127308941,134166649
2020,6,2020/6/15,43997,134166649,131297860
2020,6,2020/6/16,43998,131297860,111051539
2020,6,2020/6/17,43999,111051539,105605799
2020,6,2020/6/18,44000,105605799,138148761
2020,6,2020/6/19,44001,138148761,152946990
2020,6,2020/6/22,44004,152946990,155829465
2020,6,2020/6/23,44005,155829465,129229510
2020,6,2020/6/24,44006,129229510,121712465
2020,6,2020/6/29,44011,121712465,130865854
2020,6,2020/6/30,44012,130865854,125933521
2020,7,2020/7/1,44013,125933521,169990456
2020,7,2020/7/2,44014,169990456,252939368
2020,7,2020/7/3,44015,252939368,290485539
2020,7,2020/7/6,44018,290485539,405821025
2020,7,2020/7/7,44019,405821025,406008553
2020,7,2020/7/8,44020,406008553,348074847
2020,7,2020/7/9,44021,348074847,351046893
2020,7,2020/7/10,44022,351046893,316949651
2020,7,2020/7/13,44025,316949651,321645446
2020,7,2020/7/14,44026,321645446,297241985
2020,7,2020/7/15,44027,297241985,272389006
2020,7,2020/7/16,44028,272389006,284657133
2020,7,2020/7/17,44029,284657133,207375563
2020,7,2020/7/20,44032,207375563,246068914
2020,7,2020/7/21,44033,246068914,200415659
2020,7,2020/7/22,44034,200415659,224199211
2020,7,2020/7/23,44035,224199211,234314569
2020,7,2020/7/24,44036,234314569,243905203
2020,7,2020/7/27,44039,243905203,171420551
2020,7,2020/7/28,44040,171420551,162768498
2020,7,2020/7/29,44041,162768498,186695305
2020,7,2020/7/30,44042,186695305,166967566
2020,7,2020/7/31,44043,166967566,184839026
2020,8,2020/8/3,44046,184839026,214776239
2020,8,2020/8/4,44047,214776239,239974985
2020,8,2020/8/5,44048,239974985,196700548
2020,8,2020/8/6,44049,196700548,227854406
2020,8,2020/8/7,44050,227854406,213518216
2020,8,2020/8/10,44053,213518216,203788832
2020,8,2020/8/11,44054,203788832,205546511
2020,8,2020/8/12,44055,205546511,202887239
2020,8,2020/8/13,44056,202887239,152550092
2020,8,2020/8/14,44057,152550092,147292921
2020,8,2020/8/17,44060,147292921,268001556
2020,8,2020/8/18,44061,268001556,189139854
2020,8,2020/8/19,44062,189139854,192442948
2020,8,2020/8/20,44063,192442948,158368639
2020,8,2020/8/21,44064,158368639,142657864
2020,8,2020/8/24,44067,142657864,151143512
2020,8,2020/8/25,44068,151143512,141701351
2020,8,2020/8/26,44069,141701351,151305180
2020,8,2020/8/27,44070,151305180,119042850
2020,8,2020/8/28,44071,119042850,159399765
2020,8,2020/8/31,44074,159399765,202567029
2020,9,2020/9/1,44075,202567029,138395402
2020,9,2020/9/2,44076,138395402,157989524
2020,9,2020/9/3,44077,157989524,145671201
2020,9,2020/9/4,44078,145671201,120032796
2020,9,2020/9/7,44081,120032796,148607791
2020,9,2020/9/8,44082,148607791,139199227
2020,9,2020/9/9,44083,139199227,162277107
2020,9,2020/9/10,44084,162277107,150652878
2020,9,2020/9/11,44085,150652878,115302424
2020,9,2020/9/14,44088,115302424,107235179
2020,9,2020/9/15,44089,107235179,101915925
2020,9,2020/9/16,44090,101915925,108753641
2020,9,2020/9/17,44091,108753641,105983631
2020,9,2020/9/18,44092,105983631,160426475
2020,9,2020/9/21,44095,160426475,124535827
2020,9,2020/9/22,44096,124535827,119672947
2020,9,2020/9/23,44097,119672947,95826528
2020,9,2020/9/24,44098,95826528,112593683
2020,9,2020/9/25,44099,112593683,93015155
2020,9,2020/9/28,44102,93015155,85048389
2020,9,2020/9/29,44103,85048389,85993858
2020,9,2020/9/30,44104,85993858,89081200
2020,10,2020/10/9,44113,89081200,111337512
2020,10,2020/10/12,44116,111337512,155784558
2020,10,2020/10/13,44117,155784558,116516338
2020,10,2020/10/14,44118,116516338,111906923
2020,10,2020/10/15,44119,111906923,109964962
2020,10,2020/10/16,44120,109964962,116716102
2020,10,2020/10/19,44123,116716102,129246361
2020,10,2020/10/20,44124,129246361,98048156
2020,10,2020/10/21,44125,98048156,103805703
2020,10,2020/10/22,44126,103805703,101350891
2020,10,2020/10/23,44127,101350891,106825184
2020,10,2020/10/26,44130,106825184,108343275
2020,10,2020/10/27,44131,108343275,92656304
2020,10,2020/10/28,44132,92656304,108463402
2020,10,2020/10/29,44133,108463402,117117250
2020,10,2020/10/30,44134,117117250,139802303
2020,11,2020/11/2,44137,139802303,142867693
2020,11,2020/11/3,44138,142867693,136055408
2020,11,2020/11/4,44139,136055408,114661806
2020,11,2020/11/5,44140,114661806,139244594
2020,11,2020/11/6,44141,139244594,153639034
2020,11,2020/11/9,44144,153639034,197131984
2020,11,2020/11/10,44145,197131984,176267214
2020,11,2020/11/11,44146,176267214,164470515
2020,11,2020/11/12,44147,164470515,118114619
2020,11,2020/11/13,44148,118114619,133693079
2020,11,2020/11/16,44151,133693079,148770980
2020,11,2020/11/17,44152,148770980,151487464
2020,11,2020/11/18,44153,151487464,164216616
2020,11,2020/11/19,44154,164216616,133681378
2020,11,2020/11/20,44155,133681378,129400341
2020,11,2020/11/23,44158,129400341,205915187
2020,11,2020/11/24,44159,205915187,156637911
2020,11,2020/11/25,44160,156637911,170340527
2020,11,2020/11/26,44161,170340527,
2020,11,2020/11/27,44162,,
2020,11,2020/11/28,44163,,
2020,11,2020/11/29,44164,,
2020,11,2020/11/30,44165,,
2020,12,2020/12/1,44166,,
2020,12,2020/12/2,44167,,
2020,12,2020/12/3,44168,,
2020,12,2020/12/4,44169,,
2020,12,2020/12/5,44170,,
2020,12,2020/12/6,44171,,
2020,12,2020/12/7,44172,,
2020,12,2020/12/8,44173,,
2020,12,2020/12/9,44174,,
2020,12,2020/12/10,44175,,
2020,12,2020/12/11,44176,,
2020,12,2020/12/12,44177,,
2020,12,2020/12/13,44178,,
2020,12,2020/12/14,44179,,
2020,12,2020/12/15,44180,,
2020,12,2020/12/16,44181,,
2020,12,2020/12/17,44182,,
2020,12,2020/12/18,44183,,
2020,12,2020/12/19,44184,,
2020,12,2020/12/20,44185,,
2020,12,2020/12/21,44186,,
2020,12,2020/12/22,44187,,
2020,12,2020/12/23,44188,,
2020,12,2020/12/24,44189,,
2020,12,2020/12/25,44190,,
2020,12,2020/12/26,44191,,
2020,12,2020/12/27,44192,,
2020,12,2020/12/28,44193,,
2020,12,2020/12/29,44194,,
2020,12,2020/12/30,44195,,
2020,12,2020/12/31,44196,,
2021,1,2021/1/1,44197,,
2021,1,2021/1/2,44198,,
2021,1,2021/1/3,44199,,
2021,1,2021/1/4,44200,,
2021,1,2021/1/5,44201,,
2021,1,2021/1/6,44202,,
2021,1,2021/1/7,44203,,
2021,1,2021/1/8,44204,,
2021,1,2021/1/9,44205,,
2021,1,2021/1/10,44206,,
2021,1,2021/1/11,44207,,
2021,1,2021/1/12,44208,,
2021,1,2021/1/13,44209,,
2021,1,2021/1/14,44210,,
2021,1,2021/1/15,44211,,
2021,1,2021/1/16,44212,,
2021,1,2021/1/17,44213,,
2021,1,2021/1/18,44214,,
2021,1,2021/1/19,44215,,
2021,1,2021/1/20,44216,,
2021,1,2021/1/21,44217,,
2021,1,2021/1/22,44218,,
2021,1,2021/1/23,44219,,
2021,1,2021/1/24,44220,,
2021,1,2021/1/25,44221,,
2021,1,2021/1/26,44222,,
2021,1,2021/1/27,44223,,
2021,1,2021/1/28,44224,,
2021,1,2021/1/29,44225,,
2021,1,2021/1/30,44226,,
2021,1,2021/1/31,44227,,
2021,2,2021/2/1,44228,,
2021,2,2021/2/2,44229,,
2021,2,2021/2/3,44230,,
2021,2,2021/2/4,44231,,
2021,2,2021/2/5,44232,,
2021,2,2021/2/6,44233,,
2021,2,2021/2/7,44234,,
2021,2,2021/2/8,44235,,
2021,2,2021/2/9,44236,,
2021,2,2021/2/10,44237,,
2021,2,2021/2/11,44238,,
2021,2,2021/2/12,44239,,
2021,2,2021/2/13,44240,,
2021,2,2021/2/14,44241,,
2021,2,2021/2/15,44242,,
2021,2,2021/2/16,44243,,
2021,2,2021/2/17,44244,,
2021,2,2021/2/18,44245,,
2021,2,2021/2/19,44246,,
2021,2,2021/2/20,44247,,
2021,2,2021/2/21,44248,,
2021,2,2021/2/22,44249,,
2021,2,2021/2/23,44250,,
2021,2,2021/2/24,44251,,
2021,2,2021/2/25,44252,,
2021,2,2021/2/26,44253,,
2021,2,2021/2/27,44254,,
2021,2,2021/2/28,44255,,
2021,3,2021/3/1,44256,,
2021,3,2021/3/2,44257,,
2021,3,2021/3/3,44258,,
2021,3,2021/3/4,44259,,
2021,3,2021/3/5,44260,,
2021,3,2021/3/6,44261,,
2021,3,2021/3/7,44262,,
2021,3,2021/3/8,44263,,
2021,3,2021/3/9,44264,,
2021,3,2021/3/10,44265,,
2021,3,2021/3/11,44266,,
2021,3,2021/3/12,44267,,
2021,3,2021/3/13,44268,,
2021,3,2021/3/14,44269,,
2021,3,2021/3/15,44270,,
2021,3,2021/3/16,44271,,
2021,3,2021/3/17,44272,,
2021,3,2021/3/18,44273,,
2021,3,2021/3/19,44274,,
2021,3,2021/3/20,44275,,
2021,3,2021/3/21,44276,,
2021,3,2021/3/22,44277,,
2021,3,2021/3/23,44278,,
2021,3,2021/3/24,44279,,
2021,3,2021/3/25,44280,,
2021,3,2021/3/26,44281,,
2021,3,2021/3/27,44282,,
2021,3,2021/3/28,44283,,
2021,3,2021/3/29,44284,,
2021,3,2021/3/30,44285,,
2021,3,2021/3/31,44286,,
2021,4,2021/4/1,44287,,
2021,4,2021/4/2,44288,,
2021,4,2021/4/3,44289,,
2021,4,2021/4/4,44290,,
2021,4,2021/4/5,44291,,
2021,4,2021/4/6,44292,,
2021,4,2021/4/7,44293,,
2021,4,2021/4/8,44294,,
2021,4,2021/4/9,44295,,
2021,4,2021/4/10,44296,,
2021,4,2021/4/11,44297,,
2021,4,2021/4/12,44298,,
2021,4,2021/4/13,44299,,
2021,4,2021/4/14,44300,,
2021,4,2021/4/15,44301,,
2021,4,2021/4/16,44302,,
2021,4,2021/4/17,44303,,
2021,4,2021/4/18,44304,,
2021,4,2021/4/19,44305,,
2021,4,2021/4/20,44306,,
2021,4,2021/4/21,44307,,
2021,4,2021/4/22,44308,,
2021,4,2021/4/23,44309,,
2021,4,2021/4/24,44310,,
2021,4,2021/4/25,44311,,
2021,4,2021/4/26,44312,,
2021,4,2021/4/27,44313,,
2021,4,2021/4/28,44314,,
2021,4,2021/4/29,44315,,
2021,4,2021/4/30,44316,,
2021,5,2021/5/1,44317,,
2021,5,2021/5/2,44318,,
2021,5,2021/5/3,44319,,
2021,5,2021/5/4,44320,,
2021,5,2021/5/5,44321,,
2021,5,2021/5/6,44322,,
2021,5,2021/5/7,44323,,
2021,5,2021/5/8,44324,,
2021,5,2021/5/9,44325,,
2021,5,2021/5/10,44326,,
2021,5,2021/5/11,44327,,
2021,5,2021/5/12,44328,,
2021,5,2021/5/13,44329,,
2021,5,2021/5/14,44330,,
2021,5,2021/5/15,44331,,
2021,5,2021/5/16,44332,,
2021,5,2021/5/17,44333,,
2021,5,2021/5/18,44334,,
2021,5,2021/5/19,44335,,
2021,5,2021/5/20,44336,,
2021,5,2021/5/21,44337,,
2021,5,2021/5/22,44338,,
2021,5,2021/5/23,44339,,
2021,5,2021/5/24,44340,,
2021,5,2021/5/25,44341,,
2021,5,2021/5/26,44342,,
2021,5,2021/5/27,44343,,
2021,5,2021/5/28,44344,,
2021,5,2021/5/29,44345,,
2021,5,2021/5/30,44346,,
2021,5,2021/5/31,44347,,
2021,6,2021/6/1,44348,,
2021,6,2021/6/2,44349,,
2021,6,2021/6/3,44350,,
2021,6,2021/6/4,44351,,
2021,6,2021/6/5,44352,,
2021,6,2021/6/6,44353,,
2021,6,2021/6/7,44354,,
2021,6,2021/6/8,44355,,
2021,6,2021/6/9,44356,,
2021,6,2021/6/10,44357,,
2021,6,2021/6/11,44358,,
2021,6,2021/6/12,44359,,
2021,6,2021/6/13,44360,,
2021,6,2021/6/14,44361,,
2021,6,2021/6/15,44362,,
2021,6,2021/6/16,44363,,
2021,6,2021/6/17,44364,,
2021,6,2021/6/18,44365,,
2021,6,2021/6/19,44366,,
2021,6,2021/6/20,44367,,
2021,6,2021/6/21,44368,,
2021,6,2021/6/22,44369,,
2021,6,2021/6/23,44370,,
2021,6,2021/6/24,44371,,
2021,6,2021/6/25,44372,,
2021,6,2021/6/26,44373,,
2021,6,2021/6/27,44374,,
2021,6,2021/6/28,44375,,
2021,6,2021/6/29,44376,,
2021,6,2021/6/30,44377,,
2021,7,2021/7/1,44378,,
2021,7,2021/7/2,44379,,
2021,7,2021/7/3,44380,,
2021,7,2021/7/4,44381,,
2021,7,2021/7/5,44382,,
2021,7,2021/7/6,44383,,
2021,7,2021/7/7,44384,,
2021,7,2021/7/8,44385,,
2021,7,2021/7/9,44386,,
2021,7,2021/7/10,44387,,
2021,7,2021/7/11,44388,,
2021,7,2021/7/12,44389,,
2021,7,2021/7/13,44390,,
2021,7,2021/7/14,44391,,
2021,7,2021/7/15,44392,,
2021,7,2021/7/16,44393,,
2021,7,2021/7/17,44394,,
2021,7,2021/7/18,44395,,
2021,7,2021/7/19,44396,,
2021,7,2021/7/20,44397,,
2021,7,2021/7/21,44398,,
2021,7,2021/7/22,44399,,
2021,7,2021/7/23,44400,,
2021,7,2021/7/24,44401,,
2021,7,2021/7/25,44402,,
2021,7,2021/7/26,44403,,
2021,7,2021/7/27,44404,,
2021,7,2021/7/28,44405,,
2021,7,2021/7/29,44406,,
2021,7,2021/7/30,44407,,
2021,7,2021/7/31,44408,,
2021,8,2021/8/1,44409,,
2021,8,2021/8/2,44410,,
2021,8,2021/8/3,44411,,
2021,8,2021/8/4,44412,,
2021,8,2021/8/5,44413,,
2021,8,2021/8/6,44414,,
2021,8,2021/8/7,44415,,
2021,8,2021/8/8,44416,,
2021,8,2021/8/9,44417,,
2021,8,2021/8/10,44418,,
2021,8,2021/8/11,44419,,
2021,8,2021/8/12,44420,,
2021,8,2021/8/13,44421,,
2021,8,2021/8/14,44422,,
2021,8,2021/8/15,44423,,
2021,8,2021/8/16,44424,,
2021,8,2021/8/17,44425,,
2021,8,2021/8/18,44426,,
2021,8,2021/8/19,44427,,
2021,8,2021/8/20,44428,,
2021,8,2021/8/21,44429,,
2021,8,2021/8/22,44430,,
2021,8,2021/8/23,44431,,
2021,8,2021/8/24,44432,,
2021,8,2021/8/25,44433,,
2021,8,2021/8/26,44434,,
2021,8,2021/8/27,44435,,
2021,8,2021/8/28,44436,,
2021,8,2021/8/29,44437,,
2021,8,2021/8/30,44438,,
2021,8,2021/8/31,44439,,
2021,9,2021/9/1,44440,,
2021,9,2021/9/2,44441,,
2021,9,2021/9/3,44442,,
2021,9,2021/9/4,44443,,
2021,9,2021/9/5,44444,,
2021,9,2021/9/6,44445,,
2021,9,2021/9/7,44446,,
2021,9,2021/9/8,44447,,
2021,9,2021/9/9,44448,,
2021,9,2021/9/10,44449,,
2021,9,2021/9/11,44450,,
2021,9,2021/9/12,44451,,
2021,9,2021/9/13,44452,,
2021,9,2021/9/14,44453,,
2021,9,2021/9/15,44454,,
2021,9,2021/9/16,44455,,
2021,9,2021/9/17,44456,,
2021,9,2021/9/18,44457,,
2021,9,2021/9/19,44458,,
2021,9,2021/9/20,44459,,
2021,9,2021/9/21,44460,,
2021,9,2021/9/22,44461,,
2021,9,2021/9/23,44462,,
2021,9,2021/9/24,44463,,
2021,9,2021/9/25,44464,,
2021,9,2021/9/26,44465,,
2021,9,2021/9/27,44466,,
2021,9,2021/9/28,44467,,
2021,9,2021/9/29,44468,,
2021,9,2021/9/30,44469,,
2021,10,2021/10/1,44470,,
2021,10,2021/10/2,44471,,
2021,10,2021/10/3,44472,,
2021,10,2021/10/4,44473,,
2021,10,2021/10/5,44474,,
2021,10,2021/10/6,44475,,
2021,10,2021/10/7,44476,,
2021,10,2021/10/8,44477,,
2021,10,2021/10/9,44478,,
2021,10,2021/10/10,44479,,
2021,10,2021/10/11,44480,,
2021,10,2021/10/12,44481,,
2021,10,2021/10/13,44482,,
2021,10,2021/10/14,44483,,
2021,10,2021/10/15,44484,,
2021,10,2021/10/16,44485,,
2021,10,2021/10/17,44486,,
2021,10,2021/10/18,44487,,
2021,10,2021/10/19,44488,,
2021,10,2021/10/20,44489,,
2021,10,2021/10/21,44490,,
2021,10,2021/10/22,44491,,
2021,10,2021/10/23,44492,,
2021,10,2021/10/24,44493,,
2021,10,2021/10/25,44494,,
2021,10,2021/10/26,44495,,
2021,10,2021/10/27,44496,,
2021,10,2021/10/28,44497,,
2021,10,2021/10/29,44498,,
2021,10,2021/10/30,44499,,
2021,10,2021/10/31,44500,,
2021,11,2021/11/1,44501,,
2021,11,2021/11/2,44502,,
2021,11,2021/11/3,44503,,
2021,11,2021/11/4,44504,,
2021,11,2021/11/5,44505,,
2021,11,2021/11/6,44506,,
2021,11,2021/11/7,44507,,
2021,11,2021/11/8,44508,,
2021,11,2021/11/9,44509,,
2021,11,2021/11/10,44510,,
2021,11,2021/11/11,44511,,
2021,11,2021/11/12,44512,,
2021,11,2021/11/13,44513,,
2021,11,2021/11/14,44514,,
2021,11,2021/11/15,44515,,
2021,11,2021/11/16,44516,,
2021,11,2021/11/17,44517,,
2021,11,2021/11/18,44518,,
2021,11,2021/11/19,44519,,
2021,11,2021/11/20,44520,,
2021,11,2021/11/21,44521,,
2021,11,2021/11/22,44522,,
2021,11,2021/11/23,44523,,
2021,11,2021/11/24,44524,,
2021,11,2021/11/25,44525,,
2021,11,2021/11/26,44526,,
2021,11,2021/11/27,44527,,
2021,11,2021/11/28,44528,,
