Day,Year,Month,Last_day_value,Today_value
2015/1/2,2015,1,,-435.9
2015/1/5,2015,1,,-435.9
2015/1/6,2015,1,,-435.9
2015/1/7,2015,1,,-435.9
2015/1/8,2015,1,,-435.9
2015/1/9,2015,1,,-435.9
2015/1/12,2015,1,-435.9,-435.9
2015/1/13,2015,1,-435.9,-435.9
2015/1/14,2015,1,-435.9,-435.9
2015/1/15,2015,1,-435.9,-435.9
2015/1/16,2015,1,-435.9,-435.9
2015/1/20,2015,1,-435.9,-435.9
2015/1/21,2015,1,-435.9,-435.9
2015/1/22,2015,1,-435.9,-435.9
2015/1/23,2015,1,-435.9,-435.9
2015/1/26,2015,1,-435.9,-435.9
2015/1/27,2015,1,-435.9,-435.9
2015/1/28,2015,1,-435.9,-435.9
2015/1/29,2015,1,-435.9,-435.9
2015/1/30,2015,1,-435.9,-435.9
2015/2/2,2015,2,-428.6857143,-385.4
2015/2/3,2015,2,-421.4714286,-385.4
2015/2/4,2015,2,-414.2571429,-385.4
2015/2/5,2015,2,-407.0428571,-385.4
2015/2/6,2015,2,-399.8285714,-385.4
2015/2/9,2015,2,-392.6142857,-385.4
2015/2/10,2015,2,-385.4,-385.4
2015/2/11,2015,2,-385.4,-385.4
2015/2/12,2015,2,-385.4,-385.4
2015/2/13,2015,2,-385.4,-385.4
2015/2/17,2015,2,-385.4,-385.4
2015/2/18,2015,2,-385.4,-385.4
2015/2/19,2015,2,-385.4,-385.4
2015/2/20,2015,2,-385.4,-385.4
2015/2/23,2015,2,-385.4,-385.4
2015/2/24,2015,2,-385.4,-385.4
2015/2/25,2015,2,-385.4,-385.4
2015/2/26,2015,2,-385.4,-385.4
2015/2/27,2015,2,-385.4,-385.4
2015/3/2,2015,3,-404.8571429,-521.6
2015/3/3,2015,3,-424.3142857,-521.6
2015/3/4,2015,3,-443.7714286,-521.6
2015/3/5,2015,3,-463.2285714,-521.6
2015/3/6,2015,3,-482.6857143,-521.6
2015/3/9,2015,3,-502.1428571,-521.6
2015/3/10,2015,3,-521.6,-521.6
2015/3/11,2015,3,-521.6,-521.6
2015/3/12,2015,3,-521.6,-521.6
2015/3/13,2015,3,-521.6,-521.6
2015/3/16,2015,3,-521.6,-521.6
2015/3/17,2015,3,-521.6,-521.6
2015/3/18,2015,3,-521.6,-521.6
2015/3/19,2015,3,-521.6,-521.6
2015/3/20,2015,3,-521.6,-521.6
2015/3/23,2015,3,-521.6,-521.6
2015/3/24,2015,3,-521.6,-521.6
2015/3/25,2015,3,-521.6,-521.6
2015/3/26,2015,3,-521.6,-521.6
2015/3/27,2015,3,-521.6,-521.6
2015/3/30,2015,3,-521.6,-521.6
2015/3/31,2015,3,-521.6,-521.6
2015/4/1,2015,4,-509.0428571,-433.7
2015/4/2,2015,4,-496.4857143,-433.7
2015/4/6,2015,4,-483.9285714,-433.7
2015/4/7,2015,4,-471.3714286,-433.7
2015/4/8,2015,4,-458.8142857,-433.7
2015/4/9,2015,4,-446.2571429,-433.7
2015/4/10,2015,4,-433.7,-433.7
2015/4/13,2015,4,-433.7,-433.7
2015/4/14,2015,4,-433.7,-433.7
2015/4/15,2015,4,-433.7,-433.7
2015/4/16,2015,4,-433.7,-433.7
2015/4/17,2015,4,-433.7,-433.7
2015/4/20,2015,4,-433.7,-433.7
2015/4/21,2015,4,-433.7,-433.7
2015/4/22,2015,4,-433.7,-433.7
2015/4/23,2015,4,-433.7,-433.7
2015/4/24,2015,4,-433.7,-433.7
2015/4/27,2015,4,-433.7,-433.7
2015/4/28,2015,4,-433.7,-433.7
2015/4/29,2015,4,-433.7,-433.7
2015/4/30,2015,4,-433.7,-433.7
2015/5/1,2015,5,-433.8,-434.4
2015/5/4,2015,5,-433.9,-434.4
2015/5/5,2015,5,-434,-434.4
2015/5/6,2015,5,-434.1,-434.4
2015/5/7,2015,5,-434.2,-434.4
2015/5/8,2015,5,-434.3,-434.4
2015/5/11,2015,5,-434.4,-434.4
2015/5/12,2015,5,-434.4,-434.4
2015/5/13,2015,5,-434.4,-434.4
2015/5/14,2015,5,-434.4,-434.4
2015/5/15,2015,5,-434.4,-434.4
2015/5/18,2015,5,-434.4,-434.4
2015/5/19,2015,5,-434.4,-434.4
2015/5/20,2015,5,-434.4,-434.4
2015/5/21,2015,5,-434.4,-434.4
2015/5/22,2015,5,-434.4,-434.4
2015/5/26,2015,5,-434.4,-434.4
2015/5/27,2015,5,-434.4,-434.4
2015/5/28,2015,5,-434.4,-434.4
2015/5/29,2015,5,-434.4,-434.4
2015/6/1,2015,6,-438.4285714,-462.6
2015/6/2,2015,6,-442.4571429,-462.6
2015/6/3,2015,6,-446.4857143,-462.6
2015/6/4,2015,6,-450.5142857,-462.6
2015/6/5,2015,6,-454.5428571,-462.6
2015/6/8,2015,6,-458.5714286,-462.6
2015/6/9,2015,6,-462.6,-462.6
2015/6/10,2015,6,-462.6,-462.6
2015/6/11,2015,6,-462.6,-462.6
2015/6/12,2015,6,-462.6,-462.6
2015/6/15,2015,6,-462.6,-462.6
2015/6/16,2015,6,-462.6,-462.6
2015/6/17,2015,6,-462.6,-462.6
2015/6/18,2015,6,-462.6,-462.6
2015/6/19,2015,6,-462.6,-462.6
2015/6/22,2015,6,-462.6,-462.6
2015/6/23,2015,6,-462.6,-462.6
2015/6/24,2015,6,-462.6,-462.6
2015/6/25,2015,6,-462.6,-462.6
2015/6/26,2015,6,-462.6,-462.6
2015/6/29,2015,6,-462.6,-462.6
2015/6/30,2015,6,-462.6,-462.6
2015/7/1,2015,7,-457.1285714,-424.3
2015/7/2,2015,7,-451.6571429,-424.3
2015/7/6,2015,7,-446.1857143,-424.3
2015/7/7,2015,7,-440.7142857,-424.3
2015/7/8,2015,7,-435.2428571,-424.3
2015/7/9,2015,7,-429.7714286,-424.3
2015/7/10,2015,7,-424.3,-424.3
2015/7/13,2015,7,-424.3,-424.3
2015/7/14,2015,7,-424.3,-424.3
2015/7/15,2015,7,-424.3,-424.3
2015/7/16,2015,7,-424.3,-424.3
2015/7/17,2015,7,-424.3,-424.3
2015/7/20,2015,7,-424.3,-424.3
2015/7/21,2015,7,-424.3,-424.3
2015/7/22,2015,7,-424.3,-424.3
2015/7/23,2015,7,-424.3,-424.3
2015/7/24,2015,7,-424.3,-424.3
2015/7/27,2015,7,-424.3,-424.3
2015/7/28,2015,7,-424.3,-424.3
2015/7/29,2015,7,-424.3,-424.3
2015/7/30,2015,7,-424.3,-424.3
2015/7/31,2015,7,-424.3,-424.3
2015/8/3,2015,8,-433.4142857,-488.1
2015/8/4,2015,8,-442.5285714,-488.1
2015/8/5,2015,8,-451.6428571,-488.1
2015/8/6,2015,8,-460.7571429,-488.1
2015/8/7,2015,8,-469.8714286,-488.1
2015/8/10,2015,8,-478.9857143,-488.1
2015/8/11,2015,8,-488.1,-488.1
2015/8/12,2015,8,-488.1,-488.1
2015/8/13,2015,8,-488.1,-488.1
2015/8/14,2015,8,-488.1,-488.1
2015/8/17,2015,8,-488.1,-488.1
2015/8/18,2015,8,-488.1,-488.1
2015/8/19,2015,8,-488.1,-488.1
2015/8/20,2015,8,-488.1,-488.1
2015/8/21,2015,8,-488.1,-488.1
2015/8/24,2015,8,-488.1,-488.1
2015/8/25,2015,8,-488.1,-488.1
2015/8/26,2015,8,-488.1,-488.1
2015/8/27,2015,8,-488.1,-488.1
2015/8/28,2015,8,-488.1,-488.1
2015/8/31,2015,8,-488.1,-488.1
2015/9/1,2015,9,-479.0571429,-424.8
2015/9/2,2015,9,-470.0142857,-424.8
2015/9/3,2015,9,-460.9714286,-424.8
2015/9/4,2015,9,-451.9285714,-424.8
2015/9/8,2015,9,-442.8857143,-424.8
2015/9/9,2015,9,-433.8428571,-424.8
2015/9/10,2015,9,-424.8,-424.8
2015/9/11,2015,9,-424.8,-424.8
2015/9/14,2015,9,-424.8,-424.8
2015/9/15,2015,9,-424.8,-424.8
2015/9/16,2015,9,-424.8,-424.8
2015/9/17,2015,9,-424.8,-424.8
2015/9/18,2015,9,-424.8,-424.8
2015/9/21,2015,9,-424.8,-424.8
2015/9/22,2015,9,-424.8,-424.8
2015/9/23,2015,9,-424.8,-424.8
2015/9/24,2015,9,-424.8,-424.8
2015/9/25,2015,9,-424.8,-424.8
2015/9/28,2015,9,-424.8,-424.8
2015/9/29,2015,9,-424.8,-424.8
2015/9/30,2015,9,-424.8,-424.8
2015/10/1,2015,10,-429.0857143,-454.8
2015/10/2,2015,10,-433.3714286,-454.8
2015/10/5,2015,10,-437.6571429,-454.8
2015/10/6,2015,10,-441.9428571,-454.8
2015/10/7,2015,10,-446.2285714,-454.8
2015/10/8,2015,10,-450.5142857,-454.8
2015/10/9,2015,10,-454.8,-454.8
2015/10/12,2015,10,-454.8,-454.8
2015/10/13,2015,10,-454.8,-454.8
2015/10/14,2015,10,-454.8,-454.8
2015/10/15,2015,10,-454.8,-454.8
2015/10/16,2015,10,-454.8,-454.8
2015/10/19,2015,10,-454.8,-454.8
2015/10/20,2015,10,-454.8,-454.8
2015/10/21,2015,10,-454.8,-454.8
2015/10/22,2015,10,-454.8,-454.8
2015/10/23,2015,10,-454.8,-454.8
2015/10/26,2015,10,-454.8,-454.8
2015/10/27,2015,10,-454.8,-454.8
2015/10/28,2015,10,-454.8,-454.8
2015/10/29,2015,10,-454.8,-454.8
2015/10/30,2015,10,-454.8,-454.8
2015/11/2,2015,11,-452.0714286,-435.7
2015/11/3,2015,11,-449.3428571,-435.7
2015/11/4,2015,11,-446.6142857,-435.7
2015/11/5,2015,11,-443.8857143,-435.7
2015/11/6,2015,11,-441.1571429,-435.7
2015/11/9,2015,11,-438.4285714,-435.7
2015/11/10,2015,11,-435.7,-435.7
2015/11/11,2015,11,-435.7,-435.7
2015/11/12,2015,11,-435.7,-435.7
2015/11/13,2015,11,-435.7,-435.7
2015/11/16,2015,11,-435.7,-435.7
2015/11/17,2015,11,-435.7,-435.7
2015/11/18,2015,11,-435.7,-435.7
2015/11/19,2015,11,-435.7,-435.7
2015/11/20,2015,11,-435.7,-435.7
2015/11/23,2015,11,-435.7,-435.7
2015/11/24,2015,11,-435.7,-435.7
2015/11/25,2015,11,-435.7,-435.7
2015/11/27,2015,11,-435.7,-435.7
2015/11/30,2015,11,-435.7,-435.7
2015/12/1,2015,12,-437.3142857,-447
2015/12/2,2015,12,-438.9285714,-447
2015/12/3,2015,12,-440.5428571,-447
2015/12/4,2015,12,-442.1571429,-447
2015/12/7,2015,12,-443.7714286,-447
2015/12/8,2015,12,-445.3857143,-447
2015/12/9,2015,12,-447,-447
2015/12/10,2015,12,-447,-447
2015/12/11,2015,12,-447,-447
2015/12/14,2015,12,-447,-447
2015/12/15,2015,12,-447,-447
2015/12/16,2015,12,-447,-447
2015/12/17,2015,12,-447,-447
2015/12/18,2015,12,-447,-447
2015/12/21,2015,12,-447,-447
2015/12/22,2015,12,-447,-447
2015/12/23,2015,12,-447,-447
2015/12/24,2015,12,-447,-447
2015/12/28,2015,12,-447,-447
2015/12/29,2015,12,-447,-447
2015/12/30,2015,12,-447,-447
2015/12/31,2015,12,-447,-447
2016/1/4,2016,1,-443.5857143,-423.1
2016/1/5,2016,1,-440.1714286,-423.1
2016/1/6,2016,1,-436.7571429,-423.1
2016/1/7,2016,1,-433.3428571,-423.1
2016/1/8,2016,1,-429.9285714,-423.1
2016/1/11,2016,1,-426.5142857,-423.1
2016/1/12,2016,1,-423.1,-423.1
2016/1/13,2016,1,-423.1,-423.1
2016/1/14,2016,1,-423.1,-423.1
2016/1/15,2016,1,-423.1,-423.1
2016/1/19,2016,1,-423.1,-423.1
2016/1/20,2016,1,-423.1,-423.1
2016/1/21,2016,1,-423.1,-423.1
2016/1/22,2016,1,-423.1,-423.1
2016/1/25,2016,1,-423.1,-423.1
2016/1/26,2016,1,-423.1,-423.1
2016/1/27,2016,1,-423.1,-423.1
2016/1/28,2016,1,-423.1,-423.1
2016/1/29,2016,1,-423.1,-423.1
2016/2/1,2016,2,-425.5571429,-440.3
2016/2/2,2016,2,-428.0142857,-440.3
2016/2/3,2016,2,-430.4714286,-440.3
2016/2/4,2016,2,-432.9285714,-440.3
2016/2/5,2016,2,-435.3857143,-440.3
2016/2/8,2016,2,-437.8428571,-440.3
2016/2/9,2016,2,-440.3,-440.3
2016/2/10,2016,2,-440.3,-440.3
2016/2/11,2016,2,-440.3,-440.3
2016/2/12,2016,2,-440.3,-440.3
2016/2/16,2016,2,-440.3,-440.3
2016/2/17,2016,2,-440.3,-440.3
2016/2/18,2016,2,-440.3,-440.3
2016/2/19,2016,2,-440.3,-440.3
2016/2/22,2016,2,-440.3,-440.3
2016/2/23,2016,2,-440.3,-440.3
2016/2/24,2016,2,-440.3,-440.3
2016/2/25,2016,2,-440.3,-440.3
2016/2/26,2016,2,-440.3,-440.3
2016/2/29,2016,2,-440.3,-440.3
2016/3/1,2016,3,-428.1714286,-355.4
2016/3/2,2016,3,-416.0428571,-355.4
2016/3/3,2016,3,-403.9142857,-355.4
2016/3/4,2016,3,-391.7857143,-355.4
2016/3/7,2016,3,-379.6571429,-355.4
2016/3/8,2016,3,-367.5285714,-355.4
2016/3/9,2016,3,-355.4,-355.4
2016/3/10,2016,3,-355.4,-355.4
2016/3/11,2016,3,-355.4,-355.4
2016/3/14,2016,3,-355.4,-355.4
2016/3/15,2016,3,-355.4,-355.4
2016/3/16,2016,3,-355.4,-355.4
2016/3/17,2016,3,-355.4,-355.4
2016/3/18,2016,3,-355.4,-355.4
2016/3/21,2016,3,-355.4,-355.4
2016/3/22,2016,3,-355.4,-355.4
2016/3/23,2016,3,-355.4,-355.4
2016/3/24,2016,3,-355.4,-355.4
2016/3/28,2016,3,-355.4,-355.4
2016/3/29,2016,3,-355.4,-355.4
2016/3/30,2016,3,-355.4,-355.4
2016/3/31,2016,3,-355.4,-355.4
2016/4/1,2016,4,-359.7714286,-386
2016/4/4,2016,4,-364.1428571,-386
2016/4/5,2016,4,-368.5142857,-386
2016/4/6,2016,4,-372.8857143,-386
2016/4/7,2016,4,-377.2571429,-386
2016/4/8,2016,4,-381.6285714,-386
2016/4/11,2016,4,-386,-386
2016/4/12,2016,4,-386,-386
2016/4/13,2016,4,-386,-386
2016/4/14,2016,4,-386,-386
2016/4/15,2016,4,-386,-386
2016/4/18,2016,4,-386,-386
2016/4/19,2016,4,-386,-386
2016/4/20,2016,4,-386,-386
2016/4/21,2016,4,-386,-386
2016/4/22,2016,4,-386,-386
2016/4/25,2016,4,-386,-386
2016/4/26,2016,4,-386,-386
2016/4/27,2016,4,-386,-386
2016/4/28,2016,4,-386,-386
2016/4/29,2016,4,-386,-386
2016/5/2,2016,5,-390.8571429,-420
2016/5/3,2016,5,-395.7142857,-420
2016/5/4,2016,5,-400.5714286,-420
2016/5/5,2016,5,-405.4285714,-420
2016/5/6,2016,5,-410.2857143,-420
2016/5/9,2016,5,-415.1428571,-420
2016/5/10,2016,5,-420,-420
2016/5/11,2016,5,-420,-420
2016/5/12,2016,5,-420,-420
2016/5/13,2016,5,-420,-420
2016/5/16,2016,5,-420,-420
2016/5/17,2016,5,-420,-420
2016/5/18,2016,5,-420,-420
2016/5/19,2016,5,-420,-420
2016/5/20,2016,5,-420,-420
2016/5/23,2016,5,-420,-420
2016/5/24,2016,5,-420,-420
2016/5/25,2016,5,-420,-420
2016/5/26,2016,5,-420,-420
2016/5/27,2016,5,-420,-420
2016/5/31,2016,5,-420,-420
2016/6/1,2016,6,-423.7857143,-446.5
2016/6/2,2016,6,-427.5714286,-446.5
2016/6/3,2016,6,-431.3571429,-446.5
2016/6/6,2016,6,-435.1428571,-446.5
2016/6/7,2016,6,-438.9285714,-446.5
2016/6/8,2016,6,-442.7142857,-446.5
2016/6/9,2016,6,-446.5,-446.5
2016/6/10,2016,6,-446.5,-446.5
2016/6/13,2016,6,-446.5,-446.5
2016/6/14,2016,6,-446.5,-446.5
2016/6/15,2016,6,-446.5,-446.5
2016/6/16,2016,6,-446.5,-446.5
2016/6/17,2016,6,-446.5,-446.5
2016/6/20,2016,6,-446.5,-446.5
2016/6/21,2016,6,-446.5,-446.5
2016/6/22,2016,6,-446.5,-446.5
2016/6/23,2016,6,-446.5,-446.5
2016/6/24,2016,6,-446.5,-446.5
2016/6/27,2016,6,-446.5,-446.5
2016/6/28,2016,6,-446.5,-446.5
2016/6/29,2016,6,-446.5,-446.5
2016/6/30,2016,6,-446.5,-446.5
2016/7/1,2016,7,-439.3285714,-396.3
2016/7/5,2016,7,-432.1571429,-396.3
2016/7/6,2016,7,-424.9857143,-396.3
2016/7/7,2016,7,-417.8142857,-396.3
2016/7/8,2016,7,-410.6428571,-396.3
2016/7/11,2016,7,-403.4714286,-396.3
2016/7/12,2016,7,-396.3,-396.3
2016/7/13,2016,7,-396.3,-396.3
2016/7/14,2016,7,-396.3,-396.3
2016/7/15,2016,7,-396.3,-396.3
2016/7/18,2016,7,-396.3,-396.3
2016/7/19,2016,7,-396.3,-396.3
2016/7/20,2016,7,-396.3,-396.3
2016/7/21,2016,7,-396.3,-396.3
2016/7/22,2016,7,-396.3,-396.3
2016/7/25,2016,7,-396.3,-396.3
2016/7/26,2016,7,-396.3,-396.3
2016/7/27,2016,7,-396.3,-396.3
2016/7/28,2016,7,-396.3,-396.3
2016/7/29,2016,7,-396.3,-396.3
2016/8/1,2016,8,-397.7428571,-406.4
2016/8/2,2016,8,-399.1857143,-406.4
2016/8/3,2016,8,-400.6285714,-406.4
2016/8/4,2016,8,-402.0714286,-406.4
2016/8/5,2016,8,-403.5142857,-406.4
2016/8/8,2016,8,-404.9571429,-406.4
2016/8/9,2016,8,-406.4,-406.4
2016/8/10,2016,8,-406.4,-406.4
2016/8/11,2016,8,-406.4,-406.4
2016/8/12,2016,8,-406.4,-406.4
2016/8/15,2016,8,-406.4,-406.4
2016/8/16,2016,8,-406.4,-406.4
2016/8/17,2016,8,-406.4,-406.4
2016/8/18,2016,8,-406.4,-406.4
2016/8/19,2016,8,-406.4,-406.4
2016/8/22,2016,8,-406.4,-406.4
2016/8/23,2016,8,-406.4,-406.4
2016/8/24,2016,8,-406.4,-406.4
2016/8/25,2016,8,-406.4,-406.4
2016/8/26,2016,8,-406.4,-406.4
2016/8/29,2016,8,-406.4,-406.4
2016/8/30,2016,8,-406.4,-406.4
2016/8/31,2016,8,-406.4,-406.4
2016/9/1,2016,9,-400.5142857,-365.2
2016/9/2,2016,9,-394.6285714,-365.2
2016/9/6,2016,9,-388.7428571,-365.2
2016/9/7,2016,9,-382.8571429,-365.2
2016/9/8,2016,9,-376.9714286,-365.2
2016/9/9,2016,9,-371.0857143,-365.2
2016/9/12,2016,9,-365.2,-365.2
2016/9/13,2016,9,-365.2,-365.2
2016/9/14,2016,9,-365.2,-365.2
2016/9/15,2016,9,-365.2,-365.2
2016/9/16,2016,9,-365.2,-365.2
2016/9/19,2016,9,-365.2,-365.2
2016/9/20,2016,9,-365.2,-365.2
2016/9/21,2016,9,-365.2,-365.2
2016/9/22,2016,9,-365.2,-365.2
2016/9/23,2016,9,-365.2,-365.2
2016/9/26,2016,9,-365.2,-365.2
2016/9/27,2016,9,-365.2,-365.2
2016/9/28,2016,9,-365.2,-365.2
2016/9/29,2016,9,-365.2,-365.2
2016/9/30,2016,9,-365.2,-365.2
2016/10/3,2016,10,-373.8571429,-425.8
2016/10/4,2016,10,-382.5142857,-425.8
2016/10/5,2016,10,-391.1714286,-425.8
2016/10/6,2016,10,-399.8285714,-425.8
2016/10/7,2016,10,-408.4857143,-425.8
2016/10/10,2016,10,-417.1428571,-425.8
2016/10/11,2016,10,-425.8,-425.8
2016/10/12,2016,10,-425.8,-425.8
2016/10/13,2016,10,-425.8,-425.8
2016/10/14,2016,10,-425.8,-425.8
2016/10/17,2016,10,-425.8,-425.8
2016/10/18,2016,10,-425.8,-425.8
2016/10/19,2016,10,-425.8,-425.8
2016/10/20,2016,10,-425.8,-425.8
2016/10/21,2016,10,-425.8,-425.8
2016/10/24,2016,10,-425.8,-425.8
2016/10/25,2016,10,-425.8,-425.8
2016/10/26,2016,10,-425.8,-425.8
2016/10/27,2016,10,-425.8,-425.8
2016/10/28,2016,10,-425.8,-425.8
2016/10/31,2016,10,-425.8,-425.8
2016/11/1,2016,11,-429.9428571,-454.8
2016/11/2,2016,11,-434.0857143,-454.8
2016/11/3,2016,11,-438.2285714,-454.8
2016/11/4,2016,11,-442.3714286,-454.8
2016/11/7,2016,11,-446.5142857,-454.8
2016/11/8,2016,11,-450.6571429,-454.8
2016/11/9,2016,11,-454.8,-454.8
2016/11/10,2016,11,-454.8,-454.8
2016/11/11,2016,11,-454.8,-454.8
2016/11/14,2016,11,-454.8,-454.8
2016/11/15,2016,11,-454.8,-454.8
2016/11/16,2016,11,-454.8,-454.8
2016/11/17,2016,11,-454.8,-454.8
2016/11/18,2016,11,-454.8,-454.8
2016/11/21,2016,11,-454.8,-454.8
2016/11/22,2016,11,-454.8,-454.8
2016/11/23,2016,11,-454.8,-454.8
2016/11/25,2016,11,-454.8,-454.8
2016/11/28,2016,11,-454.8,-454.8
2016/11/29,2016,11,-454.8,-454.8
2016/11/30,2016,11,-454.8,-454.8
2016/12/1,2016,12,-453.0571429,-442.6
2016/12/2,2016,12,-451.3142857,-442.6
2016/12/5,2016,12,-449.5714286,-442.6
2016/12/6,2016,12,-447.8285714,-442.6
2016/12/7,2016,12,-446.0857143,-442.6
2016/12/8,2016,12,-444.3428571,-442.6
2016/12/9,2016,12,-442.6,-442.6
2016/12/12,2016,12,-442.6,-442.6
2016/12/13,2016,12,-442.6,-442.6
2016/12/14,2016,12,-442.6,-442.6
2016/12/15,2016,12,-442.6,-442.6
2016/12/16,2016,12,-442.6,-442.6
2016/12/19,2016,12,-442.6,-442.6
2016/12/20,2016,12,-442.6,-442.6
2016/12/21,2016,12,-442.6,-442.6
2016/12/22,2016,12,-442.6,-442.6
2016/12/23,2016,12,-442.6,-442.6
2016/12/27,2016,12,-442.6,-442.6
2016/12/28,2016,12,-442.6,-442.6
2016/12/29,2016,12,-442.6,-442.6
2016/12/30,2016,12,-442.6,-442.6
2017/1/3,2017,1,-449.0714286,-487.9
2017/1/4,2017,1,-455.5428571,-487.9
2017/1/5,2017,1,-462.0142857,-487.9
2017/1/6,2017,1,-468.4857143,-487.9
2017/1/9,2017,1,-474.9571429,-487.9
2017/1/10,2017,1,-481.4285714,-487.9
2017/1/11,2017,1,-487.9,-487.9
2017/1/12,2017,1,-487.9,-487.9
2017/1/13,2017,1,-487.9,-487.9
2017/1/17,2017,1,-487.9,-487.9
2017/1/18,2017,1,-487.9,-487.9
2017/1/19,2017,1,-487.9,-487.9
2017/1/20,2017,1,-487.9,-487.9
2017/1/23,2017,1,-487.9,-487.9
2017/1/24,2017,1,-487.9,-487.9
2017/1/25,2017,1,-487.9,-487.9
2017/1/26,2017,1,-487.9,-487.9
2017/1/27,2017,1,-487.9,-487.9
2017/1/30,2017,1,-487.9,-487.9
2017/1/31,2017,1,-487.9,-487.9
2017/2/1,2017,2,-482.3571429,-449.1
2017/2/2,2017,2,-476.8142857,-449.1
2017/2/3,2017,2,-471.2714286,-449.1
2017/2/6,2017,2,-465.7285714,-449.1
2017/2/7,2017,2,-460.1857143,-449.1
2017/2/8,2017,2,-454.6428571,-449.1
2017/2/9,2017,2,-449.1,-449.1
2017/2/10,2017,2,-449.1,-449.1
2017/2/13,2017,2,-449.1,-449.1
2017/2/14,2017,2,-449.1,-449.1
2017/2/15,2017,2,-449.1,-449.1
2017/2/16,2017,2,-449.1,-449.1
2017/2/17,2017,2,-449.1,-449.1
2017/2/21,2017,2,-449.1,-449.1
2017/2/22,2017,2,-449.1,-449.1
2017/2/23,2017,2,-449.1,-449.1
2017/2/24,2017,2,-449.1,-449.1
2017/2/27,2017,2,-449.1,-449.1
2017/2/28,2017,2,-449.1,-449.1
2017/3/1,2017,3,-449.6285714,-452.8
2017/3/2,2017,3,-450.1571429,-452.8
2017/3/3,2017,3,-450.6857143,-452.8
2017/3/6,2017,3,-451.2142857,-452.8
2017/3/7,2017,3,-451.7428571,-452.8
2017/3/8,2017,3,-452.2714286,-452.8
2017/3/9,2017,3,-452.8,-452.8
2017/3/10,2017,3,-452.8,-452.8
2017/3/13,2017,3,-452.8,-452.8
2017/3/14,2017,3,-452.8,-452.8
2017/3/15,2017,3,-452.8,-452.8
2017/3/16,2017,3,-452.8,-452.8
2017/3/17,2017,3,-452.8,-452.8
2017/3/20,2017,3,-452.8,-452.8
2017/3/21,2017,3,-452.8,-452.8
2017/3/22,2017,3,-452.8,-452.8
2017/3/23,2017,3,-452.8,-452.8
2017/3/24,2017,3,-452.8,-452.8
2017/3/27,2017,3,-452.8,-452.8
2017/3/28,2017,3,-452.8,-452.8
2017/3/29,2017,3,-452.8,-452.8
2017/3/30,2017,3,-452.8,-452.8
2017/3/31,2017,3,-452.8,-452.8
2017/4/3,2017,4,-456.0857143,-475.8
2017/4/4,2017,4,-459.3714286,-475.8
2017/4/5,2017,4,-462.6571429,-475.8
2017/4/6,2017,4,-465.9428571,-475.8
2017/4/7,2017,4,-469.2285714,-475.8
2017/4/10,2017,4,-472.5142857,-475.8
2017/4/11,2017,4,-475.8,-475.8
2017/4/12,2017,4,-475.8,-475.8
2017/4/13,2017,4,-475.8,-475.8
2017/4/17,2017,4,-475.8,-475.8
2017/4/18,2017,4,-475.8,-475.8
2017/4/19,2017,4,-475.8,-475.8
2017/4/20,2017,4,-475.8,-475.8
2017/4/21,2017,4,-475.8,-475.8
2017/4/24,2017,4,-475.8,-475.8
2017/4/25,2017,4,-475.8,-475.8
2017/4/26,2017,4,-475.8,-475.8
2017/4/27,2017,4,-475.8,-475.8
2017/4/28,2017,4,-475.8,-475.8
2017/5/1,2017,5,-474.1,-463.9
2017/5/2,2017,5,-472.4,-463.9
2017/5/3,2017,5,-470.7,-463.9
2017/5/4,2017,5,-469,-463.9
2017/5/5,2017,5,-467.3,-463.9
2017/5/8,2017,5,-465.6,-463.9
2017/5/9,2017,5,-463.9,-463.9
2017/5/10,2017,5,-463.9,-463.9
2017/5/11,2017,5,-463.9,-463.9
2017/5/12,2017,5,-463.9,-463.9
2017/5/15,2017,5,-463.9,-463.9
2017/5/16,2017,5,-463.9,-463.9
2017/5/17,2017,5,-463.9,-463.9
2017/5/18,2017,5,-463.9,-463.9
2017/5/19,2017,5,-463.9,-463.9
2017/5/22,2017,5,-463.9,-463.9
2017/5/23,2017,5,-463.9,-463.9
2017/5/24,2017,5,-463.9,-463.9
2017/5/25,2017,5,-463.9,-463.9
2017/5/26,2017,5,-463.9,-463.9
2017/5/30,2017,5,-463.9,-463.9
2017/5/31,2017,5,-463.9,-463.9
2017/6/1,2017,6,-459.8285714,-435.4
2017/6/2,2017,6,-455.7571429,-435.4
2017/6/5,2017,6,-451.6857143,-435.4
2017/6/6,2017,6,-447.6142857,-435.4
2017/6/7,2017,6,-443.5428571,-435.4
2017/6/8,2017,6,-439.4714286,-435.4
2017/6/9,2017,6,-435.4,-435.4
2017/6/12,2017,6,-435.4,-435.4
2017/6/13,2017,6,-435.4,-435.4
2017/6/14,2017,6,-435.4,-435.4
2017/6/15,2017,6,-435.4,-435.4
2017/6/16,2017,6,-435.4,-435.4
2017/6/19,2017,6,-435.4,-435.4
2017/6/20,2017,6,-435.4,-435.4
2017/6/21,2017,6,-435.4,-435.4
2017/6/22,2017,6,-435.4,-435.4
2017/6/23,2017,6,-435.4,-435.4
2017/6/26,2017,6,-435.4,-435.4
2017/6/27,2017,6,-435.4,-435.4
2017/6/28,2017,6,-435.4,-435.4
2017/6/29,2017,6,-435.4,-435.4
2017/6/30,2017,6,-435.4,-435.4
2017/7/3,2017,7,-437.7142857,-451.6
2017/7/5,2017,7,-440.0285714,-451.6
2017/7/6,2017,7,-442.3428571,-451.6
2017/7/7,2017,7,-444.6571429,-451.6
2017/7/10,2017,7,-446.9714286,-451.6
2017/7/11,2017,7,-449.2857143,-451.6
2017/7/12,2017,7,-451.6,-451.6
2017/7/13,2017,7,-451.6,-451.6
2017/7/14,2017,7,-451.6,-451.6
2017/7/17,2017,7,-451.6,-451.6
2017/7/18,2017,7,-451.6,-451.6
2017/7/19,2017,7,-451.6,-451.6
2017/7/20,2017,7,-451.6,-451.6
2017/7/21,2017,7,-451.6,-451.6
2017/7/24,2017,7,-451.6,-451.6
2017/7/25,2017,7,-451.6,-451.6
2017/7/26,2017,7,-451.6,-451.6
2017/7/27,2017,7,-451.6,-451.6
2017/7/28,2017,7,-451.6,-451.6
2017/7/31,2017,7,-451.6,-451.6
2017/8/1,2017,8,-450.3857143,-443.1
2017/8/2,2017,8,-449.1714286,-443.1
2017/8/3,2017,8,-447.9571429,-443.1
2017/8/4,2017,8,-446.7428571,-443.1
2017/8/7,2017,8,-445.5285714,-443.1
2017/8/8,2017,8,-444.3142857,-443.1
2017/8/9,2017,8,-443.1,-443.1
2017/8/10,2017,8,-443.1,-443.1
2017/8/11,2017,8,-443.1,-443.1
2017/8/14,2017,8,-443.1,-443.1
2017/8/15,2017,8,-443.1,-443.1
2017/8/16,2017,8,-443.1,-443.1
2017/8/17,2017,8,-443.1,-443.1
2017/8/18,2017,8,-443.1,-443.1
2017/8/21,2017,8,-443.1,-443.1
2017/8/22,2017,8,-443.1,-443.1
2017/8/23,2017,8,-443.1,-443.1
2017/8/24,2017,8,-443.1,-443.1
2017/8/25,2017,8,-443.1,-443.1
2017/8/28,2017,8,-443.1,-443.1
2017/8/29,2017,8,-443.1,-443.1
2017/8/30,2017,8,-443.1,-443.1
2017/8/31,2017,8,-443.1,-443.1
2017/9/1,2017,9,-443.8428571,-448.3
2017/9/5,2017,9,-444.5857143,-448.3
2017/9/6,2017,9,-445.3285714,-448.3
2017/9/7,2017,9,-446.0714286,-448.3
2017/9/8,2017,9,-446.8142857,-448.3
2017/9/11,2017,9,-447.5571429,-448.3
2017/9/12,2017,9,-448.3,-448.3
2017/9/13,2017,9,-448.3,-448.3
2017/9/14,2017,9,-448.3,-448.3
2017/9/15,2017,9,-448.3,-448.3
2017/9/18,2017,9,-448.3,-448.3
2017/9/19,2017,9,-448.3,-448.3
2017/9/20,2017,9,-448.3,-448.3
2017/9/21,2017,9,-448.3,-448.3
2017/9/22,2017,9,-448.3,-448.3
2017/9/25,2017,9,-448.3,-448.3
2017/9/26,2017,9,-448.3,-448.3
2017/9/27,2017,9,-448.3,-448.3
2017/9/28,2017,9,-448.3,-448.3
2017/9/29,2017,9,-448.3,-448.3
2017/10/2,2017,10,-454.0428571,-488.5
2017/10/3,2017,10,-459.7857143,-488.5
2017/10/4,2017,10,-465.5285714,-488.5
2017/10/5,2017,10,-471.2714286,-488.5
2017/10/6,2017,10,-477.0142857,-488.5
2017/10/9,2017,10,-482.7571429,-488.5
2017/10/10,2017,10,-488.5,-488.5
2017/10/11,2017,10,-488.5,-488.5
2017/10/12,2017,10,-488.5,-488.5
2017/10/13,2017,10,-488.5,-488.5
2017/10/16,2017,10,-488.5,-488.5
2017/10/17,2017,10,-488.5,-488.5
2017/10/18,2017,10,-488.5,-488.5
2017/10/19,2017,10,-488.5,-488.5
2017/10/20,2017,10,-488.5,-488.5
2017/10/23,2017,10,-488.5,-488.5
2017/10/24,2017,10,-488.5,-488.5
2017/10/25,2017,10,-488.5,-488.5
2017/10/26,2017,10,-488.5,-488.5
2017/10/27,2017,10,-488.5,-488.5
2017/10/30,2017,10,-488.5,-488.5
2017/10/31,2017,10,-488.5,-488.5
2017/11/1,2017,11,-491.4,-508.8
2017/11/2,2017,11,-494.3,-508.8
2017/11/3,2017,11,-497.2,-508.8
2017/11/6,2017,11,-500.1,-508.8
2017/11/7,2017,11,-503,-508.8
2017/11/8,2017,11,-505.9,-508.8
2017/11/9,2017,11,-508.8,-508.8
2017/11/10,2017,11,-508.8,-508.8
2017/11/13,2017,11,-508.8,-508.8
2017/11/14,2017,11,-508.8,-508.8
2017/11/15,2017,11,-508.8,-508.8
2017/11/16,2017,11,-508.8,-508.8
2017/11/17,2017,11,-508.8,-508.8
2017/11/20,2017,11,-508.8,-508.8
2017/11/21,2017,11,-508.8,-508.8
2017/11/22,2017,11,-508.8,-508.8
2017/11/24,2017,11,-508.8,-508.8
2017/11/27,2017,11,-508.8,-508.8
2017/11/28,2017,11,-508.8,-508.8
2017/11/29,2017,11,-508.8,-508.8
2017/11/30,2017,11,-508.8,-508.8
2017/12/1,2017,12,-513.1285714,-539.1
2017/12/4,2017,12,-517.4571429,-539.1
2017/12/5,2017,12,-521.7857143,-539.1
2017/12/6,2017,12,-526.1142857,-539.1
2017/12/7,2017,12,-530.4428571,-539.1
2017/12/8,2017,12,-534.7714286,-539.1
2017/12/11,2017,12,-539.1,-539.1
2017/12/12,2017,12,-539.1,-539.1
2017/12/13,2017,12,-539.1,-539.1
2017/12/14,2017,12,-539.1,-539.1
2017/12/15,2017,12,-539.1,-539.1
2017/12/18,2017,12,-539.1,-539.1
2017/12/19,2017,12,-539.1,-539.1
2017/12/20,2017,12,-539.1,-539.1
2017/12/21,2017,12,-539.1,-539.1
2017/12/22,2017,12,-539.1,-539.1
2017/12/26,2017,12,-539.1,-539.1
2017/12/27,2017,12,-539.1,-539.1
2017/12/28,2017,12,-539.1,-539.1
2017/12/29,2017,12,-539.1,-539.1
2018/1/2,2018,1,-537.6285714,-528.8
2018/1/3,2018,1,-536.1571429,-528.8
2018/1/4,2018,1,-534.6857143,-528.8
2018/1/5,2018,1,-533.2142857,-528.8
2018/1/8,2018,1,-531.7428571,-528.8
2018/1/9,2018,1,-530.2714286,-528.8
2018/1/10,2018,1,-528.8,-528.8
2018/1/11,2018,1,-528.8,-528.8
2018/1/12,2018,1,-528.8,-528.8
2018/1/16,2018,1,-528.8,-528.8
2018/1/17,2018,1,-528.8,-528.8
2018/1/18,2018,1,-528.8,-528.8
2018/1/19,2018,1,-528.8,-528.8
2018/1/22,2018,1,-528.8,-528.8
2018/1/23,2018,1,-528.8,-528.8
2018/1/24,2018,1,-528.8,-528.8
2018/1/25,2018,1,-528.8,-528.8
2018/1/26,2018,1,-528.8,-528.8
2018/1/29,2018,1,-528.8,-528.8
2018/1/30,2018,1,-528.8,-528.8
2018/1/31,2018,1,-528.8,-528.8
2018/2/1,2018,2,-532.6,-555.4
2018/2/2,2018,2,-536.4,-555.4
2018/2/5,2018,2,-540.2,-555.4
2018/2/6,2018,2,-544,-555.4
2018/2/7,2018,2,-547.8,-555.4
2018/2/8,2018,2,-551.6,-555.4
2018/2/9,2018,2,-555.4,-555.4
2018/2/12,2018,2,-555.4,-555.4
2018/2/13,2018,2,-555.4,-555.4
2018/2/14,2018,2,-555.4,-555.4
2018/2/15,2018,2,-555.4,-555.4
2018/2/16,2018,2,-555.4,-555.4
2018/2/20,2018,2,-555.4,-555.4
2018/2/21,2018,2,-555.4,-555.4
2018/2/22,2018,2,-555.4,-555.4
2018/2/23,2018,2,-555.4,-555.4
2018/2/26,2018,2,-555.4,-555.4
2018/2/27,2018,2,-555.4,-555.4
2018/2/28,2018,2,-555.4,-555.4
2018/3/1,2018,3,-543.5,-472.1
2018/3/2,2018,3,-531.6,-472.1
2018/3/5,2018,3,-519.7,-472.1
2018/3/6,2018,3,-507.8,-472.1
2018/3/7,2018,3,-495.9,-472.1
2018/3/8,2018,3,-484,-472.1
2018/3/9,2018,3,-472.1,-472.1
2018/3/12,2018,3,-472.1,-472.1
2018/3/13,2018,3,-472.1,-472.1
2018/3/14,2018,3,-472.1,-472.1
2018/3/15,2018,3,-472.1,-472.1
2018/3/16,2018,3,-472.1,-472.1
2018/3/19,2018,3,-472.1,-472.1
2018/3/20,2018,3,-472.1,-472.1
2018/3/21,2018,3,-472.1,-472.1
2018/3/22,2018,3,-472.1,-472.1
2018/3/23,2018,3,-472.1,-472.1
2018/3/26,2018,3,-472.1,-472.1
2018/3/27,2018,3,-472.1,-472.1
2018/3/28,2018,3,-472.1,-472.1
2018/3/29,2018,3,-472.1,-472.1
2018/4/2,2018,4,-470.4857143,-460.8
2018/4/3,2018,4,-468.8714286,-460.8
2018/4/4,2018,4,-467.2571429,-460.8
2018/4/5,2018,4,-465.6428571,-460.8
2018/4/6,2018,4,-464.0285714,-460.8
2018/4/9,2018,4,-462.4142857,-460.8
2018/4/10,2018,4,-460.8,-460.8
2018/4/11,2018,4,-460.8,-460.8
2018/4/12,2018,4,-460.8,-460.8
2018/4/13,2018,4,-460.8,-460.8
2018/4/16,2018,4,-460.8,-460.8
2018/4/17,2018,4,-460.8,-460.8
2018/4/18,2018,4,-460.8,-460.8
2018/4/19,2018,4,-460.8,-460.8
2018/4/20,2018,4,-460.8,-460.8
2018/4/23,2018,4,-460.8,-460.8
2018/4/24,2018,4,-460.8,-460.8
2018/4/25,2018,4,-460.8,-460.8
2018/4/26,2018,4,-460.8,-460.8
2018/4/27,2018,4,-460.8,-460.8
2018/4/30,2018,4,-460.8,-460.8
2018/5/1,2018,5,-455.7714286,-425.6
2018/5/2,2018,5,-450.7428571,-425.6
2018/5/3,2018,5,-445.7142857,-425.6
2018/5/4,2018,5,-440.6857143,-425.6
2018/5/7,2018,5,-435.6571429,-425.6
2018/5/8,2018,5,-430.6285714,-425.6
2018/5/9,2018,5,-425.6,-425.6
2018/5/10,2018,5,-425.6,-425.6
2018/5/11,2018,5,-425.6,-425.6
2018/5/14,2018,5,-425.6,-425.6
2018/5/15,2018,5,-425.6,-425.6
2018/5/16,2018,5,-425.6,-425.6
2018/5/17,2018,5,-425.6,-425.6
2018/5/18,2018,5,-425.6,-425.6
2018/5/21,2018,5,-425.6,-425.6
2018/5/22,2018,5,-425.6,-425.6
2018/5/23,2018,5,-425.6,-425.6
2018/5/24,2018,5,-425.6,-425.6
2018/5/25,2018,5,-425.6,-425.6
2018/5/29,2018,5,-425.6,-425.6
2018/5/30,2018,5,-425.6,-425.6
2018/5/31,2018,5,-425.6,-425.6
2018/6/1,2018,6,-430.1428571,-457.4
2018/6/4,2018,6,-434.6857143,-457.4
2018/6/5,2018,6,-439.2285714,-457.4
2018/6/6,2018,6,-443.7714286,-457.4
2018/6/7,2018,6,-448.3142857,-457.4
2018/6/8,2018,6,-452.8571429,-457.4
2018/6/11,2018,6,-457.4,-457.4
2018/6/12,2018,6,-457.4,-457.4
2018/6/13,2018,6,-457.4,-457.4
2018/6/14,2018,6,-457.4,-457.4
2018/6/15,2018,6,-457.4,-457.4
2018/6/18,2018,6,-457.4,-457.4
2018/6/19,2018,6,-457.4,-457.4
2018/6/20,2018,6,-457.4,-457.4
2018/6/21,2018,6,-457.4,-457.4
2018/6/22,2018,6,-457.4,-457.4
2018/6/25,2018,6,-457.4,-457.4
2018/6/26,2018,6,-457.4,-457.4
2018/6/27,2018,6,-457.4,-457.4
2018/6/28,2018,6,-457.4,-457.4
2018/6/29,2018,6,-457.4,-457.4
2018/7/2,2018,7,-464.0857143,-504.2
2018/7/3,2018,7,-470.7714286,-504.2
2018/7/5,2018,7,-477.4571429,-504.2
2018/7/6,2018,7,-484.1428571,-504.2
2018/7/9,2018,7,-490.8285714,-504.2
2018/7/10,2018,7,-497.5142857,-504.2
2018/7/11,2018,7,-504.2,-504.2
2018/7/12,2018,7,-504.2,-504.2
2018/7/13,2018,7,-504.2,-504.2
2018/7/16,2018,7,-504.2,-504.2
2018/7/17,2018,7,-504.2,-504.2
2018/7/18,2018,7,-504.2,-504.2
2018/7/19,2018,7,-504.2,-504.2
2018/7/20,2018,7,-504.2,-504.2
2018/7/23,2018,7,-504.2,-504.2
2018/7/24,2018,7,-504.2,-504.2
2018/7/25,2018,7,-504.2,-504.2
2018/7/26,2018,7,-504.2,-504.2
2018/7/27,2018,7,-504.2,-504.2
2018/7/30,2018,7,-504.2,-504.2
2018/7/31,2018,7,-504.2,-504.2
2018/8/1,2018,8,-508.8571429,-536.8
2018/8/2,2018,8,-513.5142857,-536.8
2018/8/3,2018,8,-518.1714286,-536.8
2018/8/6,2018,8,-522.8285714,-536.8
2018/8/7,2018,8,-527.4857143,-536.8
2018/8/8,2018,8,-532.1428571,-536.8
2018/8/9,2018,8,-536.8,-536.8
2018/8/10,2018,8,-536.8,-536.8
2018/8/13,2018,8,-536.8,-536.8
2018/8/14,2018,8,-536.8,-536.8
2018/8/15,2018,8,-536.8,-536.8
2018/8/16,2018,8,-536.8,-536.8
2018/8/17,2018,8,-536.8,-536.8
2018/8/20,2018,8,-536.8,-536.8
2018/8/21,2018,8,-536.8,-536.8
2018/8/22,2018,8,-536.8,-536.8
2018/8/23,2018,8,-536.8,-536.8
2018/8/24,2018,8,-536.8,-536.8
2018/8/27,2018,8,-536.8,-536.8
2018/8/28,2018,8,-536.8,-536.8
2018/8/29,2018,8,-536.8,-536.8
2018/8/30,2018,8,-536.8,-536.8
2018/8/31,2018,8,-536.8,-536.8
2018/9/4,2018,9,-539.6857143,-557
2018/9/5,2018,9,-542.5714286,-557
2018/9/6,2018,9,-545.4571429,-557
2018/9/7,2018,9,-548.3428571,-557
2018/9/10,2018,9,-551.2285714,-557
2018/9/11,2018,9,-554.1142857,-557
2018/9/12,2018,9,-557,-557
2018/9/13,2018,9,-557,-557
2018/9/14,2018,9,-557,-557
2018/9/17,2018,9,-557,-557
2018/9/18,2018,9,-557,-557
2018/9/19,2018,9,-557,-557
2018/9/20,2018,9,-557,-557
2018/9/21,2018,9,-557,-557
2018/9/24,2018,9,-557,-557
2018/9/25,2018,9,-557,-557
2018/9/26,2018,9,-557,-557
2018/9/27,2018,9,-557,-557
2018/9/28,2018,9,-557,-557
2018/10/1,2018,10,-558.1857143,-565.3
2018/10/2,2018,10,-559.3714286,-565.3
2018/10/3,2018,10,-560.5571429,-565.3
2018/10/4,2018,10,-561.7428571,-565.3
2018/10/5,2018,10,-562.9285714,-565.3
2018/10/8,2018,10,-564.1142857,-565.3
2018/10/9,2018,10,-565.3,-565.3
2018/10/10,2018,10,-565.3,-565.3
2018/10/11,2018,10,-565.3,-565.3
2018/10/12,2018,10,-565.3,-565.3
2018/10/15,2018,10,-565.3,-565.3
2018/10/16,2018,10,-565.3,-565.3
2018/10/17,2018,10,-565.3,-565.3
2018/10/18,2018,10,-565.3,-565.3
2018/10/19,2018,10,-565.3,-565.3
2018/10/22,2018,10,-565.3,-565.3
2018/10/23,2018,10,-565.3,-565.3
2018/10/24,2018,10,-565.3,-565.3
2018/10/25,2018,10,-565.3,-565.3
2018/10/26,2018,10,-565.3,-565.3
2018/10/29,2018,10,-565.3,-565.3
2018/10/30,2018,10,-565.3,-565.3
2018/10/31,2018,10,-565.3,-565.3
2018/11/1,2018,11,-556.7285714,-505.3
2018/11/2,2018,11,-548.1571429,-505.3
2018/11/5,2018,11,-539.5857143,-505.3
2018/11/6,2018,11,-531.0142857,-505.3
2018/11/7,2018,11,-522.4428571,-505.3
2018/11/8,2018,11,-513.8714286,-505.3
2018/11/9,2018,11,-505.3,-505.3
2018/11/12,2018,11,-505.3,-505.3
2018/11/13,2018,11,-505.3,-505.3
2018/11/14,2018,11,-505.3,-505.3
2018/11/15,2018,11,-505.3,-505.3
2018/11/16,2018,11,-505.3,-505.3
2018/11/19,2018,11,-505.3,-505.3
2018/11/20,2018,11,-505.3,-505.3
2018/11/21,2018,11,-505.3,-505.3
2018/11/23,2018,11,-505.3,-505.3
2018/11/26,2018,11,-505.3,-505.3
2018/11/27,2018,11,-505.3,-505.3
2018/11/28,2018,11,-505.3,-505.3
2018/11/29,2018,11,-505.3,-505.3
2018/11/30,2018,11,-505.3,-505.3
2018/12/3,2018,12,-518.6857143,-599
2018/12/4,2018,12,-532.0714286,-599
2018/12/6,2018,12,-545.4571429,-599
2018/12/7,2018,12,-558.8428571,-599
2018/12/10,2018,12,-572.2285714,-599
2018/12/11,2018,12,-585.6142857,-599
2018/12/12,2018,12,-599,-599
2018/12/13,2018,12,-599,-599
2018/12/14,2018,12,-599,-599
2018/12/17,2018,12,-599,-599
2018/12/18,2018,12,-599,-599
2018/12/19,2018,12,-599,-599
2018/12/20,2018,12,-599,-599
2018/12/21,2018,12,-599,-599
2018/12/24,2018,12,-599,-599
2018/12/26,2018,12,-599,-599
2018/12/27,2018,12,-599,-599
2018/12/28,2018,12,-599,-599
2018/12/31,2018,12,-599,-599
2019/1/2,2019,1,-586.4714286,-511.3
2019/1/3,2019,1,-573.9428571,-511.3
2019/1/4,2019,1,-561.4142857,-511.3
2019/1/7,2019,1,-548.8857143,-511.3
2019/1/8,2019,1,-536.3571429,-511.3
2019/1/9,2019,1,-523.8285714,-511.3
2019/1/10,2019,1,-511.3,-511.3
2019/1/11,2019,1,-511.3,-511.3
2019/1/14,2019,1,-511.3,-511.3
2019/1/15,2019,1,-511.3,-511.3
2019/1/16,2019,1,-511.3,-511.3
2019/1/17,2019,1,-511.3,-511.3
2019/1/18,2019,1,-511.3,-511.3
2019/1/22,2019,1,-511.3,-511.3
2019/1/23,2019,1,-511.3,-511.3
2019/1/24,2019,1,-511.3,-511.3
2019/1/25,2019,1,-511.3,-511.3
2019/1/28,2019,1,-511.3,-511.3
2019/1/29,2019,1,-511.3,-511.3
2019/1/30,2019,1,-511.3,-511.3
2019/1/31,2019,1,-511.3,-511.3
2019/2/1,2019,2,-509.6857143,-500
2019/2/4,2019,2,-508.0714286,-500
2019/2/5,2019,2,-506.4571429,-500
2019/2/6,2019,2,-504.8428571,-500
2019/2/7,2019,2,-503.2285714,-500
2019/2/8,2019,2,-501.6142857,-500
2019/2/11,2019,2,-500,-500
2019/2/12,2019,2,-500,-500
2019/2/13,2019,2,-500,-500
2019/2/14,2019,2,-500,-500
2019/2/15,2019,2,-500,-500
2019/2/19,2019,2,-500,-500
2019/2/20,2019,2,-500,-500
2019/2/21,2019,2,-500,-500
2019/2/22,2019,2,-500,-500
2019/2/25,2019,2,-500,-500
2019/2/26,2019,2,-500,-500
2019/2/27,2019,2,-500,-500
2019/2/28,2019,2,-500,-500
2019/3/1,2019,3,-502.7285714,-519.1
2019/3/4,2019,3,-505.4571429,-519.1
2019/3/5,2019,3,-508.1857143,-519.1
2019/3/6,2019,3,-510.9142857,-519.1
2019/3/7,2019,3,-513.6428571,-519.1
2019/3/8,2019,3,-516.3714286,-519.1
2019/3/11,2019,3,-519.1,-519.1
2019/3/12,2019,3,-519.1,-519.1
2019/3/13,2019,3,-519.1,-519.1
2019/3/14,2019,3,-519.1,-519.1
2019/3/15,2019,3,-519.1,-519.1
2019/3/18,2019,3,-519.1,-519.1
2019/3/19,2019,3,-519.1,-519.1
2019/3/20,2019,3,-519.1,-519.1
2019/3/21,2019,3,-519.1,-519.1
2019/3/22,2019,3,-519.1,-519.1
2019/3/25,2019,3,-519.1,-519.1
2019/3/26,2019,3,-519.1,-519.1
2019/3/27,2019,3,-519.1,-519.1
2019/3/28,2019,3,-519.1,-519.1
2019/3/29,2019,3,-519.1,-519.1
2019/4/1,2019,4,-519.2,-519.8
2019/4/2,2019,4,-519.3,-519.8
2019/4/3,2019,4,-519.4,-519.8
2019/4/4,2019,4,-519.5,-519.8
2019/4/5,2019,4,-519.6,-519.8
2019/4/8,2019,4,-519.7,-519.8
2019/4/9,2019,4,-519.8,-519.8
2019/4/10,2019,4,-519.8,-519.8
2019/4/11,2019,4,-519.8,-519.8
2019/4/12,2019,4,-519.8,-519.8
2019/4/15,2019,4,-519.8,-519.8
2019/4/16,2019,4,-519.8,-519.8
2019/4/17,2019,4,-519.8,-519.8
2019/4/18,2019,4,-519.8,-519.8
2019/4/22,2019,4,-519.8,-519.8
2019/4/23,2019,4,-519.8,-519.8
2019/4/24,2019,4,-519.8,-519.8
2019/4/25,2019,4,-519.8,-519.8
2019/4/26,2019,4,-519.8,-519.8
2019/4/29,2019,4,-519.8,-519.8
2019/4/30,2019,4,-519.8,-519.8
2019/5/1,2019,5,-525.3285714,-558.5
2019/5/2,2019,5,-530.8571429,-558.5
2019/5/3,2019,5,-536.3857143,-558.5
2019/5/6,2019,5,-541.9142857,-558.5
2019/5/7,2019,5,-547.4428571,-558.5
2019/5/8,2019,5,-552.9714286,-558.5
2019/5/9,2019,5,-558.5,-558.5
2019/5/10,2019,5,-558.5,-558.5
2019/5/13,2019,5,-558.5,-558.5
2019/5/14,2019,5,-558.5,-558.5
2019/5/15,2019,5,-558.5,-558.5
2019/5/16,2019,5,-558.5,-558.5
2019/5/17,2019,5,-558.5,-558.5
2019/5/20,2019,5,-558.5,-558.5
2019/5/21,2019,5,-558.5,-558.5
2019/5/22,2019,5,-558.5,-558.5
2019/5/23,2019,5,-558.5,-558.5
2019/5/24,2019,5,-558.5,-558.5
2019/5/28,2019,5,-558.5,-558.5
2019/5/29,2019,5,-558.5,-558.5
2019/5/30,2019,5,-558.5,-558.5
2019/5/31,2019,5,-558.5,-558.5
2019/6/3,2019,6,-558.0142857,-555.1
2019/6/4,2019,6,-557.5285714,-555.1
2019/6/5,2019,6,-557.0428571,-555.1
2019/6/6,2019,6,-556.5571429,-555.1
2019/6/7,2019,6,-556.0714286,-555.1
2019/6/10,2019,6,-555.5857143,-555.1
2019/6/11,2019,6,-555.1,-555.1
2019/6/12,2019,6,-555.1,-555.1
2019/6/13,2019,6,-555.1,-555.1
2019/6/14,2019,6,-555.1,-555.1
2019/6/17,2019,6,-555.1,-555.1
2019/6/18,2019,6,-555.1,-555.1
2019/6/19,2019,6,-555.1,-555.1
2019/6/20,2019,6,-555.1,-555.1
2019/6/21,2019,6,-555.1,-555.1
2019/6/24,2019,6,-555.1,-555.1
2019/6/25,2019,6,-555.1,-555.1
2019/6/26,2019,6,-555.1,-555.1
2019/6/27,2019,6,-555.1,-555.1
2019/6/28,2019,6,-555.1,-555.1
2019/7/1,2019,7,-551.1,-527.1
2019/7/2,2019,7,-547.1,-527.1
2019/7/3,2019,7,-543.1,-527.1
2019/7/5,2019,7,-539.1,-527.1
2019/7/8,2019,7,-535.1,-527.1
2019/7/9,2019,7,-531.1,-527.1
2019/7/10,2019,7,-527.1,-527.1
2019/7/11,2019,7,-527.1,-527.1
2019/7/12,2019,7,-527.1,-527.1
2019/7/15,2019,7,-527.1,-527.1
2019/7/16,2019,7,-527.1,-527.1
2019/7/17,2019,7,-527.1,-527.1
2019/7/18,2019,7,-527.1,-527.1
2019/7/19,2019,7,-527.1,-527.1
2019/7/22,2019,7,-527.1,-527.1
2019/7/23,2019,7,-527.1,-527.1
2019/7/24,2019,7,-527.1,-527.1
2019/7/25,2019,7,-527.1,-527.1
2019/7/26,2019,7,-527.1,-527.1
2019/7/29,2019,7,-527.1,-527.1
2019/7/30,2019,7,-527.1,-527.1
2019/7/31,2019,7,-527.1,-527.1
2019/8/1,2019,8,-528.2857143,-535.4
2019/8/2,2019,8,-529.4714286,-535.4
2019/8/5,2019,8,-530.6571429,-535.4
2019/8/6,2019,8,-531.8428571,-535.4
2019/8/7,2019,8,-533.0285714,-535.4
2019/8/8,2019,8,-534.2142857,-535.4
2019/8/9,2019,8,-535.4,-535.4
2019/8/12,2019,8,-535.4,-535.4
2019/8/13,2019,8,-535.4,-535.4
2019/8/14,2019,8,-535.4,-535.4
2019/8/15,2019,8,-535.4,-535.4
2019/8/16,2019,8,-535.4,-535.4
2019/8/19,2019,8,-535.4,-535.4
2019/8/20,2019,8,-535.4,-535.4
2019/8/21,2019,8,-535.4,-535.4
2019/8/22,2019,8,-535.4,-535.4
2019/8/23,2019,8,-535.4,-535.4
2019/8/26,2019,8,-535.4,-535.4
2019/8/27,2019,8,-535.4,-535.4
2019/8/28,2019,8,-535.4,-535.4
2019/8/29,2019,8,-535.4,-535.4
2019/8/30,2019,8,-535.4,-535.4
2019/9/3,2019,9,-532.5285714,-515.3
2019/9/4,2019,9,-529.6571429,-515.3
2019/9/5,2019,9,-526.7857143,-515.3
2019/9/6,2019,9,-523.9142857,-515.3
2019/9/9,2019,9,-521.0428571,-515.3
2019/9/10,2019,9,-518.1714286,-515.3
2019/9/11,2019,9,-515.3,-515.3
2019/9/12,2019,9,-515.3,-515.3
2019/9/13,2019,9,-515.3,-515.3
2019/9/16,2019,9,-515.3,-515.3
2019/9/17,2019,9,-515.3,-515.3
2019/9/18,2019,9,-515.3,-515.3
2019/9/19,2019,9,-515.3,-515.3
2019/9/20,2019,9,-515.3,-515.3
2019/9/23,2019,9,-515.3,-515.3
2019/9/24,2019,9,-515.3,-515.3
2019/9/25,2019,9,-515.3,-515.3
2019/9/26,2019,9,-515.3,-515.3
2019/9/27,2019,9,-515.3,-515.3
2019/9/30,2019,9,-515.3,-515.3
2019/10/1,2019,10,-509.3571429,-473.7
2019/10/2,2019,10,-503.4142857,-473.7
2019/10/3,2019,10,-497.4714286,-473.7
2019/10/4,2019,10,-491.5285714,-473.7
2019/10/7,2019,10,-485.5857143,-473.7
2019/10/8,2019,10,-479.6428571,-473.7
2019/10/9,2019,10,-473.7,-473.7
2019/10/10,2019,10,-473.7,-473.7
2019/10/11,2019,10,-473.7,-473.7
2019/10/14,2019,10,-473.7,-473.7
2019/10/15,2019,10,-473.7,-473.7
2019/10/16,2019,10,-473.7,-473.7
2019/10/17,2019,10,-473.7,-473.7
2019/10/18,2019,10,-473.7,-473.7
2019/10/21,2019,10,-473.7,-473.7
2019/10/22,2019,10,-473.7,-473.7
2019/10/23,2019,10,-473.7,-473.7
2019/10/24,2019,10,-473.7,-473.7
2019/10/25,2019,10,-473.7,-473.7
2019/10/28,2019,10,-473.7,-473.7
2019/10/29,2019,10,-473.7,-473.7
2019/10/30,2019,10,-473.7,-473.7
2019/10/31,2019,10,-473.7,-473.7
2019/11/1,2019,11,-468.4428571,-436.9
2019/11/4,2019,11,-463.1857143,-436.9
2019/11/5,2019,11,-457.9285714,-436.9
2019/11/6,2019,11,-452.6714286,-436.9
2019/11/7,2019,11,-447.4142857,-436.9
2019/11/8,2019,11,-442.1571429,-436.9
2019/11/11,2019,11,-436.9,-436.9
2019/11/12,2019,11,-436.9,-436.9
2019/11/13,2019,11,-436.9,-436.9
2019/11/14,2019,11,-436.9,-436.9
2019/11/15,2019,11,-436.9,-436.9
2019/11/18,2019,11,-436.9,-436.9
2019/11/19,2019,11,-436.9,-436.9
2019/11/20,2019,11,-436.9,-436.9
2019/11/21,2019,11,-436.9,-436.9
2019/11/22,2019,11,-436.9,-436.9
2019/11/25,2019,11,-436.9,-436.9
2019/11/26,2019,11,-436.9,-436.9
2019/11/27,2019,11,-436.9,-436.9
2019/11/29,2019,11,-436.9,-436.9
2019/12/2,2019,12,-443.9285714,-486.1
2019/12/3,2019,12,-450.9571429,-486.1
2019/12/4,2019,12,-457.9857143,-486.1
2019/12/5,2019,12,-465.0142857,-486.1
2019/12/6,2019,12,-472.0428571,-486.1
2019/12/9,2019,12,-479.0714286,-486.1
2019/12/10,2019,12,-486.1,-486.1
2019/12/11,2019,12,-486.1,-486.1
2019/12/12,2019,12,-486.1,-486.1
2019/12/13,2019,12,-486.1,-486.1
2019/12/16,2019,12,-486.1,-486.1
2019/12/17,2019,12,-486.1,-486.1
2019/12/18,2019,12,-486.1,-486.1
2019/12/19,2019,12,-486.1,-486.1
2019/12/20,2019,12,-486.1,-486.1
2019/12/23,2019,12,-486.1,-486.1
2019/12/24,2019,12,-486.1,-486.1
2019/12/26,2019,12,-486.1,-486.1
2019/12/27,2019,12,-486.1,-486.1
2019/12/30,2019,12,-486.1,-486.1
2019/12/31,2019,12,-486.1,-486.1
2020/1/2,2020,1,-476.7142857,-420.4
2020/1/3,2020,1,-467.3285714,-420.4
2020/1/6,2020,1,-457.9428571,-420.4
2020/1/7,2020,1,-448.5571429,-420.4
2020/1/8,2020,1,-439.1714286,-420.4
2020/1/9,2020,1,-429.7857143,-420.4
2020/1/10,2020,1,-420.4,-420.4
2020/1/13,2020,1,-420.4,-420.4
2020/1/14,2020,1,-420.4,-420.4
2020/1/15,2020,1,-420.4,-420.4
2020/1/16,2020,1,-420.4,-420.4
2020/1/17,2020,1,-420.4,-420.4
2020/1/21,2020,1,-420.4,-420.4
2020/1/22,2020,1,-420.4,-420.4
2020/1/23,2020,1,-420.4,-420.4
2020/1/24,2020,1,-420.4,-420.4
2020/1/27,2020,1,-420.4,-420.4
2020/1/28,2020,1,-420.4,-420.4
2020/1/29,2020,1,-420.4,-420.4
2020/1/30,2020,1,-420.4,-420.4
2020/1/31,2020,1,-420.4,-420.4
2020/2/3,2020,2,-409.8714286,-346.7
2020/2/4,2020,2,-399.3428571,-346.7
2020/2/5,2020,2,-388.8142857,-346.7
2020/2/6,2020,2,-378.2857143,-346.7
2020/2/7,2020,2,-367.7571429,-346.7
2020/2/10,2020,2,-357.2285714,-346.7
2020/2/11,2020,2,-346.7,-346.7
2020/2/12,2020,2,-346.7,-346.7
2020/2/13,2020,2,-346.7,-346.7
2020/2/14,2020,2,-346.7,-346.7
2020/2/18,2020,2,-346.7,-346.7
2020/2/19,2020,2,-346.7,-346.7
2020/2/20,2020,2,-346.7,-346.7
2020/2/21,2020,2,-346.7,-346.7
2020/2/24,2020,2,-346.7,-346.7
2020/2/25,2020,2,-346.7,-346.7
2020/2/26,2020,2,-346.7,-346.7
2020/2/27,2020,2,-346.7,-346.7
2020/2/28,2020,2,-346.7,-346.7
2020/3/2,2020,3,-357.6571429,-423.4
2020/3/3,2020,3,-368.6142857,-423.4
2020/3/4,2020,3,-379.5714286,-423.4
2020/3/5,2020,3,-390.5285714,-423.4
2020/3/6,2020,3,-401.4857143,-423.4
2020/3/9,2020,3,-412.4428571,-423.4
2020/3/10,2020,3,-423.4,-423.4
2020/3/11,2020,3,-423.4,-423.4
2020/3/12,2020,3,-423.4,-423.4
2020/3/13,2020,3,-423.4,-423.4
2020/3/16,2020,3,-423.4,-423.4
2020/3/17,2020,3,-423.4,-423.4
2020/3/18,2020,3,-423.4,-423.4
2020/3/19,2020,3,-423.4,-423.4
2020/3/20,2020,3,-423.4,-423.4
2020/3/23,2020,3,-423.4,-423.4
2020/3/24,2020,3,-423.4,-423.4
2020/3/25,2020,3,-423.4,-423.4
2020/3/26,2020,3,-423.4,-423.4
2020/3/27,2020,3,-423.4,-423.4
2020/3/30,2020,3,-423.4,-423.4
2020/3/31,2020,3,-423.4,-423.4
2020/4/1,2020,4,-439.4571429,-535.8
2020/4/2,2020,4,-455.5142857,-535.8
2020/4/3,2020,4,-471.5714286,-535.8
2020/4/6,2020,4,-487.6285714,-535.8
2020/4/7,2020,4,-503.6857143,-535.8
2020/4/8,2020,4,-519.7428571,-535.8
2020/4/9,2020,4,-535.8,-535.8
2020/4/13,2020,4,-535.8,-535.8
2020/4/14,2020,4,-535.8,-535.8
2020/4/15,2020,4,-535.8,-535.8
2020/4/16,2020,4,-535.8,-535.8
2020/4/17,2020,4,-535.8,-535.8
2020/4/20,2020,4,-535.8,-535.8
2020/4/21,2020,4,-535.8,-535.8
2020/4/22,2020,4,-535.8,-535.8
2020/4/23,2020,4,-535.8,-535.8
2020/4/24,2020,4,-535.8,-535.8
2020/4/27,2020,4,-535.8,-535.8
2020/4/28,2020,4,-535.8,-535.8
2020/4/29,2020,4,-535.8,-535.8
2020/4/30,2020,4,-535.8,-535.8
2020/5/1,2020,5,-541.9142857,-578.6
2020/5/4,2020,5,-548.0285714,-578.6
2020/5/5,2020,5,-554.1428571,-578.6
2020/5/6,2020,5,-560.2571429,-578.6
2020/5/7,2020,5,-566.3714286,-578.6
2020/5/8,2020,5,-572.4857143,-578.6
2020/5/11,2020,5,-578.6,-578.6
2020/5/12,2020,5,-578.6,-578.6
2020/5/13,2020,5,-578.6,-578.6
2020/5/14,2020,5,-578.6,-578.6
2020/5/15,2020,5,-578.6,-578.6
2020/5/18,2020,5,-578.6,-578.6
2020/5/19,2020,5,-578.6,-578.6
2020/5/20,2020,5,-578.6,-578.6
2020/5/21,2020,5,-578.6,-578.6
2020/5/22,2020,5,-578.6,-578.6
2020/5/26,2020,5,-578.6,-578.6
2020/5/27,2020,5,-578.6,-578.6
2020/5/28,2020,5,-578.6,-578.6
2020/5/29,2020,5,-578.6,-578.6
2020/6/1,2020,6,-572.3142857,-534.6
2020/6/2,2020,6,-566.0285714,-534.6
2020/6/3,2020,6,-559.7428571,-534.6
2020/6/4,2020,6,-553.4571429,-534.6
2020/6/5,2020,6,-547.1714286,-534.6
2020/6/8,2020,6,-540.8857143,-534.6
2020/6/9,2020,6,-534.6,-534.6
2020/6/10,2020,6,-534.6,-534.6
2020/6/11,2020,6,-534.6,-534.6
2020/6/12,2020,6,-534.6,-534.6
2020/6/15,2020,6,-534.6,-534.6
2020/6/16,2020,6,-534.6,-534.6
2020/6/17,2020,6,-534.6,-534.6
2020/6/18,2020,6,-534.6,-534.6
2020/6/19,2020,6,-534.6,-534.6
2020/6/22,2020,6,-534.6,-534.6
2020/6/23,2020,6,-534.6,-534.6
2020/6/24,2020,6,-534.6,-534.6
2020/6/25,2020,6,-534.6,-534.6
2020/6/26,2020,6,-534.6,-534.6
2020/6/29,2020,6,-534.6,-534.6
2020/6/30,2020,6,-534.6,-534.6
2020/7/1,2020,7,-548.7571429,-633.7
2020/7/2,2020,7,-562.9142857,-633.7
2020/7/6,2020,7,-577.0714286,-633.7
2020/7/7,2020,7,-591.2285714,-633.7
2020/7/8,2020,7,-605.3857143,-633.7
2020/7/9,2020,7,-619.5428571,-633.7
2020/7/10,2020,7,-633.7,-633.7
2020/7/13,2020,7,-633.7,-633.7
2020/7/14,2020,7,-633.7,-633.7
2020/7/15,2020,7,-633.7,-633.7
2020/7/16,2020,7,-633.7,-633.7
2020/7/17,2020,7,-633.7,-633.7
2020/7/20,2020,7,-633.7,-633.7
2020/7/21,2020,7,-633.7,-633.7
2020/7/22,2020,7,-633.7,-633.7
2020/7/23,2020,7,-633.7,-633.7
2020/7/24,2020,7,-633.7,-633.7
2020/7/27,2020,7,-633.7,-633.7
2020/7/28,2020,7,-633.7,-633.7
2020/7/29,2020,7,-633.7,-633.7
2020/7/30,2020,7,-633.7,-633.7
2020/7/31,2020,7,-633.7,-633.7
2020/8/3,2020,8,-638.9428571,-670.4
2020/8/4,2020,8,-644.1857143,-670.4
2020/8/5,2020,8,-649.4285714,-670.4
2020/8/6,2020,8,-654.6714286,-670.4
2020/8/7,2020,8,-659.9142857,-670.4
2020/8/10,2020,8,-665.1571429,-670.4
2020/8/11,2020,8,-670.4,-670.4
2020/8/12,2020,8,-670.4,-670.4
2020/8/13,2020,8,-670.4,-670.4
2020/8/14,2020,8,-670.4,-670.4
2020/8/17,2020,8,-670.4,-670.4
2020/8/18,2020,8,-670.4,-670.4
2020/8/19,2020,8,-670.4,-670.4
2020/8/20,2020,8,-670.4,-670.4
2020/8/21,2020,8,-670.4,-670.4
2020/8/24,2020,8,-670.4,-670.4
2020/8/25,2020,8,-670.4,-670.4
2020/8/26,2020,8,-670.4,-670.4
2020/8/27,2020,8,-670.4,-670.4
2020/8/28,2020,8,-670.4,-670.4
2020/8/31,2020,8,-670.4,-670.4
2020/9/1,2020,9,-665.8571429,-638.6
2020/9/2,2020,9,-661.3142857,-638.6
2020/9/3,2020,9,-656.7714286,-638.6
2020/9/4,2020,9,-652.2285714,-638.6
2020/9/8,2020,9,-647.6857143,-638.6
2020/9/9,2020,9,-643.1428571,-638.6
2020/9/10,2020,9,-638.6,-638.6
2020/9/11,2020,9,-638.6,-638.6
2020/9/14,2020,9,-638.6,-638.6
2020/9/15,2020,9,-638.6,-638.6
2020/9/16,2020,9,-638.6,-638.6
2020/9/17,2020,9,-638.6,-638.6
2020/9/18,2020,9,-638.6,-638.6
2020/9/21,2020,9,-638.6,-638.6
2020/9/22,2020,9,-638.6,-638.6
2020/9/23,2020,9,-638.6,-638.6
2020/9/24,2020,9,-638.6,-638.6
2020/9/25,2020,9,-638.6,-638.6
2020/9/28,2020,9,-638.6,-638.6
2020/9/29,2020,9,-638.6,-638.6
2020/9/30,2020,9,-638.6,-638.6
2020/10/1,2020,10,-638.6,-643.037931
2020/10/2,2020,10,-639.2339901,-690.2675667
2020/10/5,2020,10,-646.6150711,-626.1268407
2020/10/6,2020,10,-644.8331912,-523.1429707
2020/10/7,2020,10,-628.3393299,-631.5814768
2020/10/8,2020,10,-627.3366837,-624.6397749
2020/10/9,2020,10,-625.3423658,-617.7894105
2020/10/12,2020,10,-622.3694245,-608.4917189
2020/10/13,2020,10,-617.4342513,-609.7755495
2020/10/14,2020,10,-605.9353917,-605.6534784
2020/10/15,2020,10,-603.0106257,-606.53584
2020/10/16,2020,10,-614.9238927,-603.9445948
2020/10/19,2020,10,-610.9757667,-603.3540093
2020/10/20,2020,10,-607.9349431,-605.3493724
2020/10/21,2020,10,-606.1577948,-608.9429617
2020/10/22,2020,10,-606.222258,-602.6147163
2020/10/23,2020,10,-605.1992818,-602.5610232
2020/10/26,2020,10,-604.7575025,-602.6571254
2020/10/27,2020,10,-604.2034004,-604.4372267
2020/10/28,2020,10,-604.2737764,-601.8252399
2020/10/29,2020,10,-604.0553808,-599.802188
2020/10/30,2020,10,-603.2629259,-604.6193439
2020/11/2,2020,11,-602.6452662,-522.1496652
2020/11/3,2020,11,-591.1502589,-521.9396082
2020/11/4,2020,11,-579.6329139,-516.3277433
2020/11/5,2020,11,-567.300145,-523.9291027
2020/11/6,2020,11,-555.7989845,-536.2155519
2020/11/9,2020,11,-546.4261719,-541.9795723
2020/11/10,2020,11,-538.1657982,-532.2620701
2020/11/11,2020,11,-527.8290448,-528.3156379
2020/11/12,2020,11,-528.7098981,-527.8421519
2020/11/13,2020,11,-529.5531186,-524.8399137
2020/11/16,2020,11,-530.769143,-523.171725
2020/11/17,2020,11,-530.6609461,-529.533504
2020/11/18,2020,11,-529.7063679,-529.6071836
2020/11/19,2020,11,-527.9388838,-528.8295094
2020/11/20,2020,11,-527.4485179,-529.1383173
2020/11/23,2020,11,-527.5660436,-523.6638485
2020/11/24,2020,11,-526.9691431,-524.4393485
2020/11/25,2020,11,-526.9119195,-528.3663547
2020/11/26,2020,11,-527.6540094,-523.8990001
2020/11/27,2020,11,-526.8490803,-524.6592212
2020/11/28,2020,11,-526.1422285,-523.4150451
2020/11/29,2020,11,-525.3687336,-432.474868
2020/11/30,2020,11,-511.5596694,-440.7575244
2020/12/1,2020,12,-499.7159089,-436.9871053
2020/12/2,2020,12,-487.2227313,-437.0536471
2020/12/3,2020,12,-474.1780588,-445.8616612
2020/12/4,2020,12,-463.0298675,-453.352092
2020/12/5,2020,12,-452.8431347,-454.4326376
2020/12/6,2020,12,-442.9885051,-448.964597
2020/12/7,2020,12,-445.3441807,-450.2135673
2020/12/8,2020,12,-446.6950439,-450.5642279
2020/12/9,2020,12,-448.6346329,-449.4614831
2020/12/10,2020,12,-450.4071809,-450.6619
2020/12/11,2020,12,-451.0929293,-449.4610868
2020/12/12,2020,12,-450.5370714,-451.2332054
2020/12/13,2020,12,-450.0800096,-450.9125284
2020/12/14,2020,12,-450.3582856,-448.1022648
2020/12/15,2020,12,-450.0566709,-453.5337612
2020/12/16,2020,12,-450.48089,-450.5995374
2020/12/17,2020,12,-450.6434692,-452.0987579
2020/12/18,2020,12,-450.8487346,-519.0843642
2020/12/19,2020,12,-460.794917,-528.2702949
2020/12/20,2020,12,-471.8002155,-523.5987247
2020/12/21,2020,12,-482.1839579,-512.1108738
2020/12/22,2020,12,-491.3280449,-503.8761199
2020/12/23,2020,12,-498.5198104,-493.9417023
2020/12/24,2020,12,-504.7115482,-496.6813008
2020/12/25,2020,12,-511.0804829,-494.2259851
2020/12/26,2020,12,-507.5292859,-496.1165391
2020/12/27,2020,12,-502.9358922,-496.2516269
2020/12/28,2020,12,-499.029164,-486.4830887
2020/12/29,2020,12,-495.3680518,-481.4318411
2020/12/30,2020,12,-492.1617263,-482.010821
2020/12/31,2020,12,-490.4573147,-481.777139
2021/1/1,2021,1,-488.3281487,-478.8767112
2021/1/2,2021,1,-486.1353953,-480.2990788
2021/1/3,2021,1,-483.8757581,-479.4828527
2021/1/4,2021,1,-481.4802189,-476.3642895
2021/1/5,2021,1,-480.0346762,-476.1629435
2021/1/6,2021,1,-479.2819765,-475.8909767
2021/1/7,2021,1,-478.4077131,-475.5680338
2021/1/8,2021,1,-477.520698,-475.2846084
2021/1/9,2021,1,-477.0075405,-561.2891144
2021/1/10,2021,1,-488.5775456,-557.1994982
2021/1/11,2021,1,-499.6799235,-552.4979368
2021/1/12,2021,1,-510.5561588,-552.0268068
2021/1/13,2021,1,-521.3938536,-548.4483234
2021/1/14,2021,1,-531.7591888,-536.7389518
2021/1/15,2021,1,-540.4978914,-531.4495358
2021/1/16,2021,1,-548.5214525,-561.5473416
2021/1/17,2021,1,-548.5583421,-560.8598265
2021/1/18,2021,1,-549.0812461,-562.6338538
2021/1/19,2021,1,-550.5292342,-560.0574182
2021/1/20,2021,1,-551.6764645,-561.3361679
2021/1/21,2021,1,-553.5175851,-561.7704371
2021/1/22,2021,1,-557.0935116,-560.5973025
2021/1/23,2021,1,-561.2574782,-560.8471732
2021/1/24,2021,1,-561.1574542,-560.9929614
2021/1/25,2021,1,-561.1764735,-562.2614597
2021/1/26,2021,1,-561.1232743,-559.4231516
2021/1/27,2021,1,-561.0326648,-560.4358286
2021/1/28,2021,1,-560.9040449,-561.9725404
2021/1/29,2021,1,-560.9329168,-559.6507379
2021/1/30,2021,1,-560.7976932,-598.7943928
2021/1/31,2021,1,-566.2187246,-591.7295118
2021/2/1,2021,2,-570.6096604,-587.4525415
2021/2/2,2021,2,-574.2083863,-582.200686
2021/2/3,2021,2,-577.4623198,-576.8719835
2021/2/4,2021,2,-579.810342,-571.4300297
2021/2/5,2021,2,-581.1614119,-564.5779868
2021/2/6,2021,2,-581.8653046,-565.6019612
2021/2/7,2021,2,-577.1235286,-564.6630502
2021/2/8,2021,2,-573.2568913,-562.91351
2021/2/9,2021,2,-569.7513153,-563.8300555
2021/2/10,2021,2,-567.1269395,-562.6950643
2021/2/11,2021,2,-565.1016654,-563.695586
2021/2/12,2021,2,-563.9967448,-564.7436443
2021/2/13,2021,2,-564.0204102,-564.6297978
2021/2/14,2021,2,-563.8815297,-565.6179563
2021/2/15,2021,2,-564.0179449,-563.7584706
2021/2/16,2021,2,-564.1386535,-563.2481671
2021/2/17,2021,2,-564.0555266,-564.0759209
2021/2/18,2021,2,-564.2527919,-563.0660578
2021/2/19,2021,2,-564.1628593,-523.7492403
2021/2/20,2021,2,-558.3065158,-529.8526009
2021/2/21,2021,2,-553.3383448,-534.8067148
2021/2/22,2021,2,-548.9367389,-542.4341816
2021/2/23,2021,2,-545.8904119,-539.7905195
2021/2/24,2021,2,-542.5393194,-524.6612225
2021/2/25,2021,2,-536.9086482,-528.3909611
2021/2/26,2021,2,-531.955063,-528.9672231
2021/2/27,2021,2,-532.7004891,-529.6832777
2021/2/28,2021,2,-532.6763,-528.9900696
2021/3/1,2021,3,-531.8453507,-527.9834763
2021/3/2,2021,3,-529.7809643,-526.7620414
2021/3/3,2021,3,-527.9197531,-524.439251
2021/3/4,2021,3,-527.8880429,-522.164677
2021/3/5,2021,3,-526.9985737,-522.2085554
2021/3/6,2021,3,-526.0330498,-522.2367397
2021/3/7,2021,3,-524.9692586,-521.4845335
2021/3/8,2021,3,-523.8970392,-521.415596
2021/3/9,2021,3,-522.9587706,-522.3515205
2021/3/10,2021,3,-522.3286962,-520.2152901
2021/3/11,2021,3,-521.7252732,-521.3136156
2021/3/12,2021,3,-521.603693,-521.5574062
2021/3/13,2021,3,-521.5106717,-591.6431501
2021/3/14,2021,3,-531.4258732,-583.3469493
2021/3/15,2021,3,-540.2633611,-576.3687508
2021/3/16,2021,3,-548.1138118,-596.858106
2021/3/17,2021,3,-558.7576097,-587.7814036
2021/3/18,2021,3,-568.4099117,-575.3893856
2021/3/19,2021,3,-576.1350217,-562.904048
2021/3/20,2021,3,-582.0416848,-562.5250355
2021/3/21,2021,3,-577.8819541,-564.8357792
2021/3/22,2021,3,-575.2375012,-563.287963
2021/3/23,2021,3,-573.3688173,-563.1753845
2021/3/24,2021,3,-568.5569999,-563.3615137
2021/3/25,2021,3,-565.0684442,-562.5264523
2021/3/26,2021,3,-563.2308823,-564.0290083
2021/3/27,2021,3,-563.3915909,-562.2747905
2021/3/28,2021,3,-563.3558416,-561.9444964
2021/3/29,2021,3,-562.9428013,-563.209448
2021/3/30,2021,3,-562.9315848,-563.8547243
2021/3/31,2021,3,-563.0286334,-563.5623316
2021/4/1,2021,4,-563.0573216,-561.9693705
2021/4/2,2021,4,-562.9777385,-562.903285
2021/4/3,2021,4,-562.8169209,-562.9478073
2021/4/4,2021,4,-562.9130662,-590.3599114
2021/4/5,2021,4,-566.9724112,-584.1151413
2021/4/6,2021,4,-569.9589388,-580.1211303
2021/4/7,2021,4,-572.2827111,-577.5119063
2021/4/8,2021,4,-574.2755075,-573.8678144
2021/4/9,2021,4,-575.9752851,-566.6829932
2021/4/10,2021,4,-576.5152435,-564.5072355
2021/4/11,2021,4,-576.7380189,-564.2105317
2021/4/12,2021,4,-573.0023932,-563.2775545
2021/4/13,2021,4,-570.0255951,-563.6566853
2021/4/14,2021,4,-567.6735316,-563.0686834
2021/4/15,2021,4,-565.610214,-562.5615081
2021/4/16,2021,4,-563.9950274,-562.9520764
2021/4/17,2021,4,-563.4620393,-563.2996213
2021/4/18,2021,4,-563.2895229,-562.5380137
2021/4/19,2021,4,-563.0505918,-563.5173019
2021/4/20,2021,4,-563.0848414,-564.0180111
2021/4/21,2021,4,-563.1364594,-563.3351863
2021/4/22,2021,4,-563.1745313,-562.5703091
2021/4/23,2021,4,-563.1757886,-563.3246772
2021/4/24,2021,4,-563.2290172,-563.1928653
2021/4/25,2021,4,-563.2137664,-538.9811653
2021/4/26,2021,4,-559.8485023,-543.0202975
2021/4/27,2021,4,-556.9203588,-546.5853474
2021/4/28,2021,4,-554.4299783,-550.9677633
2021/4/29,2021,4,-552.6632036,-553.1465555
2021/4/30,2021,4,-551.3169531,-559.2548385
2021/5/1,2021,5,-550.7355476,-562.0333687
2021/5/2,2021,5,-550.5699052,-562.9316468
2021/5/3,2021,5,-553.9914025,-562.7936442
2021/5/4,2021,5,-556.8161663,-561.9418204
2021/5/5,2021,5,-559.0099482,-561.7583835
2021/5/6,2021,5,-560.5514654,-562.3006118
2021/5/7,2021,5,-561.8591877,-562.5903464
2021/5/8,2021,5,-562.3356888,-562.1542476
2021/5/9,2021,5,-562.3529572,-563.9406361
2021/5/10,2021,5,-562.4970986,-562.8643733
2021/5/11,2021,5,-562.5072027,-563.2343724
2021/5/12,2021,5,-562.691853,-563.3859405
2021/5/13,2021,5,-562.9243612,-562.8897393
2021/5/14,2021,5,-563.0085222,-563.8055687
2021/5/15,2021,5,-563.1821254,-562.3594928
2021/5/16,2021,5,-563.2114462,-563.6043751
2021/5/17,2021,5,-563.1634089,-563.1018718
2021/5/18,2021,5,-563.1973372,-563.0806771
2021/5/19,2021,5,-563.1753808,-564.2007482
2021/5/20,2021,5,-563.2917819,-562.8534544
2021/5/21,2021,5,-563.2865983,-562.7188074
2021/5/22,2021,5,-563.1313467,-562.975547
2021/5/23,2021,5,-563.2193544,-562.7384039
2021/5/24,2021,5,-563.0956443,-562.9377636
2021/5/25,2021,5,-563.0722002,-562.7906938
2021/5/26,2021,5,-563.0307741,-562.8693904
2021/5/27,2021,5,-562.8405801,-563.0563022
2021/5/28,2021,5,-562.8695583,-563.3312881
2021/5/29,2021,5,-562.9570556,-563.0950009
2021/5/30,2021,5,-562.9741204,-562.6313033
2021/5/31,2021,5,-562.9588204,-562.5258346
2021/6/1,2021,6,-562.8999733,-562.8217923
2021/6/2,2021,6,-562.904416,-563.5046253
2021/6/3,2021,6,-562.9951638,-563.062627
2021/6/4,2021,6,-562.9960674,-562.4150892
2021/6/5,2021,6,-562.8651818,-562.445261
2021/6/6,2021,6,-562.7723618,-562.7802873
2021/6/7,2021,6,-562.7936452,-562.834405
2021/6/8,2021,6,-562.8377267,-563.7473661
2021/6/9,2021,6,-562.9699515,-563.2568017
2021/6/10,2021,6,-562.9345482,-563.2691063
2021/6/11,2021,6,-562.9640452,-562.8055102
2021/6/12,2021,6,-563.0198197,-562.6924179
2021/6/13,2021,6,-563.0551278,-562.1752082
2021/6/14,2021,6,-562.9686879,-562.5745115
2021/6/15,2021,6,-562.9315603,-563.2909207
2021/6/16,2021,6,-562.8663538,-562.5202984
2021/6/17,2021,6,-562.761139,-563.440556
2021/6/18,2021,6,-562.7856319,-563.1035688
2021/6/19,2021,6,-562.8282116,-562.3095092
2021/6/20,2021,6,-562.7735104,-562.3249885
2021/6/21,2021,6,-562.7949076,-562.4459562
2021/6/22,2021,6,-562.7765425,-562.8214101
2021/6/23,2021,6,-562.7094696,-562.882694
2021/6/24,2021,6,-562.7612404,-563.3338804
2021/6/25,2021,6,-562.746001,-562.7411484
2021/6/26,2021,6,-562.6942267,-562.8722478
2021/6/27,2021,6,-562.7746179,-563.6338375
2021/6/28,2021,6,-562.9615963,-563.3774244
2021/6/29,2021,6,-563.0946632,-563.0681854
2021/6/30,2021,6,-563.1299169,-562.2951255
2021/7/1,2021,7,-563.0459785,-563.5875498
2021/7/2,2021,7,-563.082217,-562.835604
2021/7/3,2021,7,-563.0957106,-563.3554365
2021/7/4,2021,7,-563.1647376,-563.7560442
2021/7/5,2021,7,-563.1821957,-562.8509249
2021/7/6,2021,7,-563.1069815,-563.0313423
2021/7/7,2021,7,-563.1017182,-562.7569486
2021/7/8,2021,7,-563.1676929,-563.624024
2021/7/9,2021,7,-563.1729035,-563.0012426
2021/7/10,2021,7,-563.1965662,-563.5407974
2021/7/11,2021,7,-563.2230463,-562.9192117
2021/7/12,2021,7,-563.1034988,-562.3978718
2021/7/13,2021,7,-563.0387769,-563.3085492
2021/7/14,2021,7,-563.0783779,-562.7755448
2021/7/15,2021,7,-563.0810345,-563.1774442
2021/7/16,2021,7,-563.0172374,-563.1693522
2021/7/17,2021,7,-563.041253,-562.5538075
2021/7/18,2021,7,-562.9002545,-562.8883161
2021/7/19,2021,7,-562.8958408,-563.46182
2021/7/20,2021,7,-563.0478334,-562.9922454
2021/7/21,2021,7,-563.0026472,-562.5268303
2021/7/22,2021,7,-562.9671165,-563.7523257
2021/7/23,2021,7,-563.0492425,-563.2472896
2021/7/24,2021,7,-563.0603764,-562.5784164
2021/7/25,2021,7,-563.0638919,-563.1708762
2021/7/26,2021,7,-563.1042577,-562.960183
2021/7/27,2021,7,-563.0325952,-563.7074104
2021/7/28,2021,7,-563.1347617,-562.5277757
2021/7/29,2021,7,-563.1348967,-563.0770008
2021/7/30,2021,7,-563.0384217,-564.1788458
2021/7/31,2021,7,-563.1715012,-563.3295329
2021/8/1,2021,8,-563.2788036,-562.7606037
2021/8/2,2021,8,-563.2201932,-563.3205406
2021/8/3,2021,8,-563.2716728,-563.0860084
2021/8/4,2021,8,-563.1829011,-563.2528138
2021/8/5,2021,8,-563.286478,-562.8279879
2021/8/6,2021,8,-563.2509047,-563.887395
2021/8/7,2021,8,-563.2092689,-562.7620206
2021/8/8,2021,8,-563.1281957,-562.9381326
2021/8/9,2021,8,-563.153557,-562.6694782
2021/8/10,2021,8,-563.0605481,-562.7312501
2021/8/11,2021,8,-563.0098683,-562.5680232
2021/8/12,2021,8,-562.9120411,-563.6501875
2021/8/13,2021,8,-563.0294982,-562.9290534
2021/8/14,2021,8,-562.8925922,-562.7607619
2021/8/15,2021,8,-562.8924124,-563.1626625
2021/8/16,2021,8,-562.9244881,-562.8177703
2021/8/17,2021,8,-562.9456727,-563.0446064
2021/8/18,2021,8,-562.9904379,-563.4380611
2021/8/19,2021,8,-563.114729,-563.0826932
2021/8/20,2021,8,-563.0336584,-563.2551855
2021/8/21,2021,8,-563.0802487,-562.6557574
2021/8/22,2021,8,-563.0652481,-562.3612088
2021/8/23,2021,8,-562.9507547,-562.9668438
2021/8/24,2021,8,-562.9720509,-562.9457877
2021/8/25,2021,8,-562.9579339,-563.0498176
2021/8/26,2021,8,-562.9024706,-562.843588
2021/8/27,2021,8,-562.8683127,-563.0947978
2021/8/28,2021,8,-562.8454002,-562.6727971
2021/8/29,2021,8,-562.8478344,-564.0449934
2021/8/30,2021,8,-563.0883751,-562.8486601
2021/8/31,2021,8,-563.0714917,-562.7206632
2021/9/1,2021,9,-563.039331,-562.635936
2021/9/2,2021,9,-562.9802051,-563.0648814
2021/9/3,2021,9,-563.0118184,-562.6438402
2021/9/4,2021,9,-562.9473959,-563.5806071
2021/9/5,2021,9,-563.077083,-563.7829376
2021/9/6,2021,9,-563.0396465,-563.0526636
2021/9/7,2021,9,-563.0687899,-562.8442041
2021/9/8,2021,9,-563.0864386,-563.3102483
2021/9/9,2021,9,-563.1827689,-563.036581
2021/9/10,2021,9,-563.178726,-562.8163345
2021/9/11,2021,9,-563.203368,-563.1909733
2021/9/12,2021,9,-563.147706,-563.2996131
2021/9/13,2021,9,-563.0786597,-562.8843827
2021/9/14,2021,9,-563.0546195,-563.5939927
2021/9/15,2021,9,-563.1617322,-562.9917003
2021/9/16,2021,9,-563.1162254,-562.9390026
2021/9/17,2021,9,-563.1022856,-562.7942867
2021/9/18,2021,9,-563.0991359,-563.2893647
2021/9/19,2021,9,-563.1131918,-562.589917
2021/9/20,2021,9,-563.0118067,-563.2522227
2021/9/21,2021,9,-563.0643553,-563.4104498
2021/9/22,2021,9,-563.0381348,-563.2587772
2021/9/23,2021,9,-563.0762887,-563.015158
2021/9/24,2021,9,-563.087168,-563.5572703
2021/9/25,2021,9,-563.1961657,-563.078083
2021/9/26,2021,9,-563.1659826,-563.1482382
2021/9/27,2021,9,-563.2457427,-562.919738
2021/9/28,2021,9,-563.1982449,-563.1445337
2021/9/29,2021,9,-563.1602569,-563.3100197
2021/9/30,2021,9,-563.1675773,-562.7984779
2021/10/1,2021,10,-563.136623,-562.7840437
2021/10/2,2021,10,-563.0261621,-563.1083578
2021/10/3,2021,10,-563.030487,-563.0336631
2021/10/4,2021,10,-563.0141191,-563.112304
2021/10/5,2021,10,-563.0416286,-563.4245304
2021/10/6,2021,10,-563.0816281,-563.0569882
2021/10/7,2021,10,-563.0454807,-562.9009528
2021/10/8,2021,10,-563.06012,-563.3225521
2021/10/9,2021,10,-563.1370498,-562.9277779
2021/10/10,2021,10,-563.1112526,-563.7660086
2021/10/11,2021,10,-563.2158734,-563.3665144
2021/10/12,2021,10,-563.2521892,-562.9171499
2021/10/13,2021,10,-563.1797063,-562.9971667
2021/10/14,2021,10,-563.1711603,-562.8864952
2021/10/15,2021,10,-563.169095,-562.991749
2021/10/16,2021,10,-563.1218374,-563.1067846
2021/10/17,2021,10,-563.1474098,-563.2610469
2021/10/18,2021,10,-563.0752724,-562.9569141
2021/10/19,2021,10,-563.0167581,-563.3046935
2021/10/20,2021,10,-563.0721214,-562.9633562
2021/10/21,2021,10,-563.0672914,-563.0673293
2021/10/22,2021,10,-563.0931248,-563.2853029
2021/10/23,2021,10,-563.1350611,-562.9171793
2021/10/24,2021,10,-563.1079746,-562.5967051
2021/10/25,2021,10,-563.0130687,-562.9081339
2021/10/26,2021,10,-563.0061,-562.8522671
2021/10/27,2021,10,-562.9414677,-562.8087192
2021/10/28,2021,10,-562.9193767,-563.0912214
2021/10/29,2021,10,-562.9227898,-562.8684543
2021/10/30,2021,10,-562.86324,-562.9510332
2021/10/31,2021,10,-562.8680763,-563.25879
2021/11/1,2021,11,-562.9626598,-562.71072
2021/11/2,2021,11,-562.9344579,-563.6190816
2021/11/3,2021,11,-563.0440028,-562.8667611
2021/11/4,2021,11,-563.0522945,-562.8364595
2021/11/5,2021,11,-563.0159,-563.1709171
2021/11/6,2021,11,-563.0591089,-562.9463558
2021/11/7,2021,11,-563.0584407,-563.3451423
2021/11/8,2021,11,-563.0707768,-562.7680816
2021/11/9,2021,11,-563.0789713,-562.9154237
2021/11/10,2021,11,-562.9784487,-562.8894784
2021/11/11,2021,11,-562.9816941,-562.5343251
2021/11/12,2021,11,-562.938532,-563.1706169
2021/11/13,2021,11,-562.9384891,-563.0642482
2021/11/14,2021,11,-562.9553309,-563.3697269
2021/11/15,2021,11,-562.958843,-563.1189305
2021/11/16,2021,11,-563.0089642,-563.0761085
2021/11/17,2021,11,-563.0319192,-563.1966855
2021/11/18,2021,11,-563.075806,-563.3348876
2021/11/19,2021,11,-563.190172,-562.8433034
2021/11/20,2021,11,-563.1434129,-563.3064034
2021/11/21,2021,11,-563.1780066,-563.2235865
2021/11/22,2021,11,-563.1571294,-562.9743478
2021/11/23,2021,11,-563.1364747,-563.1201178
2021/11/24,2021,11,-563.1427617,-563.1868452
2021/11/25,2021,11,-563.141356,-563.0949172
2021/11/26,2021,11,-563.1070745,-562.8800137
2021/11/27,2021,11,-563.1123188,-562.9676143
2021/11/28,2021,11,-563.0639204,-563.3570547
